seed,steady_state_step,framework,phase,threshold,true_positive,false_positive,false_negative,true_negative,precision,recall,specificity,f1_score,balanced_accuracy,event_coverage,volume_coverage,eligible_success_rate
7000,599,DBL,coarse_and_refined,0.0,1365,8635,0,0,0.1365,1.0,0.0,0.24021117465904093,0.5,1.0,1.0,0.1365
7000,599,DBL,refined,0.01,1365,8635,0,0,0.1365,1.0,0.0,0.24021117465904093,0.5,1.0,1.0,0.1365
7000,599,DBL,refined,0.02,1365,8635,0,0,0.1365,1.0,0.0,0.24021117465904093,0.5,1.0,1.0,0.1365
7000,599,DBL,refined,0.03,1365,8635,0,0,0.1365,1.0,0.0,0.24021117465904093,0.5,1.0,1.0,0.1365
7000,599,DBL,refined,0.04,1365,8635,0,0,0.1365,1.0,0.0,0.24021117465904093,0.5,1.0,1.0,0.1365
7000,599,DBL,refined,0.05,1365,8635,0,0,0.1365,1.0,0.0,0.24021117465904093,0.5,1.0,1.0,0.1365
7000,599,DBL,refined,0.06,1365,8635,0,0,0.1365,1.0,0.0,0.24021117465904093,0.5,1.0,1.0,0.1365
7000,599,DBL,refined,0.07,1365,8635,0,0,0.1365,1.0,0.0,0.24021117465904093,0.5,1.0,1.0,0.1365
7000,599,DBL,refined,0.08,1365,8635,0,0,0.1365,1.0,0.0,0.24021117465904093,0.5,1.0,1.0,0.1365
7000,599,DBL,refined,0.09,1365,8635,0,0,0.1365,1.0,0.0,0.24021117465904093,0.5,1.0,1.0,0.1365
7000,599,DBL,coarse_and_refined,0.1,1365,8635,0,0,0.1365,1.0,0.0,0.24021117465904093,0.5,1.0,1.0,0.1365
7000,599,DBL,coarse,0.2,0,0,1365,8635,0.0,0.0,1.0,0.0,0.5,0.0,0.0,0.0
7000,599,DBL,coarse,0.3,0,0,1365,8635,0.0,0.0,1.0,0.0,0.5,0.0,0.0,0.0
7000,599,DBL,coarse,0.4,0,0,1365,8635,0.0,0.0,1.0,0.0,0.5,0.0,0.0,0.0
7000,599,DBL,coarse,0.5,0,0,1365,8635,0.0,0.0,1.0,0.0,0.5,0.0,0.0,0.0
7000,599,DBL,coarse,0.6,0,0,1365,8635,0.0,0.0,1.0,0.0,0.5,0.0,0.0,0.0
7000,599,DBL,coarse,0.7,0,0,1365,8635,0.0,0.0,1.0,0.0,0.5,0.0,0.0,0.0
7000,599,DBL,coarse,0.8,0,0,1365,8635,0.0,0.0,1.0,0.0,0.5,0.0,0.0,0.0
7000,599,DBL,coarse,0.9,0,0,1365,8635,0.0,0.0,1.0,0.0,0.5,0.0,0.0,0.0
7000,599,DBL,coarse,1.0,0,0,1365,8635,0.0,0.0,1.0,0.0,0.5,0.0,0.0,0.0
7000,599,DMM,coarse_and_refined,0.0,1365,8635,0,0,0.1365,1.0,0.0,0.24021117465904093,0.5,1.0,1.0,0.1365
7000,599,DMM,refined,0.01,1365,8635,0,0,0.1365,1.0,0.0,0.24021117465904093,0.5,1.0,1.0,0.1365
7000,599,DMM,refined,0.02,1365,8635,0,0,0.1365,1.0,0.0,0.24021117465904093,0.5,1.0,1.0,0.1365
7000,599,DMM,refined,0.03,1365,8635,0,0,0.1365,1.0,0.0,0.24021117465904093,0.5,1.0,1.0,0.1365
7000,599,DMM,refined,0.04,1365,8635,0,0,0.1365,1.0,0.0,0.24021117465904093,0.5,1.0,1.0,0.1365
7000,599,DMM,refined,0.05,1365,8635,0,0,0.1365,1.0,0.0,0.24021117465904093,0.5,1.0,1.0,0.1365
7000,599,DMM,refined,0.06,1365,8635,0,0,0.1365,1.0,0.0,0.24021117465904093,0.5,1.0,1.0,0.1365
7000,599,DMM,refined,0.07,1365,8635,0,0,0.1365,1.0,0.0,0.24021117465904093,0.5,1.0,1.0,0.1365
7000,599,DMM,refined,0.08,1365,8635,0,0,0.1365,1.0,0.0,0.24021117465904093,0.5,1.0,1.0,0.1365
7000,599,DMM,refined,0.09,1365,8635,0,0,0.1365,1.0,0.0,0.24021117465904093,0.5,1.0,1.0,0.1365
7000,599,DMM,coarse_and_refined,0.1,1365,8635,0,0,0.1365,1.0,0.0,0.24021117465904093,0.5,1.0,1.0,0.1365
7000,599,DMM,coarse,0.2,0,0,1365,8635,0.0,0.0,1.0,0.0,0.5,0.0,0.0,0.0
7000,599,DMM,coarse,0.3,0,0,1365,8635,0.0,0.0,1.0,0.0,0.5,0.0,0.0,0.0
7000,599,DMM,coarse,0.4,0,0,1365,8635,0.0,0.0,1.0,0.0,0.5,0.0,0.0,0.0
7000,599,DMM,coarse,0.5,0,0,1365,8635,0.0,0.0,1.0,0.0,0.5,0.0,0.0,0.0
7000,599,DMM,coarse,0.6,0,0,1365,8635,0.0,0.0,1.0,0.0,0.5,0.0,0.0,0.0
7000,599,DMM,coarse,0.7,0,0,1365,8635,0.0,0.0,1.0,0.0,0.5,0.0,0.0,0.0
7000,599,DMM,coarse,0.8,0,0,1365,8635,0.0,0.0,1.0,0.0,0.5,0.0,0.0,0.0
7000,599,DMM,coarse,0.9,0,0,1365,8635,0.0,0.0,1.0,0.0,0.5,0.0,0.0,0.0
7000,599,DMM,coarse,1.0,0,0,1365,8635,0.0,0.0,1.0,0.0,0.5,0.0,0.0,0.0
7000,599,ISF,coarse_and_refined,0.0,1365,8635,0,0,0.1365,1.0,0.0,0.24021117465904093,0.5,1.0,1.0,0.1365
7000,599,ISF,refined,0.01,1365,8635,0,0,0.1365,1.0,0.0,0.24021117465904093,0.5,1.0,1.0,0.1365
7000,599,ISF,refined,0.02,1365,8635,0,0,0.1365,1.0,0.0,0.24021117465904093,0.5,1.0,1.0,0.1365
7000,599,ISF,refined,0.03,1365,8635,0,0,0.1365,1.0,0.0,0.24021117465904093,0.5,1.0,1.0,0.1365
7000,599,ISF,refined,0.04,1365,8635,0,0,0.1365,1.0,0.0,0.24021117465904093,0.5,1.0,1.0,0.1365
7000,599,ISF,refined,0.05,1365,8635,0,0,0.1365,1.0,0.0,0.24021117465904093,0.5,1.0,1.0,0.1365
7000,599,ISF,refined,0.06,1365,8635,0,0,0.1365,1.0,0.0,0.24021117465904093,0.5,1.0,1.0,0.1365
7000,599,ISF,refined,0.07,1365,8635,0,0,0.1365,1.0,0.0,0.24021117465904093,0.5,1.0,1.0,0.1365
7000,599,ISF,refined,0.08,1365,8635,0,0,0.1365,1.0,0.0,0.24021117465904093,0.5,1.0,1.0,0.1365
7000,599,ISF,refined,0.09,1365,8635,0,0,0.1365,1.0,0.0,0.24021117465904093,0.5,1.0,1.0,0.1365
7000,599,ISF,coarse_and_refined,0.1,1365,8635,0,0,0.1365,1.0,0.0,0.24021117465904093,0.5,1.0,1.0,0.1365
7000,599,ISF,coarse,0.2,0,0,1365,8635,0.0,0.0,1.0,0.0,0.5,0.0,0.0,0.0
7000,599,ISF,coarse,0.3,0,0,1365,8635,0.0,0.0,1.0,0.0,0.5,0.0,0.0,0.0
7000,599,ISF,coarse,0.4,0,0,1365,8635,0.0,0.0,1.0,0.0,0.5,0.0,0.0,0.0
7000,599,ISF,coarse,0.5,0,0,1365,8635,0.0,0.0,1.0,0.0,0.5,0.0,0.0,0.0
7000,599,ISF,coarse,0.6,0,0,1365,8635,0.0,0.0,1.0,0.0,0.5,0.0,0.0,0.0
7000,599,ISF,coarse,0.7,0,0,1365,8635,0.0,0.0,1.0,0.0,0.5,0.0,0.0,0.0
7000,599,ISF,coarse,0.8,0,0,1365,8635,0.0,0.0,1.0,0.0,0.5,0.0,0.0,0.0
7000,599,ISF,coarse,0.9,0,0,1365,8635,0.0,0.0,1.0,0.0,0.5,0.0,0.0,0.0
7000,599,ISF,coarse,1.0,0,0,1365,8635,0.0,0.0,1.0,0.0,0.5,0.0,0.0,0.0
7001,549,DBL,coarse_and_refined,0.0,1370,8630,0,0,0.137,1.0,0.0,0.24098504837291118,0.5,1.0,1.0,0.137
7001,549,DBL,refined,0.01,1370,8630,0,0,0.137,1.0,0.0,0.24098504837291118,0.5,1.0,1.0,0.137
7001,549,DBL,refined,0.02,1370,8630,0,0,0.137,1.0,0.0,0.24098504837291118,0.5,1.0,1.0,0.137
7001,549,DBL,refined,0.03,1370,8630,0,0,0.137,1.0,0.0,0.24098504837291118,0.5,1.0,1.0,0.137
7001,549,DBL,refined,0.04,1370,8630,0,0,0.137,1.0,0.0,0.24098504837291118,0.5,1.0,1.0,0.137
7001,549,DBL,refined,0.05,1370,8630,0,0,0.137,1.0,0.0,0.24098504837291118,0.5,1.0,1.0,0.137
7001,549,DBL,refined,0.06,1370,8630,0,0,0.137,1.0,0.0,0.24098504837291118,0.5,1.0,1.0,0.137
7001,549,DBL,refined,0.07,1370,8630,0,0,0.137,1.0,0.0,0.24098504837291118,0.5,1.0,1.0,0.137
7001,549,DBL,refined,0.08,1370,8630,0,0,0.137,1.0,0.0,0.24098504837291118,0.5,1.0,1.0,0.137
7001,549,DBL,refined,0.09,1370,8630,0,0,0.137,1.0,0.0,0.24098504837291118,0.5,1.0,1.0,0.137
7001,549,DBL,coarse_and_refined,0.1,1370,8630,0,0,0.137,1.0,0.0,0.24098504837291118,0.5,1.0,1.0,0.137
7001,549,DBL,coarse,0.2,0,0,1370,8630,0.0,0.0,1.0,0.0,0.5,0.0,0.0,0.0
7001,549,DBL,coarse,0.3,0,0,1370,8630,0.0,0.0,1.0,0.0,0.5,0.0,0.0,0.0
7001,549,DBL,coarse,0.4,0,0,1370,8630,0.0,0.0,1.0,0.0,0.5,0.0,0.0,0.0
7001,549,DBL,coarse,0.5,0,0,1370,8630,0.0,0.0,1.0,0.0,0.5,0.0,0.0,0.0
7001,549,DBL,coarse,0.6,0,0,1370,8630,0.0,0.0,1.0,0.0,0.5,0.0,0.0,0.0
7001,549,DBL,coarse,0.7,0,0,1370,8630,0.0,0.0,1.0,0.0,0.5,0.0,0.0,0.0
7001,549,DBL,coarse,0.8,0,0,1370,8630,0.0,0.0,1.0,0.0,0.5,0.0,0.0,0.0
7001,549,DBL,coarse,0.9,0,0,1370,8630,0.0,0.0,1.0,0.0,0.5,0.0,0.0,0.0
7001,549,DBL,coarse,1.0,0,0,1370,8630,0.0,0.0,1.0,0.0,0.5,0.0,0.0,0.0
7001,549,DMM,coarse_and_refined,0.0,1370,8630,0,0,0.137,1.0,0.0,0.24098504837291118,0.5,1.0,1.0,0.137
7001,549,DMM,refined,0.01,1370,8630,0,0,0.137,1.0,0.0,0.24098504837291118,0.5,1.0,1.0,0.137
7001,549,DMM,refined,0.02,1370,8630,0,0,0.137,1.0,0.0,0.24098504837291118,0.5,1.0,1.0,0.137
7001,549,DMM,refined,0.03,1370,8630,0,0,0.137,1.0,0.0,0.24098504837291118,0.5,1.0,1.0,0.137
7001,549,DMM,refined,0.04,1370,8630,0,0,0.137,1.0,0.0,0.24098504837291118,0.5,1.0,1.0,0.137
7001,549,DMM,refined,0.05,1370,8630,0,0,0.137,1.0,0.0,0.24098504837291118,0.5,1.0,1.0,0.137
7001,549,DMM,refined,0.06,1370,8630,0,0,0.137,1.0,0.0,0.24098504837291118,0.5,1.0,1.0,0.137
7001,549,DMM,refined,0.07,1370,8630,0,0,0.137,1.0,0.0,0.24098504837291118,0.5,1.0,1.0,0.137
7001,549,DMM,refined,0.08,1370,8630,0,0,0.137,1.0,0.0,0.24098504837291118,0.5,1.0,1.0,0.137
7001,549,DMM,refined,0.09,1370,8630,0,0,0.137,1.0,0.0,0.24098504837291118,0.5,1.0,1.0,0.137
7001,549,DMM,coarse_and_refined,0.1,1370,8630,0,0,0.137,1.0,0.0,0.24098504837291118,0.5,1.0,1.0,0.137
7001,549,DMM,coarse,0.2,0,0,1370,8630,0.0,0.0,1.0,0.0,0.5,0.0,0.0,0.0
7001,549,DMM,coarse,0.3,0,0,1370,8630,0.0,0.0,1.0,0.0,0.5,0.0,0.0,0.0
7001,549,DMM,coarse,0.4,0,0,1370,8630,0.0,0.0,1.0,0.0,0.5,0.0,0.0,0.0
7001,549,DMM,coarse,0.5,0,0,1370,8630,0.0,0.0,1.0,0.0,0.5,0.0,0.0,0.0
7001,549,DMM,coarse,0.6,0,0,1370,8630,0.0,0.0,1.0,0.0,0.5,0.0,0.0,0.0
7001,549,DMM,coarse,0.7,0,0,1370,8630,0.0,0.0,1.0,0.0,0.5,0.0,0.0,0.0
7001,549,DMM,coarse,0.8,0,0,1370,8630,0.0,0.0,1.0,0.0,0.5,0.0,0.0,0.0
7001,549,DMM,coarse,0.9,0,0,1370,8630,0.0,0.0,1.0,0.0,0.5,0.0,0.0,0.0
7001,549,DMM,coarse,1.0,0,0,1370,8630,0.0,0.0,1.0,0.0,0.5,0.0,0.0,0.0
7001,549,ISF,coarse_and_refined,0.0,1370,8630,0,0,0.137,1.0,0.0,0.24098504837291118,0.5,1.0,1.0,0.137
7001,549,ISF,refined,0.01,1370,8630,0,0,0.137,1.0,0.0,0.24098504837291118,0.5,1.0,1.0,0.137
7001,549,ISF,refined,0.02,1370,8630,0,0,0.137,1.0,0.0,0.24098504837291118,0.5,1.0,1.0,0.137
7001,549,ISF,refined,0.03,1370,8630,0,0,0.137,1.0,0.0,0.24098504837291118,0.5,1.0,1.0,0.137
7001,549,ISF,refined,0.04,1370,8630,0,0,0.137,1.0,0.0,0.24098504837291118,0.5,1.0,1.0,0.137
7001,549,ISF,refined,0.05,1370,8630,0,0,0.137,1.0,0.0,0.24098504837291118,0.5,1.0,1.0,0.137
7001,549,ISF,refined,0.06,1370,8630,0,0,0.137,1.0,0.0,0.24098504837291118,0.5,1.0,1.0,0.137
7001,549,ISF,refined,0.07,1370,8630,0,0,0.137,1.0,0.0,0.24098504837291118,0.5,1.0,1.0,0.137
7001,549,ISF,refined,0.08,1370,8630,0,0,0.137,1.0,0.0,0.24098504837291118,0.5,1.0,1.0,0.137
7001,549,ISF,refined,0.09,1370,8630,0,0,0.137,1.0,0.0,0.24098504837291118,0.5,1.0,1.0,0.137
7001,549,ISF,coarse_and_refined,0.1,1370,8630,0,0,0.137,1.0,0.0,0.24098504837291118,0.5,1.0,1.0,0.137
7001,549,ISF,coarse,0.2,0,0,1370,8630,0.0,0.0,1.0,0.0,0.5,0.0,0.0,0.0
7001,549,ISF,coarse,0.3,0,0,1370,8630,0.0,0.0,1.0,0.0,0.5,0.0,0.0,0.0
7001,549,ISF,coarse,0.4,0,0,1370,8630,0.0,0.0,1.0,0.0,0.5,0.0,0.0,0.0
7001,549,ISF,coarse,0.5,0,0,1370,8630,0.0,0.0,1.0,0.0,0.5,0.0,0.0,0.0
7001,549,ISF,coarse,0.6,0,0,1370,8630,0.0,0.0,1.0,0.0,0.5,0.0,0.0,0.0
7001,549,ISF,coarse,0.7,0,0,1370,8630,0.0,0.0,1.0,0.0,0.5,0.0,0.0,0.0
7001,549,ISF,coarse,0.8,0,0,1370,8630,0.0,0.0,1.0,0.0,0.5,0.0,0.0,0.0
7001,549,ISF,coarse,0.9,0,0,1370,8630,0.0,0.0,1.0,0.0,0.5,0.0,0.0,0.0
7001,549,ISF,coarse,1.0,0,0,1370,8630,0.0,0.0,1.0,0.0,0.5,0.0,0.0,0.0
7002,599,DBL,coarse_and_refined,0.0,1352,8648,0,0,0.1352,1.0,0.0,0.23819591261451725,0.5,1.0,1.0,0.1352
7002,599,DBL,refined,0.01,1352,8648,0,0,0.1352,1.0,0.0,0.23819591261451725,0.5,1.0,1.0,0.1352
7002,599,DBL,refined,0.02,1352,8648,0,0,0.1352,1.0,0.0,0.23819591261451725,0.5,1.0,1.0,0.1352
7002,599,DBL,refined,0.03,1352,8648,0,0,0.1352,1.0,0.0,0.23819591261451725,0.5,1.0,1.0,0.1352
7002,599,DBL,refined,0.04,1352,8648,0,0,0.1352,1.0,0.0,0.23819591261451725,0.5,1.0,1.0,0.1352
7002,599,DBL,refined,0.05,1352,8648,0,0,0.1352,1.0,0.0,0.23819591261451725,0.5,1.0,1.0,0.1352
7002,599,DBL,refined,0.06,1352,8648,0,0,0.1352,1.0,0.0,0.23819591261451725,0.5,1.0,1.0,0.1352
7002,599,DBL,refined,0.07,1352,8648,0,0,0.1352,1.0,0.0,0.23819591261451725,0.5,1.0,1.0,0.1352
7002,599,DBL,refined,0.08,1352,8648,0,0,0.1352,1.0,0.0,0.23819591261451725,0.5,1.0,1.0,0.1352
7002,599,DBL,refined,0.09,1352,8648,0,0,0.1352,1.0,0.0,0.23819591261451725,0.5,1.0,1.0,0.1352
7002,599,DBL,coarse_and_refined,0.1,1352,8648,0,0,0.1352,1.0,0.0,0.23819591261451725,0.5,1.0,1.0,0.1352
7002,599,DBL,coarse,0.2,0,0,1352,8648,0.0,0.0,1.0,0.0,0.5,0.0,0.0,0.0
7002,599,DBL,coarse,0.3,0,0,1352,8648,0.0,0.0,1.0,0.0,0.5,0.0,0.0,0.0
7002,599,DBL,coarse,0.4,0,0,1352,8648,0.0,0.0,1.0,0.0,0.5,0.0,0.0,0.0
7002,599,DBL,coarse,0.5,0,0,1352,8648,0.0,0.0,1.0,0.0,0.5,0.0,0.0,0.0
7002,599,DBL,coarse,0.6,0,0,1352,8648,0.0,0.0,1.0,0.0,0.5,0.0,0.0,0.0
7002,599,DBL,coarse,0.7,0,0,1352,8648,0.0,0.0,1.0,0.0,0.5,0.0,0.0,0.0
7002,599,DBL,coarse,0.8,0,0,1352,8648,0.0,0.0,1.0,0.0,0.5,0.0,0.0,0.0
7002,599,DBL,coarse,0.9,0,0,1352,8648,0.0,0.0,1.0,0.0,0.5,0.0,0.0,0.0
7002,599,DBL,coarse,1.0,0,0,1352,8648,0.0,0.0,1.0,0.0,0.5,0.0,0.0,0.0
7002,599,DMM,coarse_and_refined,0.0,1352,8648,0,0,0.1352,1.0,0.0,0.23819591261451725,0.5,1.0,1.0,0.1352
7002,599,DMM,refined,0.01,1352,8648,0,0,0.1352,1.0,0.0,0.23819591261451725,0.5,1.0,1.0,0.1352
7002,599,DMM,refined,0.02,1352,8648,0,0,0.1352,1.0,0.0,0.23819591261451725,0.5,1.0,1.0,0.1352
7002,599,DMM,refined,0.03,1352,8648,0,0,0.1352,1.0,0.0,0.23819591261451725,0.5,1.0,1.0,0.1352
7002,599,DMM,refined,0.04,1352,8648,0,0,0.1352,1.0,0.0,0.23819591261451725,0.5,1.0,1.0,0.1352
7002,599,DMM,refined,0.05,1352,8648,0,0,0.1352,1.0,0.0,0.23819591261451725,0.5,1.0,1.0,0.1352
7002,599,DMM,refined,0.06,1352,8648,0,0,0.1352,1.0,0.0,0.23819591261451725,0.5,1.0,1.0,0.1352
7002,599,DMM,refined,0.07,1352,8648,0,0,0.1352,1.0,0.0,0.23819591261451725,0.5,1.0,1.0,0.1352
7002,599,DMM,refined,0.08,1352,8648,0,0,0.1352,1.0,0.0,0.23819591261451725,0.5,1.0,1.0,0.1352
7002,599,DMM,refined,0.09,1352,8648,0,0,0.1352,1.0,0.0,0.23819591261451725,0.5,1.0,1.0,0.1352
7002,599,DMM,coarse_and_refined,0.1,1352,8648,0,0,0.1352,1.0,0.0,0.23819591261451725,0.5,1.0,1.0,0.1352
7002,599,DMM,coarse,0.2,0,0,1352,8648,0.0,0.0,1.0,0.0,0.5,0.0,0.0,0.0
7002,599,DMM,coarse,0.3,0,0,1352,8648,0.0,0.0,1.0,0.0,0.5,0.0,0.0,0.0
7002,599,DMM,coarse,0.4,0,0,1352,8648,0.0,0.0,1.0,0.0,0.5,0.0,0.0,0.0
7002,599,DMM,coarse,0.5,0,0,1352,8648,0.0,0.0,1.0,0.0,0.5,0.0,0.0,0.0
7002,599,DMM,coarse,0.6,0,0,1352,8648,0.0,0.0,1.0,0.0,0.5,0.0,0.0,0.0
7002,599,DMM,coarse,0.7,0,0,1352,8648,0.0,0.0,1.0,0.0,0.5,0.0,0.0,0.0
7002,599,DMM,coarse,0.8,0,0,1352,8648,0.0,0.0,1.0,0.0,0.5,0.0,0.0,0.0
7002,599,DMM,coarse,0.9,0,0,1352,8648,0.0,0.0,1.0,0.0,0.5,0.0,0.0,0.0
7002,599,DMM,coarse,1.0,0,0,1352,8648,0.0,0.0,1.0,0.0,0.5,0.0,0.0,0.0
7002,599,ISF,coarse_and_refined,0.0,1352,8648,0,0,0.1352,1.0,0.0,0.23819591261451725,0.5,1.0,1.0,0.1352
7002,599,ISF,refined,0.01,1352,8648,0,0,0.1352,1.0,0.0,0.23819591261451725,0.5,1.0,1.0,0.1352
7002,599,ISF,refined,0.02,1352,8648,0,0,0.1352,1.0,0.0,0.23819591261451725,0.5,1.0,1.0,0.1352
7002,599,ISF,refined,0.03,1352,8648,0,0,0.1352,1.0,0.0,0.23819591261451725,0.5,1.0,1.0,0.1352
7002,599,ISF,refined,0.04,1352,8648,0,0,0.1352,1.0,0.0,0.23819591261451725,0.5,1.0,1.0,0.1352
7002,599,ISF,refined,0.05,1352,8648,0,0,0.1352,1.0,0.0,0.23819591261451725,0.5,1.0,1.0,0.1352
7002,599,ISF,refined,0.06,1352,8648,0,0,0.1352,1.0,0.0,0.23819591261451725,0.5,1.0,1.0,0.1352
7002,599,ISF,refined,0.07,1352,8648,0,0,0.1352,1.0,0.0,0.23819591261451725,0.5,1.0,1.0,0.1352
7002,599,ISF,refined,0.08,1352,8648,0,0,0.1352,1.0,0.0,0.23819591261451725,0.5,1.0,1.0,0.1352
7002,599,ISF,refined,0.09,1352,8648,0,0,0.1352,1.0,0.0,0.23819591261451725,0.5,1.0,1.0,0.1352
7002,599,ISF,coarse_and_refined,0.1,1352,8648,0,0,0.1352,1.0,0.0,0.23819591261451725,0.5,1.0,1.0,0.1352
7002,599,ISF,coarse,0.2,0,0,1352,8648,0.0,0.0,1.0,0.0,0.5,0.0,0.0,0.0
7002,599,ISF,coarse,0.3,0,0,1352,8648,0.0,0.0,1.0,0.0,0.5,0.0,0.0,0.0
7002,599,ISF,coarse,0.4,0,0,1352,8648,0.0,0.0,1.0,0.0,0.5,0.0,0.0,0.0
7002,599,ISF,coarse,0.5,0,0,1352,8648,0.0,0.0,1.0,0.0,0.5,0.0,0.0,0.0
7002,599,ISF,coarse,0.6,0,0,1352,8648,0.0,0.0,1.0,0.0,0.5,0.0,0.0,0.0
7002,599,ISF,coarse,0.7,0,0,1352,8648,0.0,0.0,1.0,0.0,0.5,0.0,0.0,0.0
7002,599,ISF,coarse,0.8,0,0,1352,8648,0.0,0.0,1.0,0.0,0.5,0.0,0.0,0.0
7002,599,ISF,coarse,0.9,0,0,1352,8648,0.0,0.0,1.0,0.0,0.5,0.0,0.0,0.0
7002,599,ISF,coarse,1.0,0,0,1352,8648,0.0,0.0,1.0,0.0,0.5,0.0,0.0,0.0
7003,549,DBL,coarse_and_refined,0.0,1394,8606,0,0,0.1394,1.0,0.0,0.2446901878181499,0.5,1.0,1.0,0.1394
7003,549,DBL,refined,0.01,1394,8606,0,0,0.1394,1.0,0.0,0.2446901878181499,0.5,1.0,1.0,0.1394
7003,549,DBL,refined,0.02,1394,8606,0,0,0.1394,1.0,0.0,0.2446901878181499,0.5,1.0,1.0,0.1394
7003,549,DBL,refined,0.03,1394,8606,0,0,0.1394,1.0,0.0,0.2446901878181499,0.5,1.0,1.0,0.1394
7003,549,DBL,refined,0.04,1394,8606,0,0,0.1394,1.0,0.0,0.2446901878181499,0.5,1.0,1.0,0.1394
7003,549,DBL,refined,0.05,1394,8606,0,0,0.1394,1.0,0.0,0.2446901878181499,0.5,1.0,1.0,0.1394
7003,549,DBL,refined,0.06,1394,8606,0,0,0.1394,1.0,0.0,0.2446901878181499,0.5,1.0,1.0,0.1394
7003,549,DBL,refined,0.07,1394,8606,0,0,0.1394,1.0,0.0,0.2446901878181499,0.5,1.0,1.0,0.1394
7003,549,DBL,refined,0.08,1394,8606,0,0,0.1394,1.0,0.0,0.2446901878181499,0.5,1.0,1.0,0.1394
7003,549,DBL,refined,0.09,1394,8606,0,0,0.1394,1.0,0.0,0.2446901878181499,0.5,1.0,1.0,0.1394
7003,549,DBL,coarse_and_refined,0.1,1394,8606,0,0,0.1394,1.0,0.0,0.2446901878181499,0.5,1.0,1.0,0.1394
7003,549,DBL,coarse,0.2,0,0,1394,8606,0.0,0.0,1.0,0.0,0.5,0.0,0.0,0.0
7003,549,DBL,coarse,0.3,0,0,1394,8606,0.0,0.0,1.0,0.0,0.5,0.0,0.0,0.0
7003,549,DBL,coarse,0.4,0,0,1394,8606,0.0,0.0,1.0,0.0,0.5,0.0,0.0,0.0
7003,549,DBL,coarse,0.5,0,0,1394,8606,0.0,0.0,1.0,0.0,0.5,0.0,0.0,0.0
7003,549,DBL,coarse,0.6,0,0,1394,8606,0.0,0.0,1.0,0.0,0.5,0.0,0.0,0.0
7003,549,DBL,coarse,0.7,0,0,1394,8606,0.0,0.0,1.0,0.0,0.5,0.0,0.0,0.0
7003,549,DBL,coarse,0.8,0,0,1394,8606,0.0,0.0,1.0,0.0,0.5,0.0,0.0,0.0
7003,549,DBL,coarse,0.9,0,0,1394,8606,0.0,0.0,1.0,0.0,0.5,0.0,0.0,0.0
7003,549,DBL,coarse,1.0,0,0,1394,8606,0.0,0.0,1.0,0.0,0.5,0.0,0.0,0.0
7003,549,DMM,coarse_and_refined,0.0,1394,8606,0,0,0.1394,1.0,0.0,0.2446901878181499,0.5,1.0,1.0,0.1394
7003,549,DMM,refined,0.01,1394,8606,0,0,0.1394,1.0,0.0,0.2446901878181499,0.5,1.0,1.0,0.1394
7003,549,DMM,refined,0.02,1394,8606,0,0,0.1394,1.0,0.0,0.2446901878181499,0.5,1.0,1.0,0.1394
7003,549,DMM,refined,0.03,1394,8606,0,0,0.1394,1.0,0.0,0.2446901878181499,0.5,1.0,1.0,0.1394
7003,549,DMM,refined,0.04,1394,8606,0,0,0.1394,1.0,0.0,0.2446901878181499,0.5,1.0,1.0,0.1394
7003,549,DMM,refined,0.05,1394,8606,0,0,0.1394,1.0,0.0,0.2446901878181499,0.5,1.0,1.0,0.1394
7003,549,DMM,refined,0.06,1394,8606,0,0,0.1394,1.0,0.0,0.2446901878181499,0.5,1.0,1.0,0.1394
7003,549,DMM,refined,0.07,1394,8606,0,0,0.1394,1.0,0.0,0.2446901878181499,0.5,1.0,1.0,0.1394
7003,549,DMM,refined,0.08,1394,8606,0,0,0.1394,1.0,0.0,0.2446901878181499,0.5,1.0,1.0,0.1394
7003,549,DMM,refined,0.09,1394,8606,0,0,0.1394,1.0,0.0,0.2446901878181499,0.5,1.0,1.0,0.1394
7003,549,DMM,coarse_and_refined,0.1,1394,8606,0,0,0.1394,1.0,0.0,0.2446901878181499,0.5,1.0,1.0,0.1394
7003,549,DMM,coarse,0.2,0,0,1394,8606,0.0,0.0,1.0,0.0,0.5,0.0,0.0,0.0
7003,549,DMM,coarse,0.3,0,0,1394,8606,0.0,0.0,1.0,0.0,0.5,0.0,0.0,0.0
7003,549,DMM,coarse,0.4,0,0,1394,8606,0.0,0.0,1.0,0.0,0.5,0.0,0.0,0.0
7003,549,DMM,coarse,0.5,0,0,1394,8606,0.0,0.0,1.0,0.0,0.5,0.0,0.0,0.0
7003,549,DMM,coarse,0.6,0,0,1394,8606,0.0,0.0,1.0,0.0,0.5,0.0,0.0,0.0
7003,549,DMM,coarse,0.7,0,0,1394,8606,0.0,0.0,1.0,0.0,0.5,0.0,0.0,0.0
7003,549,DMM,coarse,0.8,0,0,1394,8606,0.0,0.0,1.0,0.0,0.5,0.0,0.0,0.0
7003,549,DMM,coarse,0.9,0,0,1394,8606,0.0,0.0,1.0,0.0,0.5,0.0,0.0,0.0
7003,549,DMM,coarse,1.0,0,0,1394,8606,0.0,0.0,1.0,0.0,0.5,0.0,0.0,0.0
7003,549,ISF,coarse_and_refined,0.0,1394,8606,0,0,0.1394,1.0,0.0,0.2446901878181499,0.5,1.0,1.0,0.1394
7003,549,ISF,refined,0.01,1394,8606,0,0,0.1394,1.0,0.0,0.2446901878181499,0.5,1.0,1.0,0.1394
7003,549,ISF,refined,0.02,1394,8606,0,0,0.1394,1.0,0.0,0.2446901878181499,0.5,1.0,1.0,0.1394
7003,549,ISF,refined,0.03,1394,8606,0,0,0.1394,1.0,0.0,0.2446901878181499,0.5,1.0,1.0,0.1394
7003,549,ISF,refined,0.04,1394,8606,0,0,0.1394,1.0,0.0,0.2446901878181499,0.5,1.0,1.0,0.1394
7003,549,ISF,refined,0.05,1394,8606,0,0,0.1394,1.0,0.0,0.2446901878181499,0.5,1.0,1.0,0.1394
7003,549,ISF,refined,0.06,1394,8606,0,0,0.1394,1.0,0.0,0.2446901878181499,0.5,1.0,1.0,0.1394
7003,549,ISF,refined,0.07,1394,8606,0,0,0.1394,1.0,0.0,0.2446901878181499,0.5,1.0,1.0,0.1394
7003,549,ISF,refined,0.08,1394,8606,0,0,0.1394,1.0,0.0,0.2446901878181499,0.5,1.0,1.0,0.1394
7003,549,ISF,refined,0.09,1394,8606,0,0,0.1394,1.0,0.0,0.2446901878181499,0.5,1.0,1.0,0.1394
7003,549,ISF,coarse_and_refined,0.1,1394,8606,0,0,0.1394,1.0,0.0,0.2446901878181499,0.5,1.0,1.0,0.1394
7003,549,ISF,coarse,0.2,0,0,1394,8606,0.0,0.0,1.0,0.0,0.5,0.0,0.0,0.0
7003,549,ISF,coarse,0.3,0,0,1394,8606,0.0,0.0,1.0,0.0,0.5,0.0,0.0,0.0
7003,549,ISF,coarse,0.4,0,0,1394,8606,0.0,0.0,1.0,0.0,0.5,0.0,0.0,0.0
7003,549,ISF,coarse,0.5,0,0,1394,8606,0.0,0.0,1.0,0.0,0.5,0.0,0.0,0.0
7003,549,ISF,coarse,0.6,0,0,1394,8606,0.0,0.0,1.0,0.0,0.5,0.0,0.0,0.0
7003,549,ISF,coarse,0.7,0,0,1394,8606,0.0,0.0,1.0,0.0,0.5,0.0,0.0,0.0
7003,549,ISF,coarse,0.8,0,0,1394,8606,0.0,0.0,1.0,0.0,0.5,0.0,0.0,0.0
7003,549,ISF,coarse,0.9,0,0,1394,8606,0.0,0.0,1.0,0.0,0.5,0.0,0.0,0.0
7003,549,ISF,coarse,1.0,0,0,1394,8606,0.0,0.0,1.0,0.0,0.5,0.0,0.0,0.0
7004,549,DBL,coarse_and_refined,0.0,1310,8690,0,0,0.131,1.0,0.0,0.23165340406719717,0.5,1.0,1.0,0.131
7004,549,DBL,refined,0.01,1310,8690,0,0,0.131,1.0,0.0,0.23165340406719717,0.5,1.0,1.0,0.131
7004,549,DBL,refined,0.02,1310,8690,0,0,0.131,1.0,0.0,0.23165340406719717,0.5,1.0,1.0,0.131
7004,549,DBL,refined,0.03,1310,8690,0,0,0.131,1.0,0.0,0.23165340406719717,0.5,1.0,1.0,0.131
7004,549,DBL,refined,0.04,1310,8690,0,0,0.131,1.0,0.0,0.23165340406719717,0.5,1.0,1.0,0.131
7004,549,DBL,refined,0.05,1310,8690,0,0,0.131,1.0,0.0,0.23165340406719717,0.5,1.0,1.0,0.131
7004,549,DBL,refined,0.06,1310,8690,0,0,0.131,1.0,0.0,0.23165340406719717,0.5,1.0,1.0,0.131
7004,549,DBL,refined,0.07,1310,8690,0,0,0.131,1.0,0.0,0.23165340406719717,0.5,1.0,1.0,0.131
7004,549,DBL,refined,0.08,1310,8690,0,0,0.131,1.0,0.0,0.23165340406719717,0.5,1.0,1.0,0.131
7004,549,DBL,refined,0.09,1310,8690,0,0,0.131,1.0,0.0,0.23165340406719717,0.5,1.0,1.0,0.131
7004,549,DBL,coarse_and_refined,0.1,1310,8690,0,0,0.131,1.0,0.0,0.23165340406719717,0.5,1.0,1.0,0.131
7004,549,DBL,coarse,0.2,0,0,1310,8690,0.0,0.0,1.0,0.0,0.5,0.0,0.0,0.0
7004,549,DBL,coarse,0.3,0,0,1310,8690,0.0,0.0,1.0,0.0,0.5,0.0,0.0,0.0
7004,549,DBL,coarse,0.4,0,0,1310,8690,0.0,0.0,1.0,0.0,0.5,0.0,0.0,0.0
7004,549,DBL,coarse,0.5,0,0,1310,8690,0.0,0.0,1.0,0.0,0.5,0.0,0.0,0.0
7004,549,DBL,coarse,0.6,0,0,1310,8690,0.0,0.0,1.0,0.0,0.5,0.0,0.0,0.0
7004,549,DBL,coarse,0.7,0,0,1310,8690,0.0,0.0,1.0,0.0,0.5,0.0,0.0,0.0
7004,549,DBL,coarse,0.8,0,0,1310,8690,0.0,0.0,1.0,0.0,0.5,0.0,0.0,0.0
7004,549,DBL,coarse,0.9,0,0,1310,8690,0.0,0.0,1.0,0.0,0.5,0.0,0.0,0.0
7004,549,DBL,coarse,1.0,0,0,1310,8690,0.0,0.0,1.0,0.0,0.5,0.0,0.0,0.0
7004,549,DMM,coarse_and_refined,0.0,1310,8690,0,0,0.131,1.0,0.0,0.23165340406719717,0.5,1.0,1.0,0.131
7004,549,DMM,refined,0.01,1310,8690,0,0,0.131,1.0,0.0,0.23165340406719717,0.5,1.0,1.0,0.131
7004,549,DMM,refined,0.02,1310,8690,0,0,0.131,1.0,0.0,0.23165340406719717,0.5,1.0,1.0,0.131
7004,549,DMM,refined,0.03,1310,8690,0,0,0.131,1.0,0.0,0.23165340406719717,0.5,1.0,1.0,0.131
7004,549,DMM,refined,0.04,1310,8690,0,0,0.131,1.0,0.0,0.23165340406719717,0.5,1.0,1.0,0.131
7004,549,DMM,refined,0.05,1310,8690,0,0,0.131,1.0,0.0,0.23165340406719717,0.5,1.0,1.0,0.131
7004,549,DMM,refined,0.06,1310,8690,0,0,0.131,1.0,0.0,0.23165340406719717,0.5,1.0,1.0,0.131
7004,549,DMM,refined,0.07,1310,8690,0,0,0.131,1.0,0.0,0.23165340406719717,0.5,1.0,1.0,0.131
7004,549,DMM,refined,0.08,1310,8690,0,0,0.131,1.0,0.0,0.23165340406719717,0.5,1.0,1.0,0.131
7004,549,DMM,refined,0.09,1310,8690,0,0,0.131,1.0,0.0,0.23165340406719717,0.5,1.0,1.0,0.131
7004,549,DMM,coarse_and_refined,0.1,1310,8690,0,0,0.131,1.0,0.0,0.23165340406719717,0.5,1.0,1.0,0.131
7004,549,DMM,coarse,0.2,0,0,1310,8690,0.0,0.0,1.0,0.0,0.5,0.0,0.0,0.0
7004,549,DMM,coarse,0.3,0,0,1310,8690,0.0,0.0,1.0,0.0,0.5,0.0,0.0,0.0
7004,549,DMM,coarse,0.4,0,0,1310,8690,0.0,0.0,1.0,0.0,0.5,0.0,0.0,0.0
7004,549,DMM,coarse,0.5,0,0,1310,8690,0.0,0.0,1.0,0.0,0.5,0.0,0.0,0.0
7004,549,DMM,coarse,0.6,0,0,1310,8690,0.0,0.0,1.0,0.0,0.5,0.0,0.0,0.0
7004,549,DMM,coarse,0.7,0,0,1310,8690,0.0,0.0,1.0,0.0,0.5,0.0,0.0,0.0
7004,549,DMM,coarse,0.8,0,0,1310,8690,0.0,0.0,1.0,0.0,0.5,0.0,0.0,0.0
7004,549,DMM,coarse,0.9,0,0,1310,8690,0.0,0.0,1.0,0.0,0.5,0.0,0.0,0.0
7004,549,DMM,coarse,1.0,0,0,1310,8690,0.0,0.0,1.0,0.0,0.5,0.0,0.0,0.0
7004,549,ISF,coarse_and_refined,0.0,1310,8690,0,0,0.131,1.0,0.0,0.23165340406719717,0.5,1.0,1.0,0.131
7004,549,ISF,refined,0.01,1310,8690,0,0,0.131,1.0,0.0,0.23165340406719717,0.5,1.0,1.0,0.131
7004,549,ISF,refined,0.02,1310,8690,0,0,0.131,1.0,0.0,0.23165340406719717,0.5,1.0,1.0,0.131
7004,549,ISF,refined,0.03,1310,8690,0,0,0.131,1.0,0.0,0.23165340406719717,0.5,1.0,1.0,0.131
7004,549,ISF,refined,0.04,1310,8690,0,0,0.131,1.0,0.0,0.23165340406719717,0.5,1.0,1.0,0.131
7004,549,ISF,refined,0.05,1310,8690,0,0,0.131,1.0,0.0,0.23165340406719717,0.5,1.0,1.0,0.131
7004,549,ISF,refined,0.06,1310,8690,0,0,0.131,1.0,0.0,0.23165340406719717,0.5,1.0,1.0,0.131
7004,549,ISF,refined,0.07,1310,8690,0,0,0.131,1.0,0.0,0.23165340406719717,0.5,1.0,1.0,0.131
7004,549,ISF,refined,0.08,1310,8690,0,0,0.131,1.0,0.0,0.23165340406719717,0.5,1.0,1.0,0.131
7004,549,ISF,refined,0.09,1310,8690,0,0,0.131,1.0,0.0,0.23165340406719717,0.5,1.0,1.0,0.131
7004,549,ISF,coarse_and_refined,0.1,1310,8690,0,0,0.131,1.0,0.0,0.23165340406719717,0.5,1.0,1.0,0.131
7004,549,ISF,coarse,0.2,0,0,1310,8690,0.0,0.0,1.0,0.0,0.5,0.0,0.0,0.0
7004,549,ISF,coarse,0.3,0,0,1310,8690,0.0,0.0,1.0,0.0,0.5,0.0,0.0,0.0
7004,549,ISF,coarse,0.4,0,0,1310,8690,0.0,0.0,1.0,0.0,0.5,0.0,0.0,0.0
7004,549,ISF,coarse,0.5,0,0,1310,8690,0.0,0.0,1.0,0.0,0.5,0.0,0.0,0.0
7004,549,ISF,coarse,0.6,0,0,1310,8690,0.0,0.0,1.0,0.0,0.5,0.0,0.0,0.0
7004,549,ISF,coarse,0.7,0,0,1310,8690,0.0,0.0,1.0,0.0,0.5,0.0,0.0,0.0
7004,549,ISF,coarse,0.8,0,0,1310,8690,0.0,0.0,1.0,0.0,0.5,0.0,0.0,0.0
7004,549,ISF,coarse,0.9,0,0,1310,8690,0.0,0.0,1.0,0.0,0.5,0.0,0.0,0.0
7004,549,ISF,coarse,1.0,0,0,1310,8690,0.0,0.0,1.0,0.0,0.5,0.0,0.0,0.0
7005,599,DBL,coarse_and_refined,0.0,1385,8615,0,0,0.1385,1.0,0.0,0.24330259112867808,0.5,1.0,1.0,0.1385
7005,599,DBL,refined,0.01,1385,8615,0,0,0.1385,1.0,0.0,0.24330259112867808,0.5,1.0,1.0,0.1385
7005,599,DBL,refined,0.02,1385,8615,0,0,0.1385,1.0,0.0,0.24330259112867808,0.5,1.0,1.0,0.1385
7005,599,DBL,refined,0.03,1385,8615,0,0,0.1385,1.0,0.0,0.24330259112867808,0.5,1.0,1.0,0.1385
7005,599,DBL,refined,0.04,1385,8615,0,0,0.1385,1.0,0.0,0.24330259112867808,0.5,1.0,1.0,0.1385
7005,599,DBL,refined,0.05,1385,8615,0,0,0.1385,1.0,0.0,0.24330259112867808,0.5,1.0,1.0,0.1385
7005,599,DBL,refined,0.06,1385,8615,0,0,0.1385,1.0,0.0,0.24330259112867808,0.5,1.0,1.0,0.1385
7005,599,DBL,refined,0.07,1385,8615,0,0,0.1385,1.0,0.0,0.24330259112867808,0.5,1.0,1.0,0.1385
7005,599,DBL,refined,0.08,1385,8615,0,0,0.1385,1.0,0.0,0.24330259112867808,0.5,1.0,1.0,0.1385
7005,599,DBL,refined,0.09,1385,8615,0,0,0.1385,1.0,0.0,0.24330259112867808,0.5,1.0,1.0,0.1385
7005,599,DBL,coarse_and_refined,0.1,1385,8615,0,0,0.1385,1.0,0.0,0.24330259112867808,0.5,1.0,1.0,0.1385
7005,599,DBL,coarse,0.2,0,0,1385,8615,0.0,0.0,1.0,0.0,0.5,0.0,0.0,0.0
7005,599,DBL,coarse,0.3,0,0,1385,8615,0.0,0.0,1.0,0.0,0.5,0.0,0.0,0.0
7005,599,DBL,coarse,0.4,0,0,1385,8615,0.0,0.0,1.0,0.0,0.5,0.0,0.0,0.0
7005,599,DBL,coarse,0.5,0,0,1385,8615,0.0,0.0,1.0,0.0,0.5,0.0,0.0,0.0
7005,599,DBL,coarse,0.6,0,0,1385,8615,0.0,0.0,1.0,0.0,0.5,0.0,0.0,0.0
7005,599,DBL,coarse,0.7,0,0,1385,8615,0.0,0.0,1.0,0.0,0.5,0.0,0.0,0.0
7005,599,DBL,coarse,0.8,0,0,1385,8615,0.0,0.0,1.0,0.0,0.5,0.0,0.0,0.0
7005,599,DBL,coarse,0.9,0,0,1385,8615,0.0,0.0,1.0,0.0,0.5,0.0,0.0,0.0
7005,599,DBL,coarse,1.0,0,0,1385,8615,0.0,0.0,1.0,0.0,0.5,0.0,0.0,0.0
7005,599,DMM,coarse_and_refined,0.0,1385,8615,0,0,0.1385,1.0,0.0,0.24330259112867808,0.5,1.0,1.0,0.1385
7005,599,DMM,refined,0.01,1385,8615,0,0,0.1385,1.0,0.0,0.24330259112867808,0.5,1.0,1.0,0.1385
7005,599,DMM,refined,0.02,1385,8615,0,0,0.1385,1.0,0.0,0.24330259112867808,0.5,1.0,1.0,0.1385
7005,599,DMM,refined,0.03,1385,8615,0,0,0.1385,1.0,0.0,0.24330259112867808,0.5,1.0,1.0,0.1385
7005,599,DMM,refined,0.04,1385,8615,0,0,0.1385,1.0,0.0,0.24330259112867808,0.5,1.0,1.0,0.1385
7005,599,DMM,refined,0.05,1385,8615,0,0,0.1385,1.0,0.0,0.24330259112867808,0.5,1.0,1.0,0.1385
7005,599,DMM,refined,0.06,1385,8615,0,0,0.1385,1.0,0.0,0.24330259112867808,0.5,1.0,1.0,0.1385
7005,599,DMM,refined,0.07,1385,8615,0,0,0.1385,1.0,0.0,0.24330259112867808,0.5,1.0,1.0,0.1385
7005,599,DMM,refined,0.08,1385,8615,0,0,0.1385,1.0,0.0,0.24330259112867808,0.5,1.0,1.0,0.1385
7005,599,DMM,refined,0.09,1385,8615,0,0,0.1385,1.0,0.0,0.24330259112867808,0.5,1.0,1.0,0.1385
7005,599,DMM,coarse_and_refined,0.1,1385,8615,0,0,0.1385,1.0,0.0,0.24330259112867808,0.5,1.0,1.0,0.1385
7005,599,DMM,coarse,0.2,0,0,1385,8615,0.0,0.0,1.0,0.0,0.5,0.0,0.0,0.0
7005,599,DMM,coarse,0.3,0,0,1385,8615,0.0,0.0,1.0,0.0,0.5,0.0,0.0,0.0
7005,599,DMM,coarse,0.4,0,0,1385,8615,0.0,0.0,1.0,0.0,0.5,0.0,0.0,0.0
7005,599,DMM,coarse,0.5,0,0,1385,8615,0.0,0.0,1.0,0.0,0.5,0.0,0.0,0.0
7005,599,DMM,coarse,0.6,0,0,1385,8615,0.0,0.0,1.0,0.0,0.5,0.0,0.0,0.0
7005,599,DMM,coarse,0.7,0,0,1385,8615,0.0,0.0,1.0,0.0,0.5,0.0,0.0,0.0
7005,599,DMM,coarse,0.8,0,0,1385,8615,0.0,0.0,1.0,0.0,0.5,0.0,0.0,0.0
7005,599,DMM,coarse,0.9,0,0,1385,8615,0.0,0.0,1.0,0.0,0.5,0.0,0.0,0.0
7005,599,DMM,coarse,1.0,0,0,1385,8615,0.0,0.0,1.0,0.0,0.5,0.0,0.0,0.0
7005,599,ISF,coarse_and_refined,0.0,1385,8615,0,0,0.1385,1.0,0.0,0.24330259112867808,0.5,1.0,1.0,0.1385
7005,599,ISF,refined,0.01,1385,8615,0,0,0.1385,1.0,0.0,0.24330259112867808,0.5,1.0,1.0,0.1385
7005,599,ISF,refined,0.02,1385,8615,0,0,0.1385,1.0,0.0,0.24330259112867808,0.5,1.0,1.0,0.1385
7005,599,ISF,refined,0.03,1385,8615,0,0,0.1385,1.0,0.0,0.24330259112867808,0.5,1.0,1.0,0.1385
7005,599,ISF,refined,0.04,1385,8615,0,0,0.1385,1.0,0.0,0.24330259112867808,0.5,1.0,1.0,0.1385
7005,599,ISF,refined,0.05,1385,8615,0,0,0.1385,1.0,0.0,0.24330259112867808,0.5,1.0,1.0,0.1385
7005,599,ISF,refined,0.06,1385,8615,0,0,0.1385,1.0,0.0,0.24330259112867808,0.5,1.0,1.0,0.1385
7005,599,ISF,refined,0.07,1385,8615,0,0,0.1385,1.0,0.0,0.24330259112867808,0.5,1.0,1.0,0.1385
7005,599,ISF,refined,0.08,1385,8615,0,0,0.1385,1.0,0.0,0.24330259112867808,0.5,1.0,1.0,0.1385
7005,599,ISF,refined,0.09,1385,8615,0,0,0.1385,1.0,0.0,0.24330259112867808,0.5,1.0,1.0,0.1385
7005,599,ISF,coarse_and_refined,0.1,1385,8615,0,0,0.1385,1.0,0.0,0.24330259112867808,0.5,1.0,1.0,0.1385
7005,599,ISF,coarse,0.2,0,0,1385,8615,0.0,0.0,1.0,0.0,0.5,0.0,0.0,0.0
7005,599,ISF,coarse,0.3,0,0,1385,8615,0.0,0.0,1.0,0.0,0.5,0.0,0.0,0.0
7005,599,ISF,coarse,0.4,0,0,1385,8615,0.0,0.0,1.0,0.0,0.5,0.0,0.0,0.0
7005,599,ISF,coarse,0.5,0,0,1385,8615,0.0,0.0,1.0,0.0,0.5,0.0,0.0,0.0
7005,599,ISF,coarse,0.6,0,0,1385,8615,0.0,0.0,1.0,0.0,0.5,0.0,0.0,0.0
7005,599,ISF,coarse,0.7,0,0,1385,8615,0.0,0.0,1.0,0.0,0.5,0.0,0.0,0.0
7005,599,ISF,coarse,0.8,0,0,1385,8615,0.0,0.0,1.0,0.0,0.5,0.0,0.0,0.0
7005,599,ISF,coarse,0.9,0,0,1385,8615,0.0,0.0,1.0,0.0,0.5,0.0,0.0,0.0
7005,599,ISF,coarse,1.0,0,0,1385,8615,0.0,0.0,1.0,0.0,0.5,0.0,0.0,0.0
7006,599,DBL,coarse_and_refined,0.0,1434,8566,0,0,0.1434,1.0,0.0,0.25083085534371174,0.5,1.0,1.0,0.1434
7006,599,DBL,refined,0.01,1434,8566,0,0,0.1434,1.0,0.0,0.25083085534371174,0.5,1.0,1.0,0.1434
7006,599,DBL,refined,0.02,1434,8566,0,0,0.1434,1.0,0.0,0.25083085534371174,0.5,1.0,1.0,0.1434
7006,599,DBL,refined,0.03,1434,8566,0,0,0.1434,1.0,0.0,0.25083085534371174,0.5,1.0,1.0,0.1434
7006,599,DBL,refined,0.04,1434,8566,0,0,0.1434,1.0,0.0,0.25083085534371174,0.5,1.0,1.0,0.1434
7006,599,DBL,refined,0.05,1434,8566,0,0,0.1434,1.0,0.0,0.25083085534371174,0.5,1.0,1.0,0.1434
7006,599,DBL,refined,0.06,1434,8566,0,0,0.1434,1.0,0.0,0.25083085534371174,0.5,1.0,1.0,0.1434
7006,599,DBL,refined,0.07,1434,8566,0,0,0.1434,1.0,0.0,0.25083085534371174,0.5,1.0,1.0,0.1434
7006,599,DBL,refined,0.08,1434,8566,0,0,0.1434,1.0,0.0,0.25083085534371174,0.5,1.0,1.0,0.1434
7006,599,DBL,refined,0.09,1434,8566,0,0,0.1434,1.0,0.0,0.25083085534371174,0.5,1.0,1.0,0.1434
7006,599,DBL,coarse_and_refined,0.1,1434,8566,0,0,0.1434,1.0,0.0,0.25083085534371174,0.5,1.0,1.0,0.1434
7006,599,DBL,coarse,0.2,0,0,1434,8566,0.0,0.0,1.0,0.0,0.5,0.0,0.0,0.0
7006,599,DBL,coarse,0.3,0,0,1434,8566,0.0,0.0,1.0,0.0,0.5,0.0,0.0,0.0
7006,599,DBL,coarse,0.4,0,0,1434,8566,0.0,0.0,1.0,0.0,0.5,0.0,0.0,0.0
7006,599,DBL,coarse,0.5,0,0,1434,8566,0.0,0.0,1.0,0.0,0.5,0.0,0.0,0.0
7006,599,DBL,coarse,0.6,0,0,1434,8566,0.0,0.0,1.0,0.0,0.5,0.0,0.0,0.0
7006,599,DBL,coarse,0.7,0,0,1434,8566,0.0,0.0,1.0,0.0,0.5,0.0,0.0,0.0
7006,599,DBL,coarse,0.8,0,0,1434,8566,0.0,0.0,1.0,0.0,0.5,0.0,0.0,0.0
7006,599,DBL,coarse,0.9,0,0,1434,8566,0.0,0.0,1.0,0.0,0.5,0.0,0.0,0.0
7006,599,DBL,coarse,1.0,0,0,1434,8566,0.0,0.0,1.0,0.0,0.5,0.0,0.0,0.0
7006,599,DMM,coarse_and_refined,0.0,1434,8566,0,0,0.1434,1.0,0.0,0.25083085534371174,0.5,1.0,1.0,0.1434
7006,599,DMM,refined,0.01,1434,8566,0,0,0.1434,1.0,0.0,0.25083085534371174,0.5,1.0,1.0,0.1434
7006,599,DMM,refined,0.02,1434,8566,0,0,0.1434,1.0,0.0,0.25083085534371174,0.5,1.0,1.0,0.1434
7006,599,DMM,refined,0.03,1434,8566,0,0,0.1434,1.0,0.0,0.25083085534371174,0.5,1.0,1.0,0.1434
7006,599,DMM,refined,0.04,1434,8566,0,0,0.1434,1.0,0.0,0.25083085534371174,0.5,1.0,1.0,0.1434
7006,599,DMM,refined,0.05,1434,8566,0,0,0.1434,1.0,0.0,0.25083085534371174,0.5,1.0,1.0,0.1434
7006,599,DMM,refined,0.06,1434,8566,0,0,0.1434,1.0,0.0,0.25083085534371174,0.5,1.0,1.0,0.1434
7006,599,DMM,refined,0.07,1434,8566,0,0,0.1434,1.0,0.0,0.25083085534371174,0.5,1.0,1.0,0.1434
7006,599,DMM,refined,0.08,1434,8566,0,0,0.1434,1.0,0.0,0.25083085534371174,0.5,1.0,1.0,0.1434
7006,599,DMM,refined,0.09,1434,8566,0,0,0.1434,1.0,0.0,0.25083085534371174,0.5,1.0,1.0,0.1434
7006,599,DMM,coarse_and_refined,0.1,1434,8566,0,0,0.1434,1.0,0.0,0.25083085534371174,0.5,1.0,1.0,0.1434
7006,599,DMM,coarse,0.2,0,0,1434,8566,0.0,0.0,1.0,0.0,0.5,0.0,0.0,0.0
7006,599,DMM,coarse,0.3,0,0,1434,8566,0.0,0.0,1.0,0.0,0.5,0.0,0.0,0.0
7006,599,DMM,coarse,0.4,0,0,1434,8566,0.0,0.0,1.0,0.0,0.5,0.0,0.0,0.0
7006,599,DMM,coarse,0.5,0,0,1434,8566,0.0,0.0,1.0,0.0,0.5,0.0,0.0,0.0
7006,599,DMM,coarse,0.6,0,0,1434,8566,0.0,0.0,1.0,0.0,0.5,0.0,0.0,0.0
7006,599,DMM,coarse,0.7,0,0,1434,8566,0.0,0.0,1.0,0.0,0.5,0.0,0.0,0.0
7006,599,DMM,coarse,0.8,0,0,1434,8566,0.0,0.0,1.0,0.0,0.5,0.0,0.0,0.0
7006,599,DMM,coarse,0.9,0,0,1434,8566,0.0,0.0,1.0,0.0,0.5,0.0,0.0,0.0
7006,599,DMM,coarse,1.0,0,0,1434,8566,0.0,0.0,1.0,0.0,0.5,0.0,0.0,0.0
7006,599,ISF,coarse_and_refined,0.0,1434,8566,0,0,0.1434,1.0,0.0,0.25083085534371174,0.5,1.0,1.0,0.1434
7006,599,ISF,refined,0.01,1434,8566,0,0,0.1434,1.0,0.0,0.25083085534371174,0.5,1.0,1.0,0.1434
7006,599,ISF,refined,0.02,1434,8566,0,0,0.1434,1.0,0.0,0.25083085534371174,0.5,1.0,1.0,0.1434
7006,599,ISF,refined,0.03,1434,8566,0,0,0.1434,1.0,0.0,0.25083085534371174,0.5,1.0,1.0,0.1434
7006,599,ISF,refined,0.04,1434,8566,0,0,0.1434,1.0,0.0,0.25083085534371174,0.5,1.0,1.0,0.1434
7006,599,ISF,refined,0.05,1434,8566,0,0,0.1434,1.0,0.0,0.25083085534371174,0.5,1.0,1.0,0.1434
7006,599,ISF,refined,0.06,1434,8566,0,0,0.1434,1.0,0.0,0.25083085534371174,0.5,1.0,1.0,0.1434
7006,599,ISF,refined,0.07,1434,8566,0,0,0.1434,1.0,0.0,0.25083085534371174,0.5,1.0,1.0,0.1434
7006,599,ISF,refined,0.08,1434,8566,0,0,0.1434,1.0,0.0,0.25083085534371174,0.5,1.0,1.0,0.1434
7006,599,ISF,refined,0.09,1434,8566,0,0,0.1434,1.0,0.0,0.25083085534371174,0.5,1.0,1.0,0.1434
7006,599,ISF,coarse_and_refined,0.1,1434,8566,0,0,0.1434,1.0,0.0,0.25083085534371174,0.5,1.0,1.0,0.1434
7006,599,ISF,coarse,0.2,0,0,1434,8566,0.0,0.0,1.0,0.0,0.5,0.0,0.0,0.0
7006,599,ISF,coarse,0.3,0,0,1434,8566,0.0,0.0,1.0,0.0,0.5,0.0,0.0,0.0
7006,599,ISF,coarse,0.4,0,0,1434,8566,0.0,0.0,1.0,0.0,0.5,0.0,0.0,0.0
7006,599,ISF,coarse,0.5,0,0,1434,8566,0.0,0.0,1.0,0.0,0.5,0.0,0.0,0.0
7006,599,ISF,coarse,0.6,0,0,1434,8566,0.0,0.0,1.0,0.0,0.5,0.0,0.0,0.0
7006,599,ISF,coarse,0.7,0,0,1434,8566,0.0,0.0,1.0,0.0,0.5,0.0,0.0,0.0
7006,599,ISF,coarse,0.8,0,0,1434,8566,0.0,0.0,1.0,0.0,0.5,0.0,0.0,0.0
7006,599,ISF,coarse,0.9,0,0,1434,8566,0.0,0.0,1.0,0.0,0.5,0.0,0.0,0.0
7006,599,ISF,coarse,1.0,0,0,1434,8566,0.0,0.0,1.0,0.0,0.5,0.0,0.0,0.0
7007,549,DBL,coarse_and_refined,0.0,1289,8711,0,0,0.1289,1.0,0.0,0.22836389405616084,0.5,1.0,1.0,0.1289
7007,549,DBL,refined,0.01,1289,8711,0,0,0.1289,1.0,0.0,0.22836389405616084,0.5,1.0,1.0,0.1289
7007,549,DBL,refined,0.02,1289,8711,0,0,0.1289,1.0,0.0,0.22836389405616084,0.5,1.0,1.0,0.1289
7007,549,DBL,refined,0.03,1289,8711,0,0,0.1289,1.0,0.0,0.22836389405616084,0.5,1.0,1.0,0.1289
7007,549,DBL,refined,0.04,1289,8711,0,0,0.1289,1.0,0.0,0.22836389405616084,0.5,1.0,1.0,0.1289
7007,549,DBL,refined,0.05,1289,8711,0,0,0.1289,1.0,0.0,0.22836389405616084,0.5,1.0,1.0,0.1289
7007,549,DBL,refined,0.06,1289,8711,0,0,0.1289,1.0,0.0,0.22836389405616084,0.5,1.0,1.0,0.1289
7007,549,DBL,refined,0.07,1289,8711,0,0,0.1289,1.0,0.0,0.22836389405616084,0.5,1.0,1.0,0.1289
7007,549,DBL,refined,0.08,1289,8711,0,0,0.1289,1.0,0.0,0.22836389405616084,0.5,1.0,1.0,0.1289
7007,549,DBL,refined,0.09,1289,8711,0,0,0.1289,1.0,0.0,0.22836389405616084,0.5,1.0,1.0,0.1289
7007,549,DBL,coarse_and_refined,0.1,1289,8711,0,0,0.1289,1.0,0.0,0.22836389405616084,0.5,1.0,1.0,0.1289
7007,549,DBL,coarse,0.2,0,0,1289,8711,0.0,0.0,1.0,0.0,0.5,0.0,0.0,0.0
7007,549,DBL,coarse,0.3,0,0,1289,8711,0.0,0.0,1.0,0.0,0.5,0.0,0.0,0.0
7007,549,DBL,coarse,0.4,0,0,1289,8711,0.0,0.0,1.0,0.0,0.5,0.0,0.0,0.0
7007,549,DBL,coarse,0.5,0,0,1289,8711,0.0,0.0,1.0,0.0,0.5,0.0,0.0,0.0
7007,549,DBL,coarse,0.6,0,0,1289,8711,0.0,0.0,1.0,0.0,0.5,0.0,0.0,0.0
7007,549,DBL,coarse,0.7,0,0,1289,8711,0.0,0.0,1.0,0.0,0.5,0.0,0.0,0.0
7007,549,DBL,coarse,0.8,0,0,1289,8711,0.0,0.0,1.0,0.0,0.5,0.0,0.0,0.0
7007,549,DBL,coarse,0.9,0,0,1289,8711,0.0,0.0,1.0,0.0,0.5,0.0,0.0,0.0
7007,549,DBL,coarse,1.0,0,0,1289,8711,0.0,0.0,1.0,0.0,0.5,0.0,0.0,0.0
7007,549,DMM,coarse_and_refined,0.0,1289,8711,0,0,0.1289,1.0,0.0,0.22836389405616084,0.5,1.0,1.0,0.1289
7007,549,DMM,refined,0.01,1289,8711,0,0,0.1289,1.0,0.0,0.22836389405616084,0.5,1.0,1.0,0.1289
7007,549,DMM,refined,0.02,1289,8711,0,0,0.1289,1.0,0.0,0.22836389405616084,0.5,1.0,1.0,0.1289
7007,549,DMM,refined,0.03,1289,8711,0,0,0.1289,1.0,0.0,0.22836389405616084,0.5,1.0,1.0,0.1289
7007,549,DMM,refined,0.04,1289,8711,0,0,0.1289,1.0,0.0,0.22836389405616084,0.5,1.0,1.0,0.1289
7007,549,DMM,refined,0.05,1289,8711,0,0,0.1289,1.0,0.0,0.22836389405616084,0.5,1.0,1.0,0.1289
7007,549,DMM,refined,0.06,1289,8711,0,0,0.1289,1.0,0.0,0.22836389405616084,0.5,1.0,1.0,0.1289
7007,549,DMM,refined,0.07,1289,8711,0,0,0.1289,1.0,0.0,0.22836389405616084,0.5,1.0,1.0,0.1289
7007,549,DMM,refined,0.08,1289,8711,0,0,0.1289,1.0,0.0,0.22836389405616084,0.5,1.0,1.0,0.1289
7007,549,DMM,refined,0.09,1289,8711,0,0,0.1289,1.0,0.0,0.22836389405616084,0.5,1.0,1.0,0.1289
7007,549,DMM,coarse_and_refined,0.1,1289,8711,0,0,0.1289,1.0,0.0,0.22836389405616084,0.5,1.0,1.0,0.1289
7007,549,DMM,coarse,0.2,0,0,1289,8711,0.0,0.0,1.0,0.0,0.5,0.0,0.0,0.0
7007,549,DMM,coarse,0.3,0,0,1289,8711,0.0,0.0,1.0,0.0,0.5,0.0,0.0,0.0
7007,549,DMM,coarse,0.4,0,0,1289,8711,0.0,0.0,1.0,0.0,0.5,0.0,0.0,0.0
7007,549,DMM,coarse,0.5,0,0,1289,8711,0.0,0.0,1.0,0.0,0.5,0.0,0.0,0.0
7007,549,DMM,coarse,0.6,0,0,1289,8711,0.0,0.0,1.0,0.0,0.5,0.0,0.0,0.0
7007,549,DMM,coarse,0.7,0,0,1289,8711,0.0,0.0,1.0,0.0,0.5,0.0,0.0,0.0
7007,549,DMM,coarse,0.8,0,0,1289,8711,0.0,0.0,1.0,0.0,0.5,0.0,0.0,0.0
7007,549,DMM,coarse,0.9,0,0,1289,8711,0.0,0.0,1.0,0.0,0.5,0.0,0.0,0.0
7007,549,DMM,coarse,1.0,0,0,1289,8711,0.0,0.0,1.0,0.0,0.5,0.0,0.0,0.0
7007,549,ISF,coarse_and_refined,0.0,1289,8711,0,0,0.1289,1.0,0.0,0.22836389405616084,0.5,1.0,1.0,0.1289
7007,549,ISF,refined,0.01,1289,8711,0,0,0.1289,1.0,0.0,0.22836389405616084,0.5,1.0,1.0,0.1289
7007,549,ISF,refined,0.02,1289,8711,0,0,0.1289,1.0,0.0,0.22836389405616084,0.5,1.0,1.0,0.1289
7007,549,ISF,refined,0.03,1289,8711,0,0,0.1289,1.0,0.0,0.22836389405616084,0.5,1.0,1.0,0.1289
7007,549,ISF,refined,0.04,1289,8711,0,0,0.1289,1.0,0.0,0.22836389405616084,0.5,1.0,1.0,0.1289
7007,549,ISF,refined,0.05,1289,8711,0,0,0.1289,1.0,0.0,0.22836389405616084,0.5,1.0,1.0,0.1289
7007,549,ISF,refined,0.06,1289,8711,0,0,0.1289,1.0,0.0,0.22836389405616084,0.5,1.0,1.0,0.1289
7007,549,ISF,refined,0.07,1289,8711,0,0,0.1289,1.0,0.0,0.22836389405616084,0.5,1.0,1.0,0.1289
7007,549,ISF,refined,0.08,1289,8711,0,0,0.1289,1.0,0.0,0.22836389405616084,0.5,1.0,1.0,0.1289
7007,549,ISF,refined,0.09,1289,8711,0,0,0.1289,1.0,0.0,0.22836389405616084,0.5,1.0,1.0,0.1289
7007,549,ISF,coarse_and_refined,0.1,1289,8711,0,0,0.1289,1.0,0.0,0.22836389405616084,0.5,1.0,1.0,0.1289
7007,549,ISF,coarse,0.2,0,0,1289,8711,0.0,0.0,1.0,0.0,0.5,0.0,0.0,0.0
7007,549,ISF,coarse,0.3,0,0,1289,8711,0.0,0.0,1.0,0.0,0.5,0.0,0.0,0.0
7007,549,ISF,coarse,0.4,0,0,1289,8711,0.0,0.0,1.0,0.0,0.5,0.0,0.0,0.0
7007,549,ISF,coarse,0.5,0,0,1289,8711,0.0,0.0,1.0,0.0,0.5,0.0,0.0,0.0
7007,549,ISF,coarse,0.6,0,0,1289,8711,0.0,0.0,1.0,0.0,0.5,0.0,0.0,0.0
7007,549,ISF,coarse,0.7,0,0,1289,8711,0.0,0.0,1.0,0.0,0.5,0.0,0.0,0.0
7007,549,ISF,coarse,0.8,0,0,1289,8711,0.0,0.0,1.0,0.0,0.5,0.0,0.0,0.0
7007,549,ISF,coarse,0.9,0,0,1289,8711,0.0,0.0,1.0,0.0,0.5,0.0,0.0,0.0
7007,549,ISF,coarse,1.0,0,0,1289,8711,0.0,0.0,1.0,0.0,0.5,0.0,0.0,0.0
7008,599,DBL,coarse_and_refined,0.0,1364,8636,0,0,0.1364,1.0,0.0,0.24005631819781764,0.5,1.0,1.0,0.1364
7008,599,DBL,refined,0.01,1364,8636,0,0,0.1364,1.0,0.0,0.24005631819781764,0.5,1.0,1.0,0.1364
7008,599,DBL,refined,0.02,1364,8636,0,0,0.1364,1.0,0.0,0.24005631819781764,0.5,1.0,1.0,0.1364
7008,599,DBL,refined,0.03,1364,8636,0,0,0.1364,1.0,0.0,0.24005631819781764,0.5,1.0,1.0,0.1364
7008,599,DBL,refined,0.04,1364,8636,0,0,0.1364,1.0,0.0,0.24005631819781764,0.5,1.0,1.0,0.1364
7008,599,DBL,refined,0.05,1364,8636,0,0,0.1364,1.0,0.0,0.24005631819781764,0.5,1.0,1.0,0.1364
7008,599,DBL,refined,0.06,1364,8636,0,0,0.1364,1.0,0.0,0.24005631819781764,0.5,1.0,1.0,0.1364
7008,599,DBL,refined,0.07,1364,8636,0,0,0.1364,1.0,0.0,0.24005631819781764,0.5,1.0,1.0,0.1364
7008,599,DBL,refined,0.08,1364,8636,0,0,0.1364,1.0,0.0,0.24005631819781764,0.5,1.0,1.0,0.1364
7008,599,DBL,refined,0.09,1364,8636,0,0,0.1364,1.0,0.0,0.24005631819781764,0.5,1.0,1.0,0.1364
7008,599,DBL,coarse_and_refined,0.1,1364,8636,0,0,0.1364,1.0,0.0,0.24005631819781764,0.5,1.0,1.0,0.1364
7008,599,DBL,coarse,0.2,0,0,1364,8636,0.0,0.0,1.0,0.0,0.5,0.0,0.0,0.0
7008,599,DBL,coarse,0.3,0,0,1364,8636,0.0,0.0,1.0,0.0,0.5,0.0,0.0,0.0
7008,599,DBL,coarse,0.4,0,0,1364,8636,0.0,0.0,1.0,0.0,0.5,0.0,0.0,0.0
7008,599,DBL,coarse,0.5,0,0,1364,8636,0.0,0.0,1.0,0.0,0.5,0.0,0.0,0.0
7008,599,DBL,coarse,0.6,0,0,1364,8636,0.0,0.0,1.0,0.0,0.5,0.0,0.0,0.0
7008,599,DBL,coarse,0.7,0,0,1364,8636,0.0,0.0,1.0,0.0,0.5,0.0,0.0,0.0
7008,599,DBL,coarse,0.8,0,0,1364,8636,0.0,0.0,1.0,0.0,0.5,0.0,0.0,0.0
7008,599,DBL,coarse,0.9,0,0,1364,8636,0.0,0.0,1.0,0.0,0.5,0.0,0.0,0.0
7008,599,DBL,coarse,1.0,0,0,1364,8636,0.0,0.0,1.0,0.0,0.5,0.0,0.0,0.0
7008,599,DMM,coarse_and_refined,0.0,1364,8636,0,0,0.1364,1.0,0.0,0.24005631819781764,0.5,1.0,1.0,0.1364
7008,599,DMM,refined,0.01,1364,8636,0,0,0.1364,1.0,0.0,0.24005631819781764,0.5,1.0,1.0,0.1364
7008,599,DMM,refined,0.02,1364,8636,0,0,0.1364,1.0,0.0,0.24005631819781764,0.5,1.0,1.0,0.1364
7008,599,DMM,refined,0.03,1364,8636,0,0,0.1364,1.0,0.0,0.24005631819781764,0.5,1.0,1.0,0.1364
7008,599,DMM,refined,0.04,1364,8636,0,0,0.1364,1.0,0.0,0.24005631819781764,0.5,1.0,1.0,0.1364
7008,599,DMM,refined,0.05,1364,8636,0,0,0.1364,1.0,0.0,0.24005631819781764,0.5,1.0,1.0,0.1364
7008,599,DMM,refined,0.06,1364,8636,0,0,0.1364,1.0,0.0,0.24005631819781764,0.5,1.0,1.0,0.1364
7008,599,DMM,refined,0.07,1364,8636,0,0,0.1364,1.0,0.0,0.24005631819781764,0.5,1.0,1.0,0.1364
7008,599,DMM,refined,0.08,1364,8636,0,0,0.1364,1.0,0.0,0.24005631819781764,0.5,1.0,1.0,0.1364
7008,599,DMM,refined,0.09,1364,8636,0,0,0.1364,1.0,0.0,0.24005631819781764,0.5,1.0,1.0,0.1364
7008,599,DMM,coarse_and_refined,0.1,1364,8636,0,0,0.1364,1.0,0.0,0.24005631819781764,0.5,1.0,1.0,0.1364
7008,599,DMM,coarse,0.2,0,0,1364,8636,0.0,0.0,1.0,0.0,0.5,0.0,0.0,0.0
7008,599,DMM,coarse,0.3,0,0,1364,8636,0.0,0.0,1.0,0.0,0.5,0.0,0.0,0.0
7008,599,DMM,coarse,0.4,0,0,1364,8636,0.0,0.0,1.0,0.0,0.5,0.0,0.0,0.0
7008,599,DMM,coarse,0.5,0,0,1364,8636,0.0,0.0,1.0,0.0,0.5,0.0,0.0,0.0
7008,599,DMM,coarse,0.6,0,0,1364,8636,0.0,0.0,1.0,0.0,0.5,0.0,0.0,0.0
7008,599,DMM,coarse,0.7,0,0,1364,8636,0.0,0.0,1.0,0.0,0.5,0.0,0.0,0.0
7008,599,DMM,coarse,0.8,0,0,1364,8636,0.0,0.0,1.0,0.0,0.5,0.0,0.0,0.0
7008,599,DMM,coarse,0.9,0,0,1364,8636,0.0,0.0,1.0,0.0,0.5,0.0,0.0,0.0
7008,599,DMM,coarse,1.0,0,0,1364,8636,0.0,0.0,1.0,0.0,0.5,0.0,0.0,0.0
7008,599,ISF,coarse_and_refined,0.0,1364,8636,0,0,0.1364,1.0,0.0,0.24005631819781764,0.5,1.0,1.0,0.1364
7008,599,ISF,refined,0.01,1364,8636,0,0,0.1364,1.0,0.0,0.24005631819781764,0.5,1.0,1.0,0.1364
7008,599,ISF,refined,0.02,1364,8636,0,0,0.1364,1.0,0.0,0.24005631819781764,0.5,1.0,1.0,0.1364
7008,599,ISF,refined,0.03,1364,8636,0,0,0.1364,1.0,0.0,0.24005631819781764,0.5,1.0,1.0,0.1364
7008,599,ISF,refined,0.04,1364,8636,0,0,0.1364,1.0,0.0,0.24005631819781764,0.5,1.0,1.0,0.1364
7008,599,ISF,refined,0.05,1364,8636,0,0,0.1364,1.0,0.0,0.24005631819781764,0.5,1.0,1.0,0.1364
7008,599,ISF,refined,0.06,1364,8636,0,0,0.1364,1.0,0.0,0.24005631819781764,0.5,1.0,1.0,0.1364
7008,599,ISF,refined,0.07,1364,8636,0,0,0.1364,1.0,0.0,0.24005631819781764,0.5,1.0,1.0,0.1364
7008,599,ISF,refined,0.08,1364,8636,0,0,0.1364,1.0,0.0,0.24005631819781764,0.5,1.0,1.0,0.1364
7008,599,ISF,refined,0.09,1364,8636,0,0,0.1364,1.0,0.0,0.24005631819781764,0.5,1.0,1.0,0.1364
7008,599,ISF,coarse_and_refined,0.1,1364,8636,0,0,0.1364,1.0,0.0,0.24005631819781764,0.5,1.0,1.0,0.1364
7008,599,ISF,coarse,0.2,0,0,1364,8636,0.0,0.0,1.0,0.0,0.5,0.0,0.0,0.0
7008,599,ISF,coarse,0.3,0,0,1364,8636,0.0,0.0,1.0,0.0,0.5,0.0,0.0,0.0
7008,599,ISF,coarse,0.4,0,0,1364,8636,0.0,0.0,1.0,0.0,0.5,0.0,0.0,0.0
7008,599,ISF,coarse,0.5,0,0,1364,8636,0.0,0.0,1.0,0.0,0.5,0.0,0.0,0.0
7008,599,ISF,coarse,0.6,0,0,1364,8636,0.0,0.0,1.0,0.0,0.5,0.0,0.0,0.0
7008,599,ISF,coarse,0.7,0,0,1364,8636,0.0,0.0,1.0,0.0,0.5,0.0,0.0,0.0
7008,599,ISF,coarse,0.8,0,0,1364,8636,0.0,0.0,1.0,0.0,0.5,0.0,0.0,0.0
7008,599,ISF,coarse,0.9,0,0,1364,8636,0.0,0.0,1.0,0.0,0.5,0.0,0.0,0.0
7008,599,ISF,coarse,1.0,0,0,1364,8636,0.0,0.0,1.0,0.0,0.5,0.0,0.0,0.0
7009,599,DBL,coarse_and_refined,0.0,1333,8667,0,0,0.1333,1.0,0.0,0.2352422130062649,0.5,1.0,1.0,0.1333
7009,599,DBL,refined,0.01,1333,8667,0,0,0.1333,1.0,0.0,0.2352422130062649,0.5,1.0,1.0,0.1333
7009,599,DBL,refined,0.02,1333,8667,0,0,0.1333,1.0,0.0,0.2352422130062649,0.5,1.0,1.0,0.1333
7009,599,DBL,refined,0.03,1333,8667,0,0,0.1333,1.0,0.0,0.2352422130062649,0.5,1.0,1.0,0.1333
7009,599,DBL,refined,0.04,1333,8667,0,0,0.1333,1.0,0.0,0.2352422130062649,0.5,1.0,1.0,0.1333
7009,599,DBL,refined,0.05,1333,8667,0,0,0.1333,1.0,0.0,0.2352422130062649,0.5,1.0,1.0,0.1333
7009,599,DBL,refined,0.06,1333,8667,0,0,0.1333,1.0,0.0,0.2352422130062649,0.5,1.0,1.0,0.1333
7009,599,DBL,refined,0.07,1333,8667,0,0,0.1333,1.0,0.0,0.2352422130062649,0.5,1.0,1.0,0.1333
7009,599,DBL,refined,0.08,1333,8667,0,0,0.1333,1.0,0.0,0.2352422130062649,0.5,1.0,1.0,0.1333
7009,599,DBL,refined,0.09,1333,8667,0,0,0.1333,1.0,0.0,0.2352422130062649,0.5,1.0,1.0,0.1333
7009,599,DBL,coarse_and_refined,0.1,1333,8667,0,0,0.1333,1.0,0.0,0.2352422130062649,0.5,1.0,1.0,0.1333
7009,599,DBL,coarse,0.2,0,0,1333,8667,0.0,0.0,1.0,0.0,0.5,0.0,0.0,0.0
7009,599,DBL,coarse,0.3,0,0,1333,8667,0.0,0.0,1.0,0.0,0.5,0.0,0.0,0.0
7009,599,DBL,coarse,0.4,0,0,1333,8667,0.0,0.0,1.0,0.0,0.5,0.0,0.0,0.0
7009,599,DBL,coarse,0.5,0,0,1333,8667,0.0,0.0,1.0,0.0,0.5,0.0,0.0,0.0
7009,599,DBL,coarse,0.6,0,0,1333,8667,0.0,0.0,1.0,0.0,0.5,0.0,0.0,0.0
7009,599,DBL,coarse,0.7,0,0,1333,8667,0.0,0.0,1.0,0.0,0.5,0.0,0.0,0.0
7009,599,DBL,coarse,0.8,0,0,1333,8667,0.0,0.0,1.0,0.0,0.5,0.0,0.0,0.0
7009,599,DBL,coarse,0.9,0,0,1333,8667,0.0,0.0,1.0,0.0,0.5,0.0,0.0,0.0
7009,599,DBL,coarse,1.0,0,0,1333,8667,0.0,0.0,1.0,0.0,0.5,0.0,0.0,0.0
7009,599,DMM,coarse_and_refined,0.0,1333,8667,0,0,0.1333,1.0,0.0,0.2352422130062649,0.5,1.0,1.0,0.1333
7009,599,DMM,refined,0.01,1333,8667,0,0,0.1333,1.0,0.0,0.2352422130062649,0.5,1.0,1.0,0.1333
7009,599,DMM,refined,0.02,1333,8667,0,0,0.1333,1.0,0.0,0.2352422130062649,0.5,1.0,1.0,0.1333
7009,599,DMM,refined,0.03,1333,8667,0,0,0.1333,1.0,0.0,0.2352422130062649,0.5,1.0,1.0,0.1333
7009,599,DMM,refined,0.04,1333,8667,0,0,0.1333,1.0,0.0,0.2352422130062649,0.5,1.0,1.0,0.1333
7009,599,DMM,refined,0.05,1333,8667,0,0,0.1333,1.0,0.0,0.2352422130062649,0.5,1.0,1.0,0.1333
7009,599,DMM,refined,0.06,1333,8667,0,0,0.1333,1.0,0.0,0.2352422130062649,0.5,1.0,1.0,0.1333
7009,599,DMM,refined,0.07,1333,8667,0,0,0.1333,1.0,0.0,0.2352422130062649,0.5,1.0,1.0,0.1333
7009,599,DMM,refined,0.08,1333,8667,0,0,0.1333,1.0,0.0,0.2352422130062649,0.5,1.0,1.0,0.1333
7009,599,DMM,refined,0.09,1333,8667,0,0,0.1333,1.0,0.0,0.2352422130062649,0.5,1.0,1.0,0.1333
7009,599,DMM,coarse_and_refined,0.1,1333,8667,0,0,0.1333,1.0,0.0,0.2352422130062649,0.5,1.0,1.0,0.1333
7009,599,DMM,coarse,0.2,0,0,1333,8667,0.0,0.0,1.0,0.0,0.5,0.0,0.0,0.0
7009,599,DMM,coarse,0.3,0,0,1333,8667,0.0,0.0,1.0,0.0,0.5,0.0,0.0,0.0
7009,599,DMM,coarse,0.4,0,0,1333,8667,0.0,0.0,1.0,0.0,0.5,0.0,0.0,0.0
7009,599,DMM,coarse,0.5,0,0,1333,8667,0.0,0.0,1.0,0.0,0.5,0.0,0.0,0.0
7009,599,DMM,coarse,0.6,0,0,1333,8667,0.0,0.0,1.0,0.0,0.5,0.0,0.0,0.0
7009,599,DMM,coarse,0.7,0,0,1333,8667,0.0,0.0,1.0,0.0,0.5,0.0,0.0,0.0
7009,599,DMM,coarse,0.8,0,0,1333,8667,0.0,0.0,1.0,0.0,0.5,0.0,0.0,0.0
7009,599,DMM,coarse,0.9,0,0,1333,8667,0.0,0.0,1.0,0.0,0.5,0.0,0.0,0.0
7009,599,DMM,coarse,1.0,0,0,1333,8667,0.0,0.0,1.0,0.0,0.5,0.0,0.0,0.0
7009,599,ISF,coarse_and_refined,0.0,1333,8667,0,0,0.1333,1.0,0.0,0.2352422130062649,0.5,1.0,1.0,0.1333
7009,599,ISF,refined,0.01,1333,8667,0,0,0.1333,1.0,0.0,0.2352422130062649,0.5,1.0,1.0,0.1333
7009,599,ISF,refined,0.02,1333,8667,0,0,0.1333,1.0,0.0,0.2352422130062649,0.5,1.0,1.0,0.1333
7009,599,ISF,refined,0.03,1333,8667,0,0,0.1333,1.0,0.0,0.2352422130062649,0.5,1.0,1.0,0.1333
7009,599,ISF,refined,0.04,1333,8667,0,0,0.1333,1.0,0.0,0.2352422130062649,0.5,1.0,1.0,0.1333
7009,599,ISF,refined,0.05,1333,8667,0,0,0.1333,1.0,0.0,0.2352422130062649,0.5,1.0,1.0,0.1333
7009,599,ISF,refined,0.06,1333,8667,0,0,0.1333,1.0,0.0,0.2352422130062649,0.5,1.0,1.0,0.1333
7009,599,ISF,refined,0.07,1333,8667,0,0,0.1333,1.0,0.0,0.2352422130062649,0.5,1.0,1.0,0.1333
7009,599,ISF,refined,0.08,1333,8667,0,0,0.1333,1.0,0.0,0.2352422130062649,0.5,1.0,1.0,0.1333
7009,599,ISF,refined,0.09,1333,8667,0,0,0.1333,1.0,0.0,0.2352422130062649,0.5,1.0,1.0,0.1333
7009,599,ISF,coarse_and_refined,0.1,1333,8667,0,0,0.1333,1.0,0.0,0.2352422130062649,0.5,1.0,1.0,0.1333
7009,599,ISF,coarse,0.2,0,0,1333,8667,0.0,0.0,1.0,0.0,0.5,0.0,0.0,0.0
7009,599,ISF,coarse,0.3,0,0,1333,8667,0.0,0.0,1.0,0.0,0.5,0.0,0.0,0.0
7009,599,ISF,coarse,0.4,0,0,1333,8667,0.0,0.0,1.0,0.0,0.5,0.0,0.0,0.0
7009,599,ISF,coarse,0.5,0,0,1333,8667,0.0,0.0,1.0,0.0,0.5,0.0,0.0,0.0
7009,599,ISF,coarse,0.6,0,0,1333,8667,0.0,0.0,1.0,0.0,0.5,0.0,0.0,0.0
7009,599,ISF,coarse,0.7,0,0,1333,8667,0.0,0.0,1.0,0.0,0.5,0.0,0.0,0.0
7009,599,ISF,coarse,0.8,0,0,1333,8667,0.0,0.0,1.0,0.0,0.5,0.0,0.0,0.0
7009,599,ISF,coarse,0.9,0,0,1333,8667,0.0,0.0,1.0,0.0,0.5,0.0,0.0,0.0
7009,599,ISF,coarse,1.0,0,0,1333,8667,0.0,0.0,1.0,0.0,0.5,0.0,0.0,0.0
7010,599,DBL,coarse_and_refined,0.0,1311,8689,0,0,0.1311,1.0,0.0,0.23180974272831756,0.5,1.0,1.0,0.1311
7010,599,DBL,refined,0.01,1311,8689,0,0,0.1311,1.0,0.0,0.23180974272831756,0.5,1.0,1.0,0.1311
7010,599,DBL,refined,0.02,1311,8689,0,0,0.1311,1.0,0.0,0.23180974272831756,0.5,1.0,1.0,0.1311
7010,599,DBL,refined,0.03,1311,8689,0,0,0.1311,1.0,0.0,0.23180974272831756,0.5,1.0,1.0,0.1311
7010,599,DBL,refined,0.04,1311,8689,0,0,0.1311,1.0,0.0,0.23180974272831756,0.5,1.0,1.0,0.1311
7010,599,DBL,refined,0.05,1311,8689,0,0,0.1311,1.0,0.0,0.23180974272831756,0.5,1.0,1.0,0.1311
7010,599,DBL,refined,0.06,1311,8689,0,0,0.1311,1.0,0.0,0.23180974272831756,0.5,1.0,1.0,0.1311
7010,599,DBL,refined,0.07,1311,8689,0,0,0.1311,1.0,0.0,0.23180974272831756,0.5,1.0,1.0,0.1311
7010,599,DBL,refined,0.08,1311,8689,0,0,0.1311,1.0,0.0,0.23180974272831756,0.5,1.0,1.0,0.1311
7010,599,DBL,refined,0.09,1311,8689,0,0,0.1311,1.0,0.0,0.23180974272831756,0.5,1.0,1.0,0.1311
7010,599,DBL,coarse_and_refined,0.1,1311,8689,0,0,0.1311,1.0,0.0,0.23180974272831756,0.5,1.0,1.0,0.1311
7010,599,DBL,coarse,0.2,0,0,1311,8689,0.0,0.0,1.0,0.0,0.5,0.0,0.0,0.0
7010,599,DBL,coarse,0.3,0,0,1311,8689,0.0,0.0,1.0,0.0,0.5,0.0,0.0,0.0
7010,599,DBL,coarse,0.4,0,0,1311,8689,0.0,0.0,1.0,0.0,0.5,0.0,0.0,0.0
7010,599,DBL,coarse,0.5,0,0,1311,8689,0.0,0.0,1.0,0.0,0.5,0.0,0.0,0.0
7010,599,DBL,coarse,0.6,0,0,1311,8689,0.0,0.0,1.0,0.0,0.5,0.0,0.0,0.0
7010,599,DBL,coarse,0.7,0,0,1311,8689,0.0,0.0,1.0,0.0,0.5,0.0,0.0,0.0
7010,599,DBL,coarse,0.8,0,0,1311,8689,0.0,0.0,1.0,0.0,0.5,0.0,0.0,0.0
7010,599,DBL,coarse,0.9,0,0,1311,8689,0.0,0.0,1.0,0.0,0.5,0.0,0.0,0.0
7010,599,DBL,coarse,1.0,0,0,1311,8689,0.0,0.0,1.0,0.0,0.5,0.0,0.0,0.0
7010,599,DMM,coarse_and_refined,0.0,1311,8689,0,0,0.1311,1.0,0.0,0.23180974272831756,0.5,1.0,1.0,0.1311
7010,599,DMM,refined,0.01,1311,8689,0,0,0.1311,1.0,0.0,0.23180974272831756,0.5,1.0,1.0,0.1311
7010,599,DMM,refined,0.02,1311,8689,0,0,0.1311,1.0,0.0,0.23180974272831756,0.5,1.0,1.0,0.1311
7010,599,DMM,refined,0.03,1311,8689,0,0,0.1311,1.0,0.0,0.23180974272831756,0.5,1.0,1.0,0.1311
7010,599,DMM,refined,0.04,1311,8689,0,0,0.1311,1.0,0.0,0.23180974272831756,0.5,1.0,1.0,0.1311
7010,599,DMM,refined,0.05,1311,8689,0,0,0.1311,1.0,0.0,0.23180974272831756,0.5,1.0,1.0,0.1311
7010,599,DMM,refined,0.06,1311,8689,0,0,0.1311,1.0,0.0,0.23180974272831756,0.5,1.0,1.0,0.1311
7010,599,DMM,refined,0.07,1311,8689,0,0,0.1311,1.0,0.0,0.23180974272831756,0.5,1.0,1.0,0.1311
7010,599,DMM,refined,0.08,1311,8689,0,0,0.1311,1.0,0.0,0.23180974272831756,0.5,1.0,1.0,0.1311
7010,599,DMM,refined,0.09,1311,8689,0,0,0.1311,1.0,0.0,0.23180974272831756,0.5,1.0,1.0,0.1311
7010,599,DMM,coarse_and_refined,0.1,1311,8689,0,0,0.1311,1.0,0.0,0.23180974272831756,0.5,1.0,1.0,0.1311
7010,599,DMM,coarse,0.2,0,0,1311,8689,0.0,0.0,1.0,0.0,0.5,0.0,0.0,0.0
7010,599,DMM,coarse,0.3,0,0,1311,8689,0.0,0.0,1.0,0.0,0.5,0.0,0.0,0.0
7010,599,DMM,coarse,0.4,0,0,1311,8689,0.0,0.0,1.0,0.0,0.5,0.0,0.0,0.0
7010,599,DMM,coarse,0.5,0,0,1311,8689,0.0,0.0,1.0,0.0,0.5,0.0,0.0,0.0
7010,599,DMM,coarse,0.6,0,0,1311,8689,0.0,0.0,1.0,0.0,0.5,0.0,0.0,0.0
7010,599,DMM,coarse,0.7,0,0,1311,8689,0.0,0.0,1.0,0.0,0.5,0.0,0.0,0.0
7010,599,DMM,coarse,0.8,0,0,1311,8689,0.0,0.0,1.0,0.0,0.5,0.0,0.0,0.0
7010,599,DMM,coarse,0.9,0,0,1311,8689,0.0,0.0,1.0,0.0,0.5,0.0,0.0,0.0
7010,599,DMM,coarse,1.0,0,0,1311,8689,0.0,0.0,1.0,0.0,0.5,0.0,0.0,0.0
7010,599,ISF,coarse_and_refined,0.0,1311,8689,0,0,0.1311,1.0,0.0,0.23180974272831756,0.5,1.0,1.0,0.1311
7010,599,ISF,refined,0.01,1311,8689,0,0,0.1311,1.0,0.0,0.23180974272831756,0.5,1.0,1.0,0.1311
7010,599,ISF,refined,0.02,1311,8689,0,0,0.1311,1.0,0.0,0.23180974272831756,0.5,1.0,1.0,0.1311
7010,599,ISF,refined,0.03,1311,8689,0,0,0.1311,1.0,0.0,0.23180974272831756,0.5,1.0,1.0,0.1311
7010,599,ISF,refined,0.04,1311,8689,0,0,0.1311,1.0,0.0,0.23180974272831756,0.5,1.0,1.0,0.1311
7010,599,ISF,refined,0.05,1311,8689,0,0,0.1311,1.0,0.0,0.23180974272831756,0.5,1.0,1.0,0.1311
7010,599,ISF,refined,0.06,1311,8689,0,0,0.1311,1.0,0.0,0.23180974272831756,0.5,1.0,1.0,0.1311
7010,599,ISF,refined,0.07,1311,8689,0,0,0.1311,1.0,0.0,0.23180974272831756,0.5,1.0,1.0,0.1311
7010,599,ISF,refined,0.08,1311,8689,0,0,0.1311,1.0,0.0,0.23180974272831756,0.5,1.0,1.0,0.1311
7010,599,ISF,refined,0.09,1311,8689,0,0,0.1311,1.0,0.0,0.23180974272831756,0.5,1.0,1.0,0.1311
7010,599,ISF,coarse_and_refined,0.1,1311,8689,0,0,0.1311,1.0,0.0,0.23180974272831756,0.5,1.0,1.0,0.1311
7010,599,ISF,coarse,0.2,0,0,1311,8689,0.0,0.0,1.0,0.0,0.5,0.0,0.0,0.0
7010,599,ISF,coarse,0.3,0,0,1311,8689,0.0,0.0,1.0,0.0,0.5,0.0,0.0,0.0
7010,599,ISF,coarse,0.4,0,0,1311,8689,0.0,0.0,1.0,0.0,0.5,0.0,0.0,0.0
7010,599,ISF,coarse,0.5,0,0,1311,8689,0.0,0.0,1.0,0.0,0.5,0.0,0.0,0.0
7010,599,ISF,coarse,0.6,0,0,1311,8689,0.0,0.0,1.0,0.0,0.5,0.0,0.0,0.0
7010,599,ISF,coarse,0.7,0,0,1311,8689,0.0,0.0,1.0,0.0,0.5,0.0,0.0,0.0
7010,599,ISF,coarse,0.8,0,0,1311,8689,0.0,0.0,1.0,0.0,0.5,0.0,0.0,0.0
7010,599,ISF,coarse,0.9,0,0,1311,8689,0.0,0.0,1.0,0.0,0.5,0.0,0.0,0.0
7010,599,ISF,coarse,1.0,0,0,1311,8689,0.0,0.0,1.0,0.0,0.5,0.0,0.0,0.0
7011,649,DBL,coarse_and_refined,0.0,1351,8649,0,0,0.1351,1.0,0.0,0.2380407012598009,0.5,1.0,1.0,0.1351
7011,649,DBL,refined,0.01,1351,8649,0,0,0.1351,1.0,0.0,0.2380407012598009,0.5,1.0,1.0,0.1351
7011,649,DBL,refined,0.02,1351,8649,0,0,0.1351,1.0,0.0,0.2380407012598009,0.5,1.0,1.0,0.1351
7011,649,DBL,refined,0.03,1351,8649,0,0,0.1351,1.0,0.0,0.2380407012598009,0.5,1.0,1.0,0.1351
7011,649,DBL,refined,0.04,1351,8649,0,0,0.1351,1.0,0.0,0.2380407012598009,0.5,1.0,1.0,0.1351
7011,649,DBL,refined,0.05,1351,8649,0,0,0.1351,1.0,0.0,0.2380407012598009,0.5,1.0,1.0,0.1351
7011,649,DBL,refined,0.06,1351,8649,0,0,0.1351,1.0,0.0,0.2380407012598009,0.5,1.0,1.0,0.1351
7011,649,DBL,refined,0.07,1351,8649,0,0,0.1351,1.0,0.0,0.2380407012598009,0.5,1.0,1.0,0.1351
7011,649,DBL,refined,0.08,1351,8649,0,0,0.1351,1.0,0.0,0.2380407012598009,0.5,1.0,1.0,0.1351
7011,649,DBL,refined,0.09,1351,8649,0,0,0.1351,1.0,0.0,0.2380407012598009,0.5,1.0,1.0,0.1351
7011,649,DBL,coarse_and_refined,0.1,1351,8649,0,0,0.1351,1.0,0.0,0.2380407012598009,0.5,1.0,1.0,0.1351
7011,649,DBL,coarse,0.2,0,0,1351,8649,0.0,0.0,1.0,0.0,0.5,0.0,0.0,0.0
7011,649,DBL,coarse,0.3,0,0,1351,8649,0.0,0.0,1.0,0.0,0.5,0.0,0.0,0.0
7011,649,DBL,coarse,0.4,0,0,1351,8649,0.0,0.0,1.0,0.0,0.5,0.0,0.0,0.0
7011,649,DBL,coarse,0.5,0,0,1351,8649,0.0,0.0,1.0,0.0,0.5,0.0,0.0,0.0
7011,649,DBL,coarse,0.6,0,0,1351,8649,0.0,0.0,1.0,0.0,0.5,0.0,0.0,0.0
7011,649,DBL,coarse,0.7,0,0,1351,8649,0.0,0.0,1.0,0.0,0.5,0.0,0.0,0.0
7011,649,DBL,coarse,0.8,0,0,1351,8649,0.0,0.0,1.0,0.0,0.5,0.0,0.0,0.0
7011,649,DBL,coarse,0.9,0,0,1351,8649,0.0,0.0,1.0,0.0,0.5,0.0,0.0,0.0
7011,649,DBL,coarse,1.0,0,0,1351,8649,0.0,0.0,1.0,0.0,0.5,0.0,0.0,0.0
7011,649,DMM,coarse_and_refined,0.0,1351,8649,0,0,0.1351,1.0,0.0,0.2380407012598009,0.5,1.0,1.0,0.1351
7011,649,DMM,refined,0.01,1351,8649,0,0,0.1351,1.0,0.0,0.2380407012598009,0.5,1.0,1.0,0.1351
7011,649,DMM,refined,0.02,1351,8649,0,0,0.1351,1.0,0.0,0.2380407012598009,0.5,1.0,1.0,0.1351
7011,649,DMM,refined,0.03,1351,8649,0,0,0.1351,1.0,0.0,0.2380407012598009,0.5,1.0,1.0,0.1351
7011,649,DMM,refined,0.04,1351,8649,0,0,0.1351,1.0,0.0,0.2380407012598009,0.5,1.0,1.0,0.1351
7011,649,DMM,refined,0.05,1351,8649,0,0,0.1351,1.0,0.0,0.2380407012598009,0.5,1.0,1.0,0.1351
7011,649,DMM,refined,0.06,1351,8649,0,0,0.1351,1.0,0.0,0.2380407012598009,0.5,1.0,1.0,0.1351
7011,649,DMM,refined,0.07,1351,8649,0,0,0.1351,1.0,0.0,0.2380407012598009,0.5,1.0,1.0,0.1351
7011,649,DMM,refined,0.08,1351,8649,0,0,0.1351,1.0,0.0,0.2380407012598009,0.5,1.0,1.0,0.1351
7011,649,DMM,refined,0.09,1351,8649,0,0,0.1351,1.0,0.0,0.2380407012598009,0.5,1.0,1.0,0.1351
7011,649,DMM,coarse_and_refined,0.1,1351,8649,0,0,0.1351,1.0,0.0,0.2380407012598009,0.5,1.0,1.0,0.1351
7011,649,DMM,coarse,0.2,0,0,1351,8649,0.0,0.0,1.0,0.0,0.5,0.0,0.0,0.0
7011,649,DMM,coarse,0.3,0,0,1351,8649,0.0,0.0,1.0,0.0,0.5,0.0,0.0,0.0
7011,649,DMM,coarse,0.4,0,0,1351,8649,0.0,0.0,1.0,0.0,0.5,0.0,0.0,0.0
7011,649,DMM,coarse,0.5,0,0,1351,8649,0.0,0.0,1.0,0.0,0.5,0.0,0.0,0.0
7011,649,DMM,coarse,0.6,0,0,1351,8649,0.0,0.0,1.0,0.0,0.5,0.0,0.0,0.0
7011,649,DMM,coarse,0.7,0,0,1351,8649,0.0,0.0,1.0,0.0,0.5,0.0,0.0,0.0
7011,649,DMM,coarse,0.8,0,0,1351,8649,0.0,0.0,1.0,0.0,0.5,0.0,0.0,0.0
7011,649,DMM,coarse,0.9,0,0,1351,8649,0.0,0.0,1.0,0.0,0.5,0.0,0.0,0.0
7011,649,DMM,coarse,1.0,0,0,1351,8649,0.0,0.0,1.0,0.0,0.5,0.0,0.0,0.0
7011,649,ISF,coarse_and_refined,0.0,1351,8649,0,0,0.1351,1.0,0.0,0.2380407012598009,0.5,1.0,1.0,0.1351
7011,649,ISF,refined,0.01,1351,8649,0,0,0.1351,1.0,0.0,0.2380407012598009,0.5,1.0,1.0,0.1351
7011,649,ISF,refined,0.02,1351,8649,0,0,0.1351,1.0,0.0,0.2380407012598009,0.5,1.0,1.0,0.1351
7011,649,ISF,refined,0.03,1351,8649,0,0,0.1351,1.0,0.0,0.2380407012598009,0.5,1.0,1.0,0.1351
7011,649,ISF,refined,0.04,1351,8649,0,0,0.1351,1.0,0.0,0.2380407012598009,0.5,1.0,1.0,0.1351
7011,649,ISF,refined,0.05,1351,8649,0,0,0.1351,1.0,0.0,0.2380407012598009,0.5,1.0,1.0,0.1351
7011,649,ISF,refined,0.06,1351,8649,0,0,0.1351,1.0,0.0,0.2380407012598009,0.5,1.0,1.0,0.1351
7011,649,ISF,refined,0.07,1351,8649,0,0,0.1351,1.0,0.0,0.2380407012598009,0.5,1.0,1.0,0.1351
7011,649,ISF,refined,0.08,1351,8649,0,0,0.1351,1.0,0.0,0.2380407012598009,0.5,1.0,1.0,0.1351
7011,649,ISF,refined,0.09,1351,8649,0,0,0.1351,1.0,0.0,0.2380407012598009,0.5,1.0,1.0,0.1351
7011,649,ISF,coarse_and_refined,0.1,1351,8649,0,0,0.1351,1.0,0.0,0.2380407012598009,0.5,1.0,1.0,0.1351
7011,649,ISF,coarse,0.2,0,0,1351,8649,0.0,0.0,1.0,0.0,0.5,0.0,0.0,0.0
7011,649,ISF,coarse,0.3,0,0,1351,8649,0.0,0.0,1.0,0.0,0.5,0.0,0.0,0.0
7011,649,ISF,coarse,0.4,0,0,1351,8649,0.0,0.0,1.0,0.0,0.5,0.0,0.0,0.0
7011,649,ISF,coarse,0.5,0,0,1351,8649,0.0,0.0,1.0,0.0,0.5,0.0,0.0,0.0
7011,649,ISF,coarse,0.6,0,0,1351,8649,0.0,0.0,1.0,0.0,0.5,0.0,0.0,0.0
7011,649,ISF,coarse,0.7,0,0,1351,8649,0.0,0.0,1.0,0.0,0.5,0.0,0.0,0.0
7011,649,ISF,coarse,0.8,0,0,1351,8649,0.0,0.0,1.0,0.0,0.5,0.0,0.0,0.0
7011,649,ISF,coarse,0.9,0,0,1351,8649,0.0,0.0,1.0,0.0,0.5,0.0,0.0,0.0
7011,649,ISF,coarse,1.0,0,0,1351,8649,0.0,0.0,1.0,0.0,0.5,0.0,0.0,0.0
7012,549,DBL,coarse_and_refined,0.0,1393,8607,0,0,0.1393,1.0,0.0,0.2445361186693584,0.5,1.0,1.0,0.1393
7012,549,DBL,refined,0.01,1393,8607,0,0,0.1393,1.0,0.0,0.2445361186693584,0.5,1.0,1.0,0.1393
7012,549,DBL,refined,0.02,1393,8607,0,0,0.1393,1.0,0.0,0.2445361186693584,0.5,1.0,1.0,0.1393
7012,549,DBL,refined,0.03,1393,8607,0,0,0.1393,1.0,0.0,0.2445361186693584,0.5,1.0,1.0,0.1393
7012,549,DBL,refined,0.04,1393,8607,0,0,0.1393,1.0,0.0,0.2445361186693584,0.5,1.0,1.0,0.1393
7012,549,DBL,refined,0.05,1393,8607,0,0,0.1393,1.0,0.0,0.2445361186693584,0.5,1.0,1.0,0.1393
7012,549,DBL,refined,0.06,1393,8607,0,0,0.1393,1.0,0.0,0.2445361186693584,0.5,1.0,1.0,0.1393
7012,549,DBL,refined,0.07,1393,8607,0,0,0.1393,1.0,0.0,0.2445361186693584,0.5,1.0,1.0,0.1393
7012,549,DBL,refined,0.08,1393,8607,0,0,0.1393,1.0,0.0,0.2445361186693584,0.5,1.0,1.0,0.1393
7012,549,DBL,refined,0.09,1393,8607,0,0,0.1393,1.0,0.0,0.2445361186693584,0.5,1.0,1.0,0.1393
7012,549,DBL,coarse_and_refined,0.1,1393,8607,0,0,0.1393,1.0,0.0,0.2445361186693584,0.5,1.0,1.0,0.1393
7012,549,DBL,coarse,0.2,0,0,1393,8607,0.0,0.0,1.0,0.0,0.5,0.0,0.0,0.0
7012,549,DBL,coarse,0.3,0,0,1393,8607,0.0,0.0,1.0,0.0,0.5,0.0,0.0,0.0
7012,549,DBL,coarse,0.4,0,0,1393,8607,0.0,0.0,1.0,0.0,0.5,0.0,0.0,0.0
7012,549,DBL,coarse,0.5,0,0,1393,8607,0.0,0.0,1.0,0.0,0.5,0.0,0.0,0.0
7012,549,DBL,coarse,0.6,0,0,1393,8607,0.0,0.0,1.0,0.0,0.5,0.0,0.0,0.0
7012,549,DBL,coarse,0.7,0,0,1393,8607,0.0,0.0,1.0,0.0,0.5,0.0,0.0,0.0
7012,549,DBL,coarse,0.8,0,0,1393,8607,0.0,0.0,1.0,0.0,0.5,0.0,0.0,0.0
7012,549,DBL,coarse,0.9,0,0,1393,8607,0.0,0.0,1.0,0.0,0.5,0.0,0.0,0.0
7012,549,DBL,coarse,1.0,0,0,1393,8607,0.0,0.0,1.0,0.0,0.5,0.0,0.0,0.0
7012,549,DMM,coarse_and_refined,0.0,1393,8607,0,0,0.1393,1.0,0.0,0.2445361186693584,0.5,1.0,1.0,0.1393
7012,549,DMM,refined,0.01,1393,8607,0,0,0.1393,1.0,0.0,0.2445361186693584,0.5,1.0,1.0,0.1393
7012,549,DMM,refined,0.02,1393,8607,0,0,0.1393,1.0,0.0,0.2445361186693584,0.5,1.0,1.0,0.1393
7012,549,DMM,refined,0.03,1393,8607,0,0,0.1393,1.0,0.0,0.2445361186693584,0.5,1.0,1.0,0.1393
7012,549,DMM,refined,0.04,1393,8607,0,0,0.1393,1.0,0.0,0.2445361186693584,0.5,1.0,1.0,0.1393
7012,549,DMM,refined,0.05,1393,8607,0,0,0.1393,1.0,0.0,0.2445361186693584,0.5,1.0,1.0,0.1393
7012,549,DMM,refined,0.06,1393,8607,0,0,0.1393,1.0,0.0,0.2445361186693584,0.5,1.0,1.0,0.1393
7012,549,DMM,refined,0.07,1393,8607,0,0,0.1393,1.0,0.0,0.2445361186693584,0.5,1.0,1.0,0.1393
7012,549,DMM,refined,0.08,1393,8607,0,0,0.1393,1.0,0.0,0.2445361186693584,0.5,1.0,1.0,0.1393
7012,549,DMM,refined,0.09,1393,8607,0,0,0.1393,1.0,0.0,0.2445361186693584,0.5,1.0,1.0,0.1393
7012,549,DMM,coarse_and_refined,0.1,1393,8607,0,0,0.1393,1.0,0.0,0.2445361186693584,0.5,1.0,1.0,0.1393
7012,549,DMM,coarse,0.2,0,0,1393,8607,0.0,0.0,1.0,0.0,0.5,0.0,0.0,0.0
7012,549,DMM,coarse,0.3,0,0,1393,8607,0.0,0.0,1.0,0.0,0.5,0.0,0.0,0.0
7012,549,DMM,coarse,0.4,0,0,1393,8607,0.0,0.0,1.0,0.0,0.5,0.0,0.0,0.0
7012,549,DMM,coarse,0.5,0,0,1393,8607,0.0,0.0,1.0,0.0,0.5,0.0,0.0,0.0
7012,549,DMM,coarse,0.6,0,0,1393,8607,0.0,0.0,1.0,0.0,0.5,0.0,0.0,0.0
7012,549,DMM,coarse,0.7,0,0,1393,8607,0.0,0.0,1.0,0.0,0.5,0.0,0.0,0.0
7012,549,DMM,coarse,0.8,0,0,1393,8607,0.0,0.0,1.0,0.0,0.5,0.0,0.0,0.0
7012,549,DMM,coarse,0.9,0,0,1393,8607,0.0,0.0,1.0,0.0,0.5,0.0,0.0,0.0
7012,549,DMM,coarse,1.0,0,0,1393,8607,0.0,0.0,1.0,0.0,0.5,0.0,0.0,0.0
7012,549,ISF,coarse_and_refined,0.0,1393,8607,0,0,0.1393,1.0,0.0,0.2445361186693584,0.5,1.0,1.0,0.1393
7012,549,ISF,refined,0.01,1393,8607,0,0,0.1393,1.0,0.0,0.2445361186693584,0.5,1.0,1.0,0.1393
7012,549,ISF,refined,0.02,1393,8607,0,0,0.1393,1.0,0.0,0.2445361186693584,0.5,1.0,1.0,0.1393
7012,549,ISF,refined,0.03,1393,8607,0,0,0.1393,1.0,0.0,0.2445361186693584,0.5,1.0,1.0,0.1393
7012,549,ISF,refined,0.04,1393,8607,0,0,0.1393,1.0,0.0,0.2445361186693584,0.5,1.0,1.0,0.1393
7012,549,ISF,refined,0.05,1393,8607,0,0,0.1393,1.0,0.0,0.2445361186693584,0.5,1.0,1.0,0.1393
7012,549,ISF,refined,0.06,1393,8607,0,0,0.1393,1.0,0.0,0.2445361186693584,0.5,1.0,1.0,0.1393
7012,549,ISF,refined,0.07,1393,8607,0,0,0.1393,1.0,0.0,0.2445361186693584,0.5,1.0,1.0,0.1393
7012,549,ISF,refined,0.08,1393,8607,0,0,0.1393,1.0,0.0,0.2445361186693584,0.5,1.0,1.0,0.1393
7012,549,ISF,refined,0.09,1393,8607,0,0,0.1393,1.0,0.0,0.2445361186693584,0.5,1.0,1.0,0.1393
7012,549,ISF,coarse_and_refined,0.1,1393,8607,0,0,0.1393,1.0,0.0,0.2445361186693584,0.5,1.0,1.0,0.1393
7012,549,ISF,coarse,0.2,0,0,1393,8607,0.0,0.0,1.0,0.0,0.5,0.0,0.0,0.0
7012,549,ISF,coarse,0.3,0,0,1393,8607,0.0,0.0,1.0,0.0,0.5,0.0,0.0,0.0
7012,549,ISF,coarse,0.4,0,0,1393,8607,0.0,0.0,1.0,0.0,0.5,0.0,0.0,0.0
7012,549,ISF,coarse,0.5,0,0,1393,8607,0.0,0.0,1.0,0.0,0.5,0.0,0.0,0.0
7012,549,ISF,coarse,0.6,0,0,1393,8607,0.0,0.0,1.0,0.0,0.5,0.0,0.0,0.0
7012,549,ISF,coarse,0.7,0,0,1393,8607,0.0,0.0,1.0,0.0,0.5,0.0,0.0,0.0
7012,549,ISF,coarse,0.8,0,0,1393,8607,0.0,0.0,1.0,0.0,0.5,0.0,0.0,0.0
7012,549,ISF,coarse,0.9,0,0,1393,8607,0.0,0.0,1.0,0.0,0.5,0.0,0.0,0.0
7012,549,ISF,coarse,1.0,0,0,1393,8607,0.0,0.0,1.0,0.0,0.5,0.0,0.0,0.0
7013,549,DBL,coarse_and_refined,0.0,1352,8648,0,0,0.1352,1.0,0.0,0.23819591261451725,0.5,1.0,1.0,0.1352
7013,549,DBL,refined,0.01,1352,8648,0,0,0.1352,1.0,0.0,0.23819591261451725,0.5,1.0,1.0,0.1352
7013,549,DBL,refined,0.02,1352,8648,0,0,0.1352,1.0,0.0,0.23819591261451725,0.5,1.0,1.0,0.1352
7013,549,DBL,refined,0.03,1352,8648,0,0,0.1352,1.0,0.0,0.23819591261451725,0.5,1.0,1.0,0.1352
7013,549,DBL,refined,0.04,1352,8648,0,0,0.1352,1.0,0.0,0.23819591261451725,0.5,1.0,1.0,0.1352
7013,549,DBL,refined,0.05,1352,8648,0,0,0.1352,1.0,0.0,0.23819591261451725,0.5,1.0,1.0,0.1352
7013,549,DBL,refined,0.06,1352,8648,0,0,0.1352,1.0,0.0,0.23819591261451725,0.5,1.0,1.0,0.1352
7013,549,DBL,refined,0.07,1352,8648,0,0,0.1352,1.0,0.0,0.23819591261451725,0.5,1.0,1.0,0.1352
7013,549,DBL,refined,0.08,1352,8648,0,0,0.1352,1.0,0.0,0.23819591261451725,0.5,1.0,1.0,0.1352
7013,549,DBL,refined,0.09,1352,8648,0,0,0.1352,1.0,0.0,0.23819591261451725,0.5,1.0,1.0,0.1352
7013,549,DBL,coarse_and_refined,0.1,1352,8648,0,0,0.1352,1.0,0.0,0.23819591261451725,0.5,1.0,1.0,0.1352
7013,549,DBL,coarse,0.2,0,0,1352,8648,0.0,0.0,1.0,0.0,0.5,0.0,0.0,0.0
7013,549,DBL,coarse,0.3,0,0,1352,8648,0.0,0.0,1.0,0.0,0.5,0.0,0.0,0.0
7013,549,DBL,coarse,0.4,0,0,1352,8648,0.0,0.0,1.0,0.0,0.5,0.0,0.0,0.0
7013,549,DBL,coarse,0.5,0,0,1352,8648,0.0,0.0,1.0,0.0,0.5,0.0,0.0,0.0
7013,549,DBL,coarse,0.6,0,0,1352,8648,0.0,0.0,1.0,0.0,0.5,0.0,0.0,0.0
7013,549,DBL,coarse,0.7,0,0,1352,8648,0.0,0.0,1.0,0.0,0.5,0.0,0.0,0.0
7013,549,DBL,coarse,0.8,0,0,1352,8648,0.0,0.0,1.0,0.0,0.5,0.0,0.0,0.0
7013,549,DBL,coarse,0.9,0,0,1352,8648,0.0,0.0,1.0,0.0,0.5,0.0,0.0,0.0
7013,549,DBL,coarse,1.0,0,0,1352,8648,0.0,0.0,1.0,0.0,0.5,0.0,0.0,0.0
7013,549,DMM,coarse_and_refined,0.0,1352,8648,0,0,0.1352,1.0,0.0,0.23819591261451725,0.5,1.0,1.0,0.1352
7013,549,DMM,refined,0.01,1352,8648,0,0,0.1352,1.0,0.0,0.23819591261451725,0.5,1.0,1.0,0.1352
7013,549,DMM,refined,0.02,1352,8648,0,0,0.1352,1.0,0.0,0.23819591261451725,0.5,1.0,1.0,0.1352
7013,549,DMM,refined,0.03,1352,8648,0,0,0.1352,1.0,0.0,0.23819591261451725,0.5,1.0,1.0,0.1352
7013,549,DMM,refined,0.04,1352,8648,0,0,0.1352,1.0,0.0,0.23819591261451725,0.5,1.0,1.0,0.1352
7013,549,DMM,refined,0.05,1352,8648,0,0,0.1352,1.0,0.0,0.23819591261451725,0.5,1.0,1.0,0.1352
7013,549,DMM,refined,0.06,1352,8648,0,0,0.1352,1.0,0.0,0.23819591261451725,0.5,1.0,1.0,0.1352
7013,549,DMM,refined,0.07,1352,8648,0,0,0.1352,1.0,0.0,0.23819591261451725,0.5,1.0,1.0,0.1352
7013,549,DMM,refined,0.08,1352,8648,0,0,0.1352,1.0,0.0,0.23819591261451725,0.5,1.0,1.0,0.1352
7013,549,DMM,refined,0.09,1352,8648,0,0,0.1352,1.0,0.0,0.23819591261451725,0.5,1.0,1.0,0.1352
7013,549,DMM,coarse_and_refined,0.1,1352,8648,0,0,0.1352,1.0,0.0,0.23819591261451725,0.5,1.0,1.0,0.1352
7013,549,DMM,coarse,0.2,0,0,1352,8648,0.0,0.0,1.0,0.0,0.5,0.0,0.0,0.0
7013,549,DMM,coarse,0.3,0,0,1352,8648,0.0,0.0,1.0,0.0,0.5,0.0,0.0,0.0
7013,549,DMM,coarse,0.4,0,0,1352,8648,0.0,0.0,1.0,0.0,0.5,0.0,0.0,0.0
7013,549,DMM,coarse,0.5,0,0,1352,8648,0.0,0.0,1.0,0.0,0.5,0.0,0.0,0.0
7013,549,DMM,coarse,0.6,0,0,1352,8648,0.0,0.0,1.0,0.0,0.5,0.0,0.0,0.0
7013,549,DMM,coarse,0.7,0,0,1352,8648,0.0,0.0,1.0,0.0,0.5,0.0,0.0,0.0
7013,549,DMM,coarse,0.8,0,0,1352,8648,0.0,0.0,1.0,0.0,0.5,0.0,0.0,0.0
7013,549,DMM,coarse,0.9,0,0,1352,8648,0.0,0.0,1.0,0.0,0.5,0.0,0.0,0.0
7013,549,DMM,coarse,1.0,0,0,1352,8648,0.0,0.0,1.0,0.0,0.5,0.0,0.0,0.0
7013,549,ISF,coarse_and_refined,0.0,1352,8648,0,0,0.1352,1.0,0.0,0.23819591261451725,0.5,1.0,1.0,0.1352
7013,549,ISF,refined,0.01,1352,8648,0,0,0.1352,1.0,0.0,0.23819591261451725,0.5,1.0,1.0,0.1352
7013,549,ISF,refined,0.02,1352,8648,0,0,0.1352,1.0,0.0,0.23819591261451725,0.5,1.0,1.0,0.1352
7013,549,ISF,refined,0.03,1352,8648,0,0,0.1352,1.0,0.0,0.23819591261451725,0.5,1.0,1.0,0.1352
7013,549,ISF,refined,0.04,1352,8648,0,0,0.1352,1.0,0.0,0.23819591261451725,0.5,1.0,1.0,0.1352
7013,549,ISF,refined,0.05,1352,8648,0,0,0.1352,1.0,0.0,0.23819591261451725,0.5,1.0,1.0,0.1352
7013,549,ISF,refined,0.06,1352,8648,0,0,0.1352,1.0,0.0,0.23819591261451725,0.5,1.0,1.0,0.1352
7013,549,ISF,refined,0.07,1352,8648,0,0,0.1352,1.0,0.0,0.23819591261451725,0.5,1.0,1.0,0.1352
7013,549,ISF,refined,0.08,1352,8648,0,0,0.1352,1.0,0.0,0.23819591261451725,0.5,1.0,1.0,0.1352
7013,549,ISF,refined,0.09,1352,8648,0,0,0.1352,1.0,0.0,0.23819591261451725,0.5,1.0,1.0,0.1352
7013,549,ISF,coarse_and_refined,0.1,1352,8648,0,0,0.1352,1.0,0.0,0.23819591261451725,0.5,1.0,1.0,0.1352
7013,549,ISF,coarse,0.2,0,0,1352,8648,0.0,0.0,1.0,0.0,0.5,0.0,0.0,0.0
7013,549,ISF,coarse,0.3,0,0,1352,8648,0.0,0.0,1.0,0.0,0.5,0.0,0.0,0.0
7013,549,ISF,coarse,0.4,0,0,1352,8648,0.0,0.0,1.0,0.0,0.5,0.0,0.0,0.0
7013,549,ISF,coarse,0.5,0,0,1352,8648,0.0,0.0,1.0,0.0,0.5,0.0,0.0,0.0
7013,549,ISF,coarse,0.6,0,0,1352,8648,0.0,0.0,1.0,0.0,0.5,0.0,0.0,0.0
7013,549,ISF,coarse,0.7,0,0,1352,8648,0.0,0.0,1.0,0.0,0.5,0.0,0.0,0.0
7013,549,ISF,coarse,0.8,0,0,1352,8648,0.0,0.0,1.0,0.0,0.5,0.0,0.0,0.0
7013,549,ISF,coarse,0.9,0,0,1352,8648,0.0,0.0,1.0,0.0,0.5,0.0,0.0,0.0
7013,549,ISF,coarse,1.0,0,0,1352,8648,0.0,0.0,1.0,0.0,0.5,0.0,0.0,0.0
7014,599,DBL,coarse_and_refined,0.0,1387,8613,0,0,0.1387,1.0,0.0,0.24361113550540087,0.5,1.0,1.0,0.1387
7014,599,DBL,refined,0.01,1387,8613,0,0,0.1387,1.0,0.0,0.24361113550540087,0.5,1.0,1.0,0.1387
7014,599,DBL,refined,0.02,1387,8613,0,0,0.1387,1.0,0.0,0.24361113550540087,0.5,1.0,1.0,0.1387
7014,599,DBL,refined,0.03,1387,8613,0,0,0.1387,1.0,0.0,0.24361113550540087,0.5,1.0,1.0,0.1387
7014,599,DBL,refined,0.04,1387,8613,0,0,0.1387,1.0,0.0,0.24361113550540087,0.5,1.0,1.0,0.1387
7014,599,DBL,refined,0.05,1387,8613,0,0,0.1387,1.0,0.0,0.24361113550540087,0.5,1.0,1.0,0.1387
7014,599,DBL,refined,0.06,1387,8613,0,0,0.1387,1.0,0.0,0.24361113550540087,0.5,1.0,1.0,0.1387
7014,599,DBL,refined,0.07,1387,8613,0,0,0.1387,1.0,0.0,0.24361113550540087,0.5,1.0,1.0,0.1387
7014,599,DBL,refined,0.08,1387,8613,0,0,0.1387,1.0,0.0,0.24361113550540087,0.5,1.0,1.0,0.1387
7014,599,DBL,refined,0.09,1387,8613,0,0,0.1387,1.0,0.0,0.24361113550540087,0.5,1.0,1.0,0.1387
7014,599,DBL,coarse_and_refined,0.1,1387,8613,0,0,0.1387,1.0,0.0,0.24361113550540087,0.5,1.0,1.0,0.1387
7014,599,DBL,coarse,0.2,0,0,1387,8613,0.0,0.0,1.0,0.0,0.5,0.0,0.0,0.0
7014,599,DBL,coarse,0.3,0,0,1387,8613,0.0,0.0,1.0,0.0,0.5,0.0,0.0,0.0
7014,599,DBL,coarse,0.4,0,0,1387,8613,0.0,0.0,1.0,0.0,0.5,0.0,0.0,0.0
7014,599,DBL,coarse,0.5,0,0,1387,8613,0.0,0.0,1.0,0.0,0.5,0.0,0.0,0.0
7014,599,DBL,coarse,0.6,0,0,1387,8613,0.0,0.0,1.0,0.0,0.5,0.0,0.0,0.0
7014,599,DBL,coarse,0.7,0,0,1387,8613,0.0,0.0,1.0,0.0,0.5,0.0,0.0,0.0
7014,599,DBL,coarse,0.8,0,0,1387,8613,0.0,0.0,1.0,0.0,0.5,0.0,0.0,0.0
7014,599,DBL,coarse,0.9,0,0,1387,8613,0.0,0.0,1.0,0.0,0.5,0.0,0.0,0.0
7014,599,DBL,coarse,1.0,0,0,1387,8613,0.0,0.0,1.0,0.0,0.5,0.0,0.0,0.0
7014,599,DMM,coarse_and_refined,0.0,1387,8613,0,0,0.1387,1.0,0.0,0.24361113550540087,0.5,1.0,1.0,0.1387
7014,599,DMM,refined,0.01,1387,8613,0,0,0.1387,1.0,0.0,0.24361113550540087,0.5,1.0,1.0,0.1387
7014,599,DMM,refined,0.02,1387,8613,0,0,0.1387,1.0,0.0,0.24361113550540087,0.5,1.0,1.0,0.1387
7014,599,DMM,refined,0.03,1387,8613,0,0,0.1387,1.0,0.0,0.24361113550540087,0.5,1.0,1.0,0.1387
7014,599,DMM,refined,0.04,1387,8613,0,0,0.1387,1.0,0.0,0.24361113550540087,0.5,1.0,1.0,0.1387
7014,599,DMM,refined,0.05,1387,8613,0,0,0.1387,1.0,0.0,0.24361113550540087,0.5,1.0,1.0,0.1387
7014,599,DMM,refined,0.06,1387,8613,0,0,0.1387,1.0,0.0,0.24361113550540087,0.5,1.0,1.0,0.1387
7014,599,DMM,refined,0.07,1387,8613,0,0,0.1387,1.0,0.0,0.24361113550540087,0.5,1.0,1.0,0.1387
7014,599,DMM,refined,0.08,1387,8613,0,0,0.1387,1.0,0.0,0.24361113550540087,0.5,1.0,1.0,0.1387
7014,599,DMM,refined,0.09,1387,8613,0,0,0.1387,1.0,0.0,0.24361113550540087,0.5,1.0,1.0,0.1387
7014,599,DMM,coarse_and_refined,0.1,1387,8613,0,0,0.1387,1.0,0.0,0.24361113550540087,0.5,1.0,1.0,0.1387
7014,599,DMM,coarse,0.2,0,0,1387,8613,0.0,0.0,1.0,0.0,0.5,0.0,0.0,0.0
7014,599,DMM,coarse,0.3,0,0,1387,8613,0.0,0.0,1.0,0.0,0.5,0.0,0.0,0.0
7014,599,DMM,coarse,0.4,0,0,1387,8613,0.0,0.0,1.0,0.0,0.5,0.0,0.0,0.0
7014,599,DMM,coarse,0.5,0,0,1387,8613,0.0,0.0,1.0,0.0,0.5,0.0,0.0,0.0
7014,599,DMM,coarse,0.6,0,0,1387,8613,0.0,0.0,1.0,0.0,0.5,0.0,0.0,0.0
7014,599,DMM,coarse,0.7,0,0,1387,8613,0.0,0.0,1.0,0.0,0.5,0.0,0.0,0.0
7014,599,DMM,coarse,0.8,0,0,1387,8613,0.0,0.0,1.0,0.0,0.5,0.0,0.0,0.0
7014,599,DMM,coarse,0.9,0,0,1387,8613,0.0,0.0,1.0,0.0,0.5,0.0,0.0,0.0
7014,599,DMM,coarse,1.0,0,0,1387,8613,0.0,0.0,1.0,0.0,0.5,0.0,0.0,0.0
7014,599,ISF,coarse_and_refined,0.0,1387,8613,0,0,0.1387,1.0,0.0,0.24361113550540087,0.5,1.0,1.0,0.1387
7014,599,ISF,refined,0.01,1387,8613,0,0,0.1387,1.0,0.0,0.24361113550540087,0.5,1.0,1.0,0.1387
7014,599,ISF,refined,0.02,1387,8613,0,0,0.1387,1.0,0.0,0.24361113550540087,0.5,1.0,1.0,0.1387
7014,599,ISF,refined,0.03,1387,8613,0,0,0.1387,1.0,0.0,0.24361113550540087,0.5,1.0,1.0,0.1387
7014,599,ISF,refined,0.04,1387,8613,0,0,0.1387,1.0,0.0,0.24361113550540087,0.5,1.0,1.0,0.1387
7014,599,ISF,refined,0.05,1387,8613,0,0,0.1387,1.0,0.0,0.24361113550540087,0.5,1.0,1.0,0.1387
7014,599,ISF,refined,0.06,1387,8613,0,0,0.1387,1.0,0.0,0.24361113550540087,0.5,1.0,1.0,0.1387
7014,599,ISF,refined,0.07,1387,8613,0,0,0.1387,1.0,0.0,0.24361113550540087,0.5,1.0,1.0,0.1387
7014,599,ISF,refined,0.08,1387,8613,0,0,0.1387,1.0,0.0,0.24361113550540087,0.5,1.0,1.0,0.1387
7014,599,ISF,refined,0.09,1387,8613,0,0,0.1387,1.0,0.0,0.24361113550540087,0.5,1.0,1.0,0.1387
7014,599,ISF,coarse_and_refined,0.1,1387,8613,0,0,0.1387,1.0,0.0,0.24361113550540087,0.5,1.0,1.0,0.1387
7014,599,ISF,coarse,0.2,0,0,1387,8613,0.0,0.0,1.0,0.0,0.5,0.0,0.0,0.0
7014,599,ISF,coarse,0.3,0,0,1387,8613,0.0,0.0,1.0,0.0,0.5,0.0,0.0,0.0
7014,599,ISF,coarse,0.4,0,0,1387,8613,0.0,0.0,1.0,0.0,0.5,0.0,0.0,0.0
7014,599,ISF,coarse,0.5,0,0,1387,8613,0.0,0.0,1.0,0.0,0.5,0.0,0.0,0.0
7014,599,ISF,coarse,0.6,0,0,1387,8613,0.0,0.0,1.0,0.0,0.5,0.0,0.0,0.0
7014,599,ISF,coarse,0.7,0,0,1387,8613,0.0,0.0,1.0,0.0,0.5,0.0,0.0,0.0
7014,599,ISF,coarse,0.8,0,0,1387,8613,0.0,0.0,1.0,0.0,0.5,0.0,0.0,0.0
7014,599,ISF,coarse,0.9,0,0,1387,8613,0.0,0.0,1.0,0.0,0.5,0.0,0.0,0.0
7014,599,ISF,coarse,1.0,0,0,1387,8613,0.0,0.0,1.0,0.0,0.5,0.0,0.0,0.0
7015,599,DBL,coarse_and_refined,0.0,1326,8674,0,0,0.1326,1.0,0.0,0.2341515098004591,0.5,1.0,1.0,0.1326
7015,599,DBL,refined,0.01,1326,8674,0,0,0.1326,1.0,0.0,0.2341515098004591,0.5,1.0,1.0,0.1326
7015,599,DBL,refined,0.02,1326,8674,0,0,0.1326,1.0,0.0,0.2341515098004591,0.5,1.0,1.0,0.1326
7015,599,DBL,refined,0.03,1326,8674,0,0,0.1326,1.0,0.0,0.2341515098004591,0.5,1.0,1.0,0.1326
7015,599,DBL,refined,0.04,1326,8674,0,0,0.1326,1.0,0.0,0.2341515098004591,0.5,1.0,1.0,0.1326
7015,599,DBL,refined,0.05,1326,8674,0,0,0.1326,1.0,0.0,0.2341515098004591,0.5,1.0,1.0,0.1326
7015,599,DBL,refined,0.06,1326,8674,0,0,0.1326,1.0,0.0,0.2341515098004591,0.5,1.0,1.0,0.1326
7015,599,DBL,refined,0.07,1326,8674,0,0,0.1326,1.0,0.0,0.2341515098004591,0.5,1.0,1.0,0.1326
7015,599,DBL,refined,0.08,1326,8674,0,0,0.1326,1.0,0.0,0.2341515098004591,0.5,1.0,1.0,0.1326
7015,599,DBL,refined,0.09,1326,8674,0,0,0.1326,1.0,0.0,0.2341515098004591,0.5,1.0,1.0,0.1326
7015,599,DBL,coarse_and_refined,0.1,1326,8674,0,0,0.1326,1.0,0.0,0.2341515098004591,0.5,1.0,1.0,0.1326
7015,599,DBL,coarse,0.2,0,0,1326,8674,0.0,0.0,1.0,0.0,0.5,0.0,0.0,0.0
7015,599,DBL,coarse,0.3,0,0,1326,8674,0.0,0.0,1.0,0.0,0.5,0.0,0.0,0.0
7015,599,DBL,coarse,0.4,0,0,1326,8674,0.0,0.0,1.0,0.0,0.5,0.0,0.0,0.0
7015,599,DBL,coarse,0.5,0,0,1326,8674,0.0,0.0,1.0,0.0,0.5,0.0,0.0,0.0
7015,599,DBL,coarse,0.6,0,0,1326,8674,0.0,0.0,1.0,0.0,0.5,0.0,0.0,0.0
7015,599,DBL,coarse,0.7,0,0,1326,8674,0.0,0.0,1.0,0.0,0.5,0.0,0.0,0.0
7015,599,DBL,coarse,0.8,0,0,1326,8674,0.0,0.0,1.0,0.0,0.5,0.0,0.0,0.0
7015,599,DBL,coarse,0.9,0,0,1326,8674,0.0,0.0,1.0,0.0,0.5,0.0,0.0,0.0
7015,599,DBL,coarse,1.0,0,0,1326,8674,0.0,0.0,1.0,0.0,0.5,0.0,0.0,0.0
7015,599,DMM,coarse_and_refined,0.0,1326,8674,0,0,0.1326,1.0,0.0,0.2341515098004591,0.5,1.0,1.0,0.1326
7015,599,DMM,refined,0.01,1326,8674,0,0,0.1326,1.0,0.0,0.2341515098004591,0.5,1.0,1.0,0.1326
7015,599,DMM,refined,0.02,1326,8674,0,0,0.1326,1.0,0.0,0.2341515098004591,0.5,1.0,1.0,0.1326
7015,599,DMM,refined,0.03,1326,8674,0,0,0.1326,1.0,0.0,0.2341515098004591,0.5,1.0,1.0,0.1326
7015,599,DMM,refined,0.04,1326,8674,0,0,0.1326,1.0,0.0,0.2341515098004591,0.5,1.0,1.0,0.1326
7015,599,DMM,refined,0.05,1326,8674,0,0,0.1326,1.0,0.0,0.2341515098004591,0.5,1.0,1.0,0.1326
7015,599,DMM,refined,0.06,1326,8674,0,0,0.1326,1.0,0.0,0.2341515098004591,0.5,1.0,1.0,0.1326
7015,599,DMM,refined,0.07,1326,8674,0,0,0.1326,1.0,0.0,0.2341515098004591,0.5,1.0,1.0,0.1326
7015,599,DMM,refined,0.08,1326,8674,0,0,0.1326,1.0,0.0,0.2341515098004591,0.5,1.0,1.0,0.1326
7015,599,DMM,refined,0.09,1326,8674,0,0,0.1326,1.0,0.0,0.2341515098004591,0.5,1.0,1.0,0.1326
7015,599,DMM,coarse_and_refined,0.1,1326,8674,0,0,0.1326,1.0,0.0,0.2341515098004591,0.5,1.0,1.0,0.1326
7015,599,DMM,coarse,0.2,0,0,1326,8674,0.0,0.0,1.0,0.0,0.5,0.0,0.0,0.0
7015,599,DMM,coarse,0.3,0,0,1326,8674,0.0,0.0,1.0,0.0,0.5,0.0,0.0,0.0
7015,599,DMM,coarse,0.4,0,0,1326,8674,0.0,0.0,1.0,0.0,0.5,0.0,0.0,0.0
7015,599,DMM,coarse,0.5,0,0,1326,8674,0.0,0.0,1.0,0.0,0.5,0.0,0.0,0.0
7015,599,DMM,coarse,0.6,0,0,1326,8674,0.0,0.0,1.0,0.0,0.5,0.0,0.0,0.0
7015,599,DMM,coarse,0.7,0,0,1326,8674,0.0,0.0,1.0,0.0,0.5,0.0,0.0,0.0
7015,599,DMM,coarse,0.8,0,0,1326,8674,0.0,0.0,1.0,0.0,0.5,0.0,0.0,0.0
7015,599,DMM,coarse,0.9,0,0,1326,8674,0.0,0.0,1.0,0.0,0.5,0.0,0.0,0.0
7015,599,DMM,coarse,1.0,0,0,1326,8674,0.0,0.0,1.0,0.0,0.5,0.0,0.0,0.0
7015,599,ISF,coarse_and_refined,0.0,1326,8674,0,0,0.1326,1.0,0.0,0.2341515098004591,0.5,1.0,1.0,0.1326
7015,599,ISF,refined,0.01,1326,8674,0,0,0.1326,1.0,0.0,0.2341515098004591,0.5,1.0,1.0,0.1326
7015,599,ISF,refined,0.02,1326,8674,0,0,0.1326,1.0,0.0,0.2341515098004591,0.5,1.0,1.0,0.1326
7015,599,ISF,refined,0.03,1326,8674,0,0,0.1326,1.0,0.0,0.2341515098004591,0.5,1.0,1.0,0.1326
7015,599,ISF,refined,0.04,1326,8674,0,0,0.1326,1.0,0.0,0.2341515098004591,0.5,1.0,1.0,0.1326
7015,599,ISF,refined,0.05,1326,8674,0,0,0.1326,1.0,0.0,0.2341515098004591,0.5,1.0,1.0,0.1326
7015,599,ISF,refined,0.06,1326,8674,0,0,0.1326,1.0,0.0,0.2341515098004591,0.5,1.0,1.0,0.1326
7015,599,ISF,refined,0.07,1326,8674,0,0,0.1326,1.0,0.0,0.2341515098004591,0.5,1.0,1.0,0.1326
7015,599,ISF,refined,0.08,1326,8674,0,0,0.1326,1.0,0.0,0.2341515098004591,0.5,1.0,1.0,0.1326
7015,599,ISF,refined,0.09,1326,8674,0,0,0.1326,1.0,0.0,0.2341515098004591,0.5,1.0,1.0,0.1326
7015,599,ISF,coarse_and_refined,0.1,1326,8674,0,0,0.1326,1.0,0.0,0.2341515098004591,0.5,1.0,1.0,0.1326
7015,599,ISF,coarse,0.2,0,0,1326,8674,0.0,0.0,1.0,0.0,0.5,0.0,0.0,0.0
7015,599,ISF,coarse,0.3,0,0,1326,8674,0.0,0.0,1.0,0.0,0.5,0.0,0.0,0.0
7015,599,ISF,coarse,0.4,0,0,1326,8674,0.0,0.0,1.0,0.0,0.5,0.0,0.0,0.0
7015,599,ISF,coarse,0.5,0,0,1326,8674,0.0,0.0,1.0,0.0,0.5,0.0,0.0,0.0
7015,599,ISF,coarse,0.6,0,0,1326,8674,0.0,0.0,1.0,0.0,0.5,0.0,0.0,0.0
7015,599,ISF,coarse,0.7,0,0,1326,8674,0.0,0.0,1.0,0.0,0.5,0.0,0.0,0.0
7015,599,ISF,coarse,0.8,0,0,1326,8674,0.0,0.0,1.0,0.0,0.5,0.0,0.0,0.0
7015,599,ISF,coarse,0.9,0,0,1326,8674,0.0,0.0,1.0,0.0,0.5,0.0,0.0,0.0
7015,599,ISF,coarse,1.0,0,0,1326,8674,0.0,0.0,1.0,0.0,0.5,0.0,0.0,0.0
7016,649,DBL,coarse_and_refined,0.0,1353,8647,0,0,0.1353,1.0,0.0,0.23835109662644235,0.5,1.0,1.0,0.1353
7016,649,DBL,refined,0.01,1353,8647,0,0,0.1353,1.0,0.0,0.23835109662644235,0.5,1.0,1.0,0.1353
7016,649,DBL,refined,0.02,1353,8647,0,0,0.1353,1.0,0.0,0.23835109662644235,0.5,1.0,1.0,0.1353
7016,649,DBL,refined,0.03,1353,8647,0,0,0.1353,1.0,0.0,0.23835109662644235,0.5,1.0,1.0,0.1353
7016,649,DBL,refined,0.04,1353,8647,0,0,0.1353,1.0,0.0,0.23835109662644235,0.5,1.0,1.0,0.1353
7016,649,DBL,refined,0.05,1353,8647,0,0,0.1353,1.0,0.0,0.23835109662644235,0.5,1.0,1.0,0.1353
7016,649,DBL,refined,0.06,1353,8647,0,0,0.1353,1.0,0.0,0.23835109662644235,0.5,1.0,1.0,0.1353
7016,649,DBL,refined,0.07,1353,8647,0,0,0.1353,1.0,0.0,0.23835109662644235,0.5,1.0,1.0,0.1353
7016,649,DBL,refined,0.08,1353,8647,0,0,0.1353,1.0,0.0,0.23835109662644235,0.5,1.0,1.0,0.1353
7016,649,DBL,refined,0.09,1353,8647,0,0,0.1353,1.0,0.0,0.23835109662644235,0.5,1.0,1.0,0.1353
7016,649,DBL,coarse_and_refined,0.1,1353,8647,0,0,0.1353,1.0,0.0,0.23835109662644235,0.5,1.0,1.0,0.1353
7016,649,DBL,coarse,0.2,0,0,1353,8647,0.0,0.0,1.0,0.0,0.5,0.0,0.0,0.0
7016,649,DBL,coarse,0.3,0,0,1353,8647,0.0,0.0,1.0,0.0,0.5,0.0,0.0,0.0
7016,649,DBL,coarse,0.4,0,0,1353,8647,0.0,0.0,1.0,0.0,0.5,0.0,0.0,0.0
7016,649,DBL,coarse,0.5,0,0,1353,8647,0.0,0.0,1.0,0.0,0.5,0.0,0.0,0.0
7016,649,DBL,coarse,0.6,0,0,1353,8647,0.0,0.0,1.0,0.0,0.5,0.0,0.0,0.0
7016,649,DBL,coarse,0.7,0,0,1353,8647,0.0,0.0,1.0,0.0,0.5,0.0,0.0,0.0
7016,649,DBL,coarse,0.8,0,0,1353,8647,0.0,0.0,1.0,0.0,0.5,0.0,0.0,0.0
7016,649,DBL,coarse,0.9,0,0,1353,8647,0.0,0.0,1.0,0.0,0.5,0.0,0.0,0.0
7016,649,DBL,coarse,1.0,0,0,1353,8647,0.0,0.0,1.0,0.0,0.5,0.0,0.0,0.0
7016,649,DMM,coarse_and_refined,0.0,1353,8647,0,0,0.1353,1.0,0.0,0.23835109662644235,0.5,1.0,1.0,0.1353
7016,649,DMM,refined,0.01,1353,8647,0,0,0.1353,1.0,0.0,0.23835109662644235,0.5,1.0,1.0,0.1353
7016,649,DMM,refined,0.02,1353,8647,0,0,0.1353,1.0,0.0,0.23835109662644235,0.5,1.0,1.0,0.1353
7016,649,DMM,refined,0.03,1353,8647,0,0,0.1353,1.0,0.0,0.23835109662644235,0.5,1.0,1.0,0.1353
7016,649,DMM,refined,0.04,1353,8647,0,0,0.1353,1.0,0.0,0.23835109662644235,0.5,1.0,1.0,0.1353
7016,649,DMM,refined,0.05,1353,8647,0,0,0.1353,1.0,0.0,0.23835109662644235,0.5,1.0,1.0,0.1353
7016,649,DMM,refined,0.06,1353,8647,0,0,0.1353,1.0,0.0,0.23835109662644235,0.5,1.0,1.0,0.1353
7016,649,DMM,refined,0.07,1353,8647,0,0,0.1353,1.0,0.0,0.23835109662644235,0.5,1.0,1.0,0.1353
7016,649,DMM,refined,0.08,1353,8647,0,0,0.1353,1.0,0.0,0.23835109662644235,0.5,1.0,1.0,0.1353
7016,649,DMM,refined,0.09,1353,8647,0,0,0.1353,1.0,0.0,0.23835109662644235,0.5,1.0,1.0,0.1353
7016,649,DMM,coarse_and_refined,0.1,1353,8647,0,0,0.1353,1.0,0.0,0.23835109662644235,0.5,1.0,1.0,0.1353
7016,649,DMM,coarse,0.2,0,0,1353,8647,0.0,0.0,1.0,0.0,0.5,0.0,0.0,0.0
7016,649,DMM,coarse,0.3,0,0,1353,8647,0.0,0.0,1.0,0.0,0.5,0.0,0.0,0.0
7016,649,DMM,coarse,0.4,0,0,1353,8647,0.0,0.0,1.0,0.0,0.5,0.0,0.0,0.0
7016,649,DMM,coarse,0.5,0,0,1353,8647,0.0,0.0,1.0,0.0,0.5,0.0,0.0,0.0
7016,649,DMM,coarse,0.6,0,0,1353,8647,0.0,0.0,1.0,0.0,0.5,0.0,0.0,0.0
7016,649,DMM,coarse,0.7,0,0,1353,8647,0.0,0.0,1.0,0.0,0.5,0.0,0.0,0.0
7016,649,DMM,coarse,0.8,0,0,1353,8647,0.0,0.0,1.0,0.0,0.5,0.0,0.0,0.0
7016,649,DMM,coarse,0.9,0,0,1353,8647,0.0,0.0,1.0,0.0,0.5,0.0,0.0,0.0
7016,649,DMM,coarse,1.0,0,0,1353,8647,0.0,0.0,1.0,0.0,0.5,0.0,0.0,0.0
7016,649,ISF,coarse_and_refined,0.0,1353,8647,0,0,0.1353,1.0,0.0,0.23835109662644235,0.5,1.0,1.0,0.1353
7016,649,ISF,refined,0.01,1353,8647,0,0,0.1353,1.0,0.0,0.23835109662644235,0.5,1.0,1.0,0.1353
7016,649,ISF,refined,0.02,1353,8647,0,0,0.1353,1.0,0.0,0.23835109662644235,0.5,1.0,1.0,0.1353
7016,649,ISF,refined,0.03,1353,8647,0,0,0.1353,1.0,0.0,0.23835109662644235,0.5,1.0,1.0,0.1353
7016,649,ISF,refined,0.04,1353,8647,0,0,0.1353,1.0,0.0,0.23835109662644235,0.5,1.0,1.0,0.1353
7016,649,ISF,refined,0.05,1353,8647,0,0,0.1353,1.0,0.0,0.23835109662644235,0.5,1.0,1.0,0.1353
7016,649,ISF,refined,0.06,1353,8647,0,0,0.1353,1.0,0.0,0.23835109662644235,0.5,1.0,1.0,0.1353
7016,649,ISF,refined,0.07,1353,8647,0,0,0.1353,1.0,0.0,0.23835109662644235,0.5,1.0,1.0,0.1353
7016,649,ISF,refined,0.08,1353,8647,0,0,0.1353,1.0,0.0,0.23835109662644235,0.5,1.0,1.0,0.1353
7016,649,ISF,refined,0.09,1353,8647,0,0,0.1353,1.0,0.0,0.23835109662644235,0.5,1.0,1.0,0.1353
7016,649,ISF,coarse_and_refined,0.1,1353,8647,0,0,0.1353,1.0,0.0,0.23835109662644235,0.5,1.0,1.0,0.1353
7016,649,ISF,coarse,0.2,0,0,1353,8647,0.0,0.0,1.0,0.0,0.5,0.0,0.0,0.0
7016,649,ISF,coarse,0.3,0,0,1353,8647,0.0,0.0,1.0,0.0,0.5,0.0,0.0,0.0
7016,649,ISF,coarse,0.4,0,0,1353,8647,0.0,0.0,1.0,0.0,0.5,0.0,0.0,0.0
7016,649,ISF,coarse,0.5,0,0,1353,8647,0.0,0.0,1.0,0.0,0.5,0.0,0.0,0.0
7016,649,ISF,coarse,0.6,0,0,1353,8647,0.0,0.0,1.0,0.0,0.5,0.0,0.0,0.0
7016,649,ISF,coarse,0.7,0,0,1353,8647,0.0,0.0,1.0,0.0,0.5,0.0,0.0,0.0
7016,649,ISF,coarse,0.8,0,0,1353,8647,0.0,0.0,1.0,0.0,0.5,0.0,0.0,0.0
7016,649,ISF,coarse,0.9,0,0,1353,8647,0.0,0.0,1.0,0.0,0.5,0.0,0.0,0.0
7016,649,ISF,coarse,1.0,0,0,1353,8647,0.0,0.0,1.0,0.0,0.5,0.0,0.0,0.0
7017,599,DBL,coarse_and_refined,0.0,1384,8616,0,0,0.1384,1.0,0.0,0.24314827828531269,0.5,1.0,1.0,0.1384
7017,599,DBL,refined,0.01,1384,8616,0,0,0.1384,1.0,0.0,0.24314827828531269,0.5,1.0,1.0,0.1384
7017,599,DBL,refined,0.02,1384,8616,0,0,0.1384,1.0,0.0,0.24314827828531269,0.5,1.0,1.0,0.1384
7017,599,DBL,refined,0.03,1384,8616,0,0,0.1384,1.0,0.0,0.24314827828531269,0.5,1.0,1.0,0.1384
7017,599,DBL,refined,0.04,1384,8616,0,0,0.1384,1.0,0.0,0.24314827828531269,0.5,1.0,1.0,0.1384
7017,599,DBL,refined,0.05,1384,8616,0,0,0.1384,1.0,0.0,0.24314827828531269,0.5,1.0,1.0,0.1384
7017,599,DBL,refined,0.06,1384,8616,0,0,0.1384,1.0,0.0,0.24314827828531269,0.5,1.0,1.0,0.1384
7017,599,DBL,refined,0.07,1384,8616,0,0,0.1384,1.0,0.0,0.24314827828531269,0.5,1.0,1.0,0.1384
7017,599,DBL,refined,0.08,1384,8616,0,0,0.1384,1.0,0.0,0.24314827828531269,0.5,1.0,1.0,0.1384
7017,599,DBL,refined,0.09,1384,8616,0,0,0.1384,1.0,0.0,0.24314827828531269,0.5,1.0,1.0,0.1384
7017,599,DBL,coarse_and_refined,0.1,1384,8616,0,0,0.1384,1.0,0.0,0.24314827828531269,0.5,1.0,1.0,0.1384
7017,599,DBL,coarse,0.2,0,0,1384,8616,0.0,0.0,1.0,0.0,0.5,0.0,0.0,0.0
7017,599,DBL,coarse,0.3,0,0,1384,8616,0.0,0.0,1.0,0.0,0.5,0.0,0.0,0.0
7017,599,DBL,coarse,0.4,0,0,1384,8616,0.0,0.0,1.0,0.0,0.5,0.0,0.0,0.0
7017,599,DBL,coarse,0.5,0,0,1384,8616,0.0,0.0,1.0,0.0,0.5,0.0,0.0,0.0
7017,599,DBL,coarse,0.6,0,0,1384,8616,0.0,0.0,1.0,0.0,0.5,0.0,0.0,0.0
7017,599,DBL,coarse,0.7,0,0,1384,8616,0.0,0.0,1.0,0.0,0.5,0.0,0.0,0.0
7017,599,DBL,coarse,0.8,0,0,1384,8616,0.0,0.0,1.0,0.0,0.5,0.0,0.0,0.0
7017,599,DBL,coarse,0.9,0,0,1384,8616,0.0,0.0,1.0,0.0,0.5,0.0,0.0,0.0
7017,599,DBL,coarse,1.0,0,0,1384,8616,0.0,0.0,1.0,0.0,0.5,0.0,0.0,0.0
7017,599,DMM,coarse_and_refined,0.0,1384,8616,0,0,0.1384,1.0,0.0,0.24314827828531269,0.5,1.0,1.0,0.1384
7017,599,DMM,refined,0.01,1384,8616,0,0,0.1384,1.0,0.0,0.24314827828531269,0.5,1.0,1.0,0.1384
7017,599,DMM,refined,0.02,1384,8616,0,0,0.1384,1.0,0.0,0.24314827828531269,0.5,1.0,1.0,0.1384
7017,599,DMM,refined,0.03,1384,8616,0,0,0.1384,1.0,0.0,0.24314827828531269,0.5,1.0,1.0,0.1384
7017,599,DMM,refined,0.04,1384,8616,0,0,0.1384,1.0,0.0,0.24314827828531269,0.5,1.0,1.0,0.1384
7017,599,DMM,refined,0.05,1384,8616,0,0,0.1384,1.0,0.0,0.24314827828531269,0.5,1.0,1.0,0.1384
7017,599,DMM,refined,0.06,1384,8616,0,0,0.1384,1.0,0.0,0.24314827828531269,0.5,1.0,1.0,0.1384
7017,599,DMM,refined,0.07,1384,8616,0,0,0.1384,1.0,0.0,0.24314827828531269,0.5,1.0,1.0,0.1384
7017,599,DMM,refined,0.08,1384,8616,0,0,0.1384,1.0,0.0,0.24314827828531269,0.5,1.0,1.0,0.1384
7017,599,DMM,refined,0.09,1384,8616,0,0,0.1384,1.0,0.0,0.24314827828531269,0.5,1.0,1.0,0.1384
7017,599,DMM,coarse_and_refined,0.1,1384,8616,0,0,0.1384,1.0,0.0,0.24314827828531269,0.5,1.0,1.0,0.1384
7017,599,DMM,coarse,0.2,0,0,1384,8616,0.0,0.0,1.0,0.0,0.5,0.0,0.0,0.0
7017,599,DMM,coarse,0.3,0,0,1384,8616,0.0,0.0,1.0,0.0,0.5,0.0,0.0,0.0
7017,599,DMM,coarse,0.4,0,0,1384,8616,0.0,0.0,1.0,0.0,0.5,0.0,0.0,0.0
7017,599,DMM,coarse,0.5,0,0,1384,8616,0.0,0.0,1.0,0.0,0.5,0.0,0.0,0.0
7017,599,DMM,coarse,0.6,0,0,1384,8616,0.0,0.0,1.0,0.0,0.5,0.0,0.0,0.0
7017,599,DMM,coarse,0.7,0,0,1384,8616,0.0,0.0,1.0,0.0,0.5,0.0,0.0,0.0
7017,599,DMM,coarse,0.8,0,0,1384,8616,0.0,0.0,1.0,0.0,0.5,0.0,0.0,0.0
7017,599,DMM,coarse,0.9,0,0,1384,8616,0.0,0.0,1.0,0.0,0.5,0.0,0.0,0.0
7017,599,DMM,coarse,1.0,0,0,1384,8616,0.0,0.0,1.0,0.0,0.5,0.0,0.0,0.0
7017,599,ISF,coarse_and_refined,0.0,1384,8616,0,0,0.1384,1.0,0.0,0.24314827828531269,0.5,1.0,1.0,0.1384
7017,599,ISF,refined,0.01,1384,8616,0,0,0.1384,1.0,0.0,0.24314827828531269,0.5,1.0,1.0,0.1384
7017,599,ISF,refined,0.02,1384,8616,0,0,0.1384,1.0,0.0,0.24314827828531269,0.5,1.0,1.0,0.1384
7017,599,ISF,refined,0.03,1384,8616,0,0,0.1384,1.0,0.0,0.24314827828531269,0.5,1.0,1.0,0.1384
7017,599,ISF,refined,0.04,1384,8616,0,0,0.1384,1.0,0.0,0.24314827828531269,0.5,1.0,1.0,0.1384
7017,599,ISF,refined,0.05,1384,8616,0,0,0.1384,1.0,0.0,0.24314827828531269,0.5,1.0,1.0,0.1384
7017,599,ISF,refined,0.06,1384,8616,0,0,0.1384,1.0,0.0,0.24314827828531269,0.5,1.0,1.0,0.1384
7017,599,ISF,refined,0.07,1384,8616,0,0,0.1384,1.0,0.0,0.24314827828531269,0.5,1.0,1.0,0.1384
7017,599,ISF,refined,0.08,1384,8616,0,0,0.1384,1.0,0.0,0.24314827828531269,0.5,1.0,1.0,0.1384
7017,599,ISF,refined,0.09,1384,8616,0,0,0.1384,1.0,0.0,0.24314827828531269,0.5,1.0,1.0,0.1384
7017,599,ISF,coarse_and_refined,0.1,1384,8616,0,0,0.1384,1.0,0.0,0.24314827828531269,0.5,1.0,1.0,0.1384
7017,599,ISF,coarse,0.2,0,0,1384,8616,0.0,0.0,1.0,0.0,0.5,0.0,0.0,0.0
7017,599,ISF,coarse,0.3,0,0,1384,8616,0.0,0.0,1.0,0.0,0.5,0.0,0.0,0.0
7017,599,ISF,coarse,0.4,0,0,1384,8616,0.0,0.0,1.0,0.0,0.5,0.0,0.0,0.0
7017,599,ISF,coarse,0.5,0,0,1384,8616,0.0,0.0,1.0,0.0,0.5,0.0,0.0,0.0
7017,599,ISF,coarse,0.6,0,0,1384,8616,0.0,0.0,1.0,0.0,0.5,0.0,0.0,0.0
7017,599,ISF,coarse,0.7,0,0,1384,8616,0.0,0.0,1.0,0.0,0.5,0.0,0.0,0.0
7017,599,ISF,coarse,0.8,0,0,1384,8616,0.0,0.0,1.0,0.0,0.5,0.0,0.0,0.0
7017,599,ISF,coarse,0.9,0,0,1384,8616,0.0,0.0,1.0,0.0,0.5,0.0,0.0,0.0
7017,599,ISF,coarse,1.0,0,0,1384,8616,0.0,0.0,1.0,0.0,0.5,0.0,0.0,0.0
7018,599,DBL,coarse_and_refined,0.0,1405,8595,0,0,0.1405,1.0,0.0,0.2463831652783867,0.5,1.0,1.0,0.1405
7018,599,DBL,refined,0.01,1405,8595,0,0,0.1405,1.0,0.0,0.2463831652783867,0.5,1.0,1.0,0.1405
7018,599,DBL,refined,0.02,1405,8595,0,0,0.1405,1.0,0.0,0.2463831652783867,0.5,1.0,1.0,0.1405
7018,599,DBL,refined,0.03,1405,8595,0,0,0.1405,1.0,0.0,0.2463831652783867,0.5,1.0,1.0,0.1405
7018,599,DBL,refined,0.04,1405,8595,0,0,0.1405,1.0,0.0,0.2463831652783867,0.5,1.0,1.0,0.1405
7018,599,DBL,refined,0.05,1405,8595,0,0,0.1405,1.0,0.0,0.2463831652783867,0.5,1.0,1.0,0.1405
7018,599,DBL,refined,0.06,1405,8595,0,0,0.1405,1.0,0.0,0.2463831652783867,0.5,1.0,1.0,0.1405
7018,599,DBL,refined,0.07,1405,8595,0,0,0.1405,1.0,0.0,0.2463831652783867,0.5,1.0,1.0,0.1405
7018,599,DBL,refined,0.08,1405,8595,0,0,0.1405,1.0,0.0,0.2463831652783867,0.5,1.0,1.0,0.1405
7018,599,DBL,refined,0.09,1405,8595,0,0,0.1405,1.0,0.0,0.2463831652783867,0.5,1.0,1.0,0.1405
7018,599,DBL,coarse_and_refined,0.1,1405,8595,0,0,0.1405,1.0,0.0,0.2463831652783867,0.5,1.0,1.0,0.1405
7018,599,DBL,coarse,0.2,0,0,1405,8595,0.0,0.0,1.0,0.0,0.5,0.0,0.0,0.0
7018,599,DBL,coarse,0.3,0,0,1405,8595,0.0,0.0,1.0,0.0,0.5,0.0,0.0,0.0
7018,599,DBL,coarse,0.4,0,0,1405,8595,0.0,0.0,1.0,0.0,0.5,0.0,0.0,0.0
7018,599,DBL,coarse,0.5,0,0,1405,8595,0.0,0.0,1.0,0.0,0.5,0.0,0.0,0.0
7018,599,DBL,coarse,0.6,0,0,1405,8595,0.0,0.0,1.0,0.0,0.5,0.0,0.0,0.0
7018,599,DBL,coarse,0.7,0,0,1405,8595,0.0,0.0,1.0,0.0,0.5,0.0,0.0,0.0
7018,599,DBL,coarse,0.8,0,0,1405,8595,0.0,0.0,1.0,0.0,0.5,0.0,0.0,0.0
7018,599,DBL,coarse,0.9,0,0,1405,8595,0.0,0.0,1.0,0.0,0.5,0.0,0.0,0.0
7018,599,DBL,coarse,1.0,0,0,1405,8595,0.0,0.0,1.0,0.0,0.5,0.0,0.0,0.0
7018,599,DMM,coarse_and_refined,0.0,1405,8595,0,0,0.1405,1.0,0.0,0.2463831652783867,0.5,1.0,1.0,0.1405
7018,599,DMM,refined,0.01,1405,8595,0,0,0.1405,1.0,0.0,0.2463831652783867,0.5,1.0,1.0,0.1405
7018,599,DMM,refined,0.02,1405,8595,0,0,0.1405,1.0,0.0,0.2463831652783867,0.5,1.0,1.0,0.1405
7018,599,DMM,refined,0.03,1405,8595,0,0,0.1405,1.0,0.0,0.2463831652783867,0.5,1.0,1.0,0.1405
7018,599,DMM,refined,0.04,1405,8595,0,0,0.1405,1.0,0.0,0.2463831652783867,0.5,1.0,1.0,0.1405
7018,599,DMM,refined,0.05,1405,8595,0,0,0.1405,1.0,0.0,0.2463831652783867,0.5,1.0,1.0,0.1405
7018,599,DMM,refined,0.06,1405,8595,0,0,0.1405,1.0,0.0,0.2463831652783867,0.5,1.0,1.0,0.1405
7018,599,DMM,refined,0.07,1405,8595,0,0,0.1405,1.0,0.0,0.2463831652783867,0.5,1.0,1.0,0.1405
7018,599,DMM,refined,0.08,1405,8595,0,0,0.1405,1.0,0.0,0.2463831652783867,0.5,1.0,1.0,0.1405
7018,599,DMM,refined,0.09,1405,8595,0,0,0.1405,1.0,0.0,0.2463831652783867,0.5,1.0,1.0,0.1405
7018,599,DMM,coarse_and_refined,0.1,1405,8595,0,0,0.1405,1.0,0.0,0.2463831652783867,0.5,1.0,1.0,0.1405
7018,599,DMM,coarse,0.2,0,0,1405,8595,0.0,0.0,1.0,0.0,0.5,0.0,0.0,0.0
7018,599,DMM,coarse,0.3,0,0,1405,8595,0.0,0.0,1.0,0.0,0.5,0.0,0.0,0.0
7018,599,DMM,coarse,0.4,0,0,1405,8595,0.0,0.0,1.0,0.0,0.5,0.0,0.0,0.0
7018,599,DMM,coarse,0.5,0,0,1405,8595,0.0,0.0,1.0,0.0,0.5,0.0,0.0,0.0
7018,599,DMM,coarse,0.6,0,0,1405,8595,0.0,0.0,1.0,0.0,0.5,0.0,0.0,0.0
7018,599,DMM,coarse,0.7,0,0,1405,8595,0.0,0.0,1.0,0.0,0.5,0.0,0.0,0.0
7018,599,DMM,coarse,0.8,0,0,1405,8595,0.0,0.0,1.0,0.0,0.5,0.0,0.0,0.0
7018,599,DMM,coarse,0.9,0,0,1405,8595,0.0,0.0,1.0,0.0,0.5,0.0,0.0,0.0
7018,599,DMM,coarse,1.0,0,0,1405,8595,0.0,0.0,1.0,0.0,0.5,0.0,0.0,0.0
7018,599,ISF,coarse_and_refined,0.0,1405,8595,0,0,0.1405,1.0,0.0,0.2463831652783867,0.5,1.0,1.0,0.1405
7018,599,ISF,refined,0.01,1405,8595,0,0,0.1405,1.0,0.0,0.2463831652783867,0.5,1.0,1.0,0.1405
7018,599,ISF,refined,0.02,1405,8595,0,0,0.1405,1.0,0.0,0.2463831652783867,0.5,1.0,1.0,0.1405
7018,599,ISF,refined,0.03,1405,8595,0,0,0.1405,1.0,0.0,0.2463831652783867,0.5,1.0,1.0,0.1405
7018,599,ISF,refined,0.04,1405,8595,0,0,0.1405,1.0,0.0,0.2463831652783867,0.5,1.0,1.0,0.1405
7018,599,ISF,refined,0.05,1405,8595,0,0,0.1405,1.0,0.0,0.2463831652783867,0.5,1.0,1.0,0.1405
7018,599,ISF,refined,0.06,1405,8595,0,0,0.1405,1.0,0.0,0.2463831652783867,0.5,1.0,1.0,0.1405
7018,599,ISF,refined,0.07,1405,8595,0,0,0.1405,1.0,0.0,0.2463831652783867,0.5,1.0,1.0,0.1405
7018,599,ISF,refined,0.08,1405,8595,0,0,0.1405,1.0,0.0,0.2463831652783867,0.5,1.0,1.0,0.1405
7018,599,ISF,refined,0.09,1405,8595,0,0,0.1405,1.0,0.0,0.2463831652783867,0.5,1.0,1.0,0.1405
7018,599,ISF,coarse_and_refined,0.1,1405,8595,0,0,0.1405,1.0,0.0,0.2463831652783867,0.5,1.0,1.0,0.1405
7018,599,ISF,coarse,0.2,0,0,1405,8595,0.0,0.0,1.0,0.0,0.5,0.0,0.0,0.0
7018,599,ISF,coarse,0.3,0,0,1405,8595,0.0,0.0,1.0,0.0,0.5,0.0,0.0,0.0
7018,599,ISF,coarse,0.4,0,0,1405,8595,0.0,0.0,1.0,0.0,0.5,0.0,0.0,0.0
7018,599,ISF,coarse,0.5,0,0,1405,8595,0.0,0.0,1.0,0.0,0.5,0.0,0.0,0.0
7018,599,ISF,coarse,0.6,0,0,1405,8595,0.0,0.0,1.0,0.0,0.5,0.0,0.0,0.0
7018,599,ISF,coarse,0.7,0,0,1405,8595,0.0,0.0,1.0,0.0,0.5,0.0,0.0,0.0
7018,599,ISF,coarse,0.8,0,0,1405,8595,0.0,0.0,1.0,0.0,0.5,0.0,0.0,0.0
7018,599,ISF,coarse,0.9,0,0,1405,8595,0.0,0.0,1.0,0.0,0.5,0.0,0.0,0.0
7018,599,ISF,coarse,1.0,0,0,1405,8595,0.0,0.0,1.0,0.0,0.5,0.0,0.0,0.0
7019,549,DBL,coarse_and_refined,0.0,1387,8613,0,0,0.1387,1.0,0.0,0.24361113550540087,0.5,1.0,1.0,0.1387
7019,549,DBL,refined,0.01,1387,8613,0,0,0.1387,1.0,0.0,0.24361113550540087,0.5,1.0,1.0,0.1387
7019,549,DBL,refined,0.02,1387,8613,0,0,0.1387,1.0,0.0,0.24361113550540087,0.5,1.0,1.0,0.1387
7019,549,DBL,refined,0.03,1387,8613,0,0,0.1387,1.0,0.0,0.24361113550540087,0.5,1.0,1.0,0.1387
7019,549,DBL,refined,0.04,1387,8613,0,0,0.1387,1.0,0.0,0.24361113550540087,0.5,1.0,1.0,0.1387
7019,549,DBL,refined,0.05,1387,8613,0,0,0.1387,1.0,0.0,0.24361113550540087,0.5,1.0,1.0,0.1387
7019,549,DBL,refined,0.06,1387,8613,0,0,0.1387,1.0,0.0,0.24361113550540087,0.5,1.0,1.0,0.1387
7019,549,DBL,refined,0.07,1387,8613,0,0,0.1387,1.0,0.0,0.24361113550540087,0.5,1.0,1.0,0.1387
7019,549,DBL,refined,0.08,1387,8613,0,0,0.1387,1.0,0.0,0.24361113550540087,0.5,1.0,1.0,0.1387
7019,549,DBL,refined,0.09,1387,8613,0,0,0.1387,1.0,0.0,0.24361113550540087,0.5,1.0,1.0,0.1387
7019,549,DBL,coarse_and_refined,0.1,1387,8613,0,0,0.1387,1.0,0.0,0.24361113550540087,0.5,1.0,1.0,0.1387
7019,549,DBL,coarse,0.2,0,0,1387,8613,0.0,0.0,1.0,0.0,0.5,0.0,0.0,0.0
7019,549,DBL,coarse,0.3,0,0,1387,8613,0.0,0.0,1.0,0.0,0.5,0.0,0.0,0.0
7019,549,DBL,coarse,0.4,0,0,1387,8613,0.0,0.0,1.0,0.0,0.5,0.0,0.0,0.0
7019,549,DBL,coarse,0.5,0,0,1387,8613,0.0,0.0,1.0,0.0,0.5,0.0,0.0,0.0
7019,549,DBL,coarse,0.6,0,0,1387,8613,0.0,0.0,1.0,0.0,0.5,0.0,0.0,0.0
7019,549,DBL,coarse,0.7,0,0,1387,8613,0.0,0.0,1.0,0.0,0.5,0.0,0.0,0.0
7019,549,DBL,coarse,0.8,0,0,1387,8613,0.0,0.0,1.0,0.0,0.5,0.0,0.0,0.0
7019,549,DBL,coarse,0.9,0,0,1387,8613,0.0,0.0,1.0,0.0,0.5,0.0,0.0,0.0
7019,549,DBL,coarse,1.0,0,0,1387,8613,0.0,0.0,1.0,0.0,0.5,0.0,0.0,0.0
7019,549,DMM,coarse_and_refined,0.0,1387,8613,0,0,0.1387,1.0,0.0,0.24361113550540087,0.5,1.0,1.0,0.1387
7019,549,DMM,refined,0.01,1387,8613,0,0,0.1387,1.0,0.0,0.24361113550540087,0.5,1.0,1.0,0.1387
7019,549,DMM,refined,0.02,1387,8613,0,0,0.1387,1.0,0.0,0.24361113550540087,0.5,1.0,1.0,0.1387
7019,549,DMM,refined,0.03,1387,8613,0,0,0.1387,1.0,0.0,0.24361113550540087,0.5,1.0,1.0,0.1387
7019,549,DMM,refined,0.04,1387,8613,0,0,0.1387,1.0,0.0,0.24361113550540087,0.5,1.0,1.0,0.1387
7019,549,DMM,refined,0.05,1387,8613,0,0,0.1387,1.0,0.0,0.24361113550540087,0.5,1.0,1.0,0.1387
7019,549,DMM,refined,0.06,1387,8613,0,0,0.1387,1.0,0.0,0.24361113550540087,0.5,1.0,1.0,0.1387
7019,549,DMM,refined,0.07,1387,8613,0,0,0.1387,1.0,0.0,0.24361113550540087,0.5,1.0,1.0,0.1387
7019,549,DMM,refined,0.08,1387,8613,0,0,0.1387,1.0,0.0,0.24361113550540087,0.5,1.0,1.0,0.1387
7019,549,DMM,refined,0.09,1387,8613,0,0,0.1387,1.0,0.0,0.24361113550540087,0.5,1.0,1.0,0.1387
7019,549,DMM,coarse_and_refined,0.1,1387,8613,0,0,0.1387,1.0,0.0,0.24361113550540087,0.5,1.0,1.0,0.1387
7019,549,DMM,coarse,0.2,0,0,1387,8613,0.0,0.0,1.0,0.0,0.5,0.0,0.0,0.0
7019,549,DMM,coarse,0.3,0,0,1387,8613,0.0,0.0,1.0,0.0,0.5,0.0,0.0,0.0
7019,549,DMM,coarse,0.4,0,0,1387,8613,0.0,0.0,1.0,0.0,0.5,0.0,0.0,0.0
7019,549,DMM,coarse,0.5,0,0,1387,8613,0.0,0.0,1.0,0.0,0.5,0.0,0.0,0.0
7019,549,DMM,coarse,0.6,0,0,1387,8613,0.0,0.0,1.0,0.0,0.5,0.0,0.0,0.0
7019,549,DMM,coarse,0.7,0,0,1387,8613,0.0,0.0,1.0,0.0,0.5,0.0,0.0,0.0
7019,549,DMM,coarse,0.8,0,0,1387,8613,0.0,0.0,1.0,0.0,0.5,0.0,0.0,0.0
7019,549,DMM,coarse,0.9,0,0,1387,8613,0.0,0.0,1.0,0.0,0.5,0.0,0.0,0.0
7019,549,DMM,coarse,1.0,0,0,1387,8613,0.0,0.0,1.0,0.0,0.5,0.0,0.0,0.0
7019,549,ISF,coarse_and_refined,0.0,1387,8613,0,0,0.1387,1.0,0.0,0.24361113550540087,0.5,1.0,1.0,0.1387
7019,549,ISF,refined,0.01,1387,8613,0,0,0.1387,1.0,0.0,0.24361113550540087,0.5,1.0,1.0,0.1387
7019,549,ISF,refined,0.02,1387,8613,0,0,0.1387,1.0,0.0,0.24361113550540087,0.5,1.0,1.0,0.1387
7019,549,ISF,refined,0.03,1387,8613,0,0,0.1387,1.0,0.0,0.24361113550540087,0.5,1.0,1.0,0.1387
7019,549,ISF,refined,0.04,1387,8613,0,0,0.1387,1.0,0.0,0.24361113550540087,0.5,1.0,1.0,0.1387
7019,549,ISF,refined,0.05,1387,8613,0,0,0.1387,1.0,0.0,0.24361113550540087,0.5,1.0,1.0,0.1387
7019,549,ISF,refined,0.06,1387,8613,0,0,0.1387,1.0,0.0,0.24361113550540087,0.5,1.0,1.0,0.1387
7019,549,ISF,refined,0.07,1387,8613,0,0,0.1387,1.0,0.0,0.24361113550540087,0.5,1.0,1.0,0.1387
7019,549,ISF,refined,0.08,1387,8613,0,0,0.1387,1.0,0.0,0.24361113550540087,0.5,1.0,1.0,0.1387
7019,549,ISF,refined,0.09,1387,8613,0,0,0.1387,1.0,0.0,0.24361113550540087,0.5,1.0,1.0,0.1387
7019,549,ISF,coarse_and_refined,0.1,1387,8613,0,0,0.1387,1.0,0.0,0.24361113550540087,0.5,1.0,1.0,0.1387
7019,549,ISF,coarse,0.2,0,0,1387,8613,0.0,0.0,1.0,0.0,0.5,0.0,0.0,0.0
7019,549,ISF,coarse,0.3,0,0,1387,8613,0.0,0.0,1.0,0.0,0.5,0.0,0.0,0.0
7019,549,ISF,coarse,0.4,0,0,1387,8613,0.0,0.0,1.0,0.0,0.5,0.0,0.0,0.0
7019,549,ISF,coarse,0.5,0,0,1387,8613,0.0,0.0,1.0,0.0,0.5,0.0,0.0,0.0
7019,549,ISF,coarse,0.6,0,0,1387,8613,0.0,0.0,1.0,0.0,0.5,0.0,0.0,0.0
7019,549,ISF,coarse,0.7,0,0,1387,8613,0.0,0.0,1.0,0.0,0.5,0.0,0.0,0.0
7019,549,ISF,coarse,0.8,0,0,1387,8613,0.0,0.0,1.0,0.0,0.5,0.0,0.0,0.0
7019,549,ISF,coarse,0.9,0,0,1387,8613,0.0,0.0,1.0,0.0,0.5,0.0,0.0,0.0
7019,549,ISF,coarse,1.0,0,0,1387,8613,0.0,0.0,1.0,0.0,0.5,0.0,0.0,0.0
7020,549,DBL,coarse_and_refined,0.0,1370,8630,0,0,0.137,1.0,0.0,0.24098504837291118,0.5,1.0,1.0,0.137
7020,549,DBL,refined,0.01,1370,8630,0,0,0.137,1.0,0.0,0.24098504837291118,0.5,1.0,1.0,0.137
7020,549,DBL,refined,0.02,1370,8630,0,0,0.137,1.0,0.0,0.24098504837291118,0.5,1.0,1.0,0.137
7020,549,DBL,refined,0.03,1370,8630,0,0,0.137,1.0,0.0,0.24098504837291118,0.5,1.0,1.0,0.137
7020,549,DBL,refined,0.04,1370,8630,0,0,0.137,1.0,0.0,0.24098504837291118,0.5,1.0,1.0,0.137
7020,549,DBL,refined,0.05,1370,8630,0,0,0.137,1.0,0.0,0.24098504837291118,0.5,1.0,1.0,0.137
7020,549,DBL,refined,0.06,1370,8630,0,0,0.137,1.0,0.0,0.24098504837291118,0.5,1.0,1.0,0.137
7020,549,DBL,refined,0.07,1370,8630,0,0,0.137,1.0,0.0,0.24098504837291118,0.5,1.0,1.0,0.137
7020,549,DBL,refined,0.08,1370,8630,0,0,0.137,1.0,0.0,0.24098504837291118,0.5,1.0,1.0,0.137
7020,549,DBL,refined,0.09,1370,8630,0,0,0.137,1.0,0.0,0.24098504837291118,0.5,1.0,1.0,0.137
7020,549,DBL,coarse_and_refined,0.1,1370,8630,0,0,0.137,1.0,0.0,0.24098504837291118,0.5,1.0,1.0,0.137
7020,549,DBL,coarse,0.2,0,0,1370,8630,0.0,0.0,1.0,0.0,0.5,0.0,0.0,0.0
7020,549,DBL,coarse,0.3,0,0,1370,8630,0.0,0.0,1.0,0.0,0.5,0.0,0.0,0.0
7020,549,DBL,coarse,0.4,0,0,1370,8630,0.0,0.0,1.0,0.0,0.5,0.0,0.0,0.0
7020,549,DBL,coarse,0.5,0,0,1370,8630,0.0,0.0,1.0,0.0,0.5,0.0,0.0,0.0
7020,549,DBL,coarse,0.6,0,0,1370,8630,0.0,0.0,1.0,0.0,0.5,0.0,0.0,0.0
7020,549,DBL,coarse,0.7,0,0,1370,8630,0.0,0.0,1.0,0.0,0.5,0.0,0.0,0.0
7020,549,DBL,coarse,0.8,0,0,1370,8630,0.0,0.0,1.0,0.0,0.5,0.0,0.0,0.0
7020,549,DBL,coarse,0.9,0,0,1370,8630,0.0,0.0,1.0,0.0,0.5,0.0,0.0,0.0
7020,549,DBL,coarse,1.0,0,0,1370,8630,0.0,0.0,1.0,0.0,0.5,0.0,0.0,0.0
7020,549,DMM,coarse_and_refined,0.0,1370,8630,0,0,0.137,1.0,0.0,0.24098504837291118,0.5,1.0,1.0,0.137
7020,549,DMM,refined,0.01,1370,8630,0,0,0.137,1.0,0.0,0.24098504837291118,0.5,1.0,1.0,0.137
7020,549,DMM,refined,0.02,1370,8630,0,0,0.137,1.0,0.0,0.24098504837291118,0.5,1.0,1.0,0.137
7020,549,DMM,refined,0.03,1370,8630,0,0,0.137,1.0,0.0,0.24098504837291118,0.5,1.0,1.0,0.137
7020,549,DMM,refined,0.04,1370,8630,0,0,0.137,1.0,0.0,0.24098504837291118,0.5,1.0,1.0,0.137
7020,549,DMM,refined,0.05,1370,8630,0,0,0.137,1.0,0.0,0.24098504837291118,0.5,1.0,1.0,0.137
7020,549,DMM,refined,0.06,1370,8630,0,0,0.137,1.0,0.0,0.24098504837291118,0.5,1.0,1.0,0.137
7020,549,DMM,refined,0.07,1370,8630,0,0,0.137,1.0,0.0,0.24098504837291118,0.5,1.0,1.0,0.137
7020,549,DMM,refined,0.08,1370,8630,0,0,0.137,1.0,0.0,0.24098504837291118,0.5,1.0,1.0,0.137
7020,549,DMM,refined,0.09,1370,8630,0,0,0.137,1.0,0.0,0.24098504837291118,0.5,1.0,1.0,0.137
7020,549,DMM,coarse_and_refined,0.1,1370,8630,0,0,0.137,1.0,0.0,0.24098504837291118,0.5,1.0,1.0,0.137
7020,549,DMM,coarse,0.2,0,0,1370,8630,0.0,0.0,1.0,0.0,0.5,0.0,0.0,0.0
7020,549,DMM,coarse,0.3,0,0,1370,8630,0.0,0.0,1.0,0.0,0.5,0.0,0.0,0.0
7020,549,DMM,coarse,0.4,0,0,1370,8630,0.0,0.0,1.0,0.0,0.5,0.0,0.0,0.0
7020,549,DMM,coarse,0.5,0,0,1370,8630,0.0,0.0,1.0,0.0,0.5,0.0,0.0,0.0
7020,549,DMM,coarse,0.6,0,0,1370,8630,0.0,0.0,1.0,0.0,0.5,0.0,0.0,0.0
7020,549,DMM,coarse,0.7,0,0,1370,8630,0.0,0.0,1.0,0.0,0.5,0.0,0.0,0.0
7020,549,DMM,coarse,0.8,0,0,1370,8630,0.0,0.0,1.0,0.0,0.5,0.0,0.0,0.0
7020,549,DMM,coarse,0.9,0,0,1370,8630,0.0,0.0,1.0,0.0,0.5,0.0,0.0,0.0
7020,549,DMM,coarse,1.0,0,0,1370,8630,0.0,0.0,1.0,0.0,0.5,0.0,0.0,0.0
7020,549,ISF,coarse_and_refined,0.0,1370,8630,0,0,0.137,1.0,0.0,0.24098504837291118,0.5,1.0,1.0,0.137
7020,549,ISF,refined,0.01,1370,8630,0,0,0.137,1.0,0.0,0.24098504837291118,0.5,1.0,1.0,0.137
7020,549,ISF,refined,0.02,1370,8630,0,0,0.137,1.0,0.0,0.24098504837291118,0.5,1.0,1.0,0.137
7020,549,ISF,refined,0.03,1370,8630,0,0,0.137,1.0,0.0,0.24098504837291118,0.5,1.0,1.0,0.137
7020,549,ISF,refined,0.04,1370,8630,0,0,0.137,1.0,0.0,0.24098504837291118,0.5,1.0,1.0,0.137
7020,549,ISF,refined,0.05,1370,8630,0,0,0.137,1.0,0.0,0.24098504837291118,0.5,1.0,1.0,0.137
7020,549,ISF,refined,0.06,1370,8630,0,0,0.137,1.0,0.0,0.24098504837291118,0.5,1.0,1.0,0.137
7020,549,ISF,refined,0.07,1370,8630,0,0,0.137,1.0,0.0,0.24098504837291118,0.5,1.0,1.0,0.137
7020,549,ISF,refined,0.08,1370,8630,0,0,0.137,1.0,0.0,0.24098504837291118,0.5,1.0,1.0,0.137
7020,549,ISF,refined,0.09,1370,8630,0,0,0.137,1.0,0.0,0.24098504837291118,0.5,1.0,1.0,0.137
7020,549,ISF,coarse_and_refined,0.1,1370,8630,0,0,0.137,1.0,0.0,0.24098504837291118,0.5,1.0,1.0,0.137
7020,549,ISF,coarse,0.2,0,0,1370,8630,0.0,0.0,1.0,0.0,0.5,0.0,0.0,0.0
7020,549,ISF,coarse,0.3,0,0,1370,8630,0.0,0.0,1.0,0.0,0.5,0.0,0.0,0.0
7020,549,ISF,coarse,0.4,0,0,1370,8630,0.0,0.0,1.0,0.0,0.5,0.0,0.0,0.0
7020,549,ISF,coarse,0.5,0,0,1370,8630,0.0,0.0,1.0,0.0,0.5,0.0,0.0,0.0
7020,549,ISF,coarse,0.6,0,0,1370,8630,0.0,0.0,1.0,0.0,0.5,0.0,0.0,0.0
7020,549,ISF,coarse,0.7,0,0,1370,8630,0.0,0.0,1.0,0.0,0.5,0.0,0.0,0.0
7020,549,ISF,coarse,0.8,0,0,1370,8630,0.0,0.0,1.0,0.0,0.5,0.0,0.0,0.0
7020,549,ISF,coarse,0.9,0,0,1370,8630,0.0,0.0,1.0,0.0,0.5,0.0,0.0,0.0
7020,549,ISF,coarse,1.0,0,0,1370,8630,0.0,0.0,1.0,0.0,0.5,0.0,0.0,0.0
7021,549,DBL,coarse_and_refined,0.0,1361,8639,0,0,0.1361,1.0,0.0,0.23959158524777752,0.5,1.0,1.0,0.1361
7021,549,DBL,refined,0.01,1361,8639,0,0,0.1361,1.0,0.0,0.23959158524777752,0.5,1.0,1.0,0.1361
7021,549,DBL,refined,0.02,1361,8639,0,0,0.1361,1.0,0.0,0.23959158524777752,0.5,1.0,1.0,0.1361
7021,549,DBL,refined,0.03,1361,8639,0,0,0.1361,1.0,0.0,0.23959158524777752,0.5,1.0,1.0,0.1361
7021,549,DBL,refined,0.04,1361,8639,0,0,0.1361,1.0,0.0,0.23959158524777752,0.5,1.0,1.0,0.1361
7021,549,DBL,refined,0.05,1361,8639,0,0,0.1361,1.0,0.0,0.23959158524777752,0.5,1.0,1.0,0.1361
7021,549,DBL,refined,0.06,1361,8639,0,0,0.1361,1.0,0.0,0.23959158524777752,0.5,1.0,1.0,0.1361
7021,549,DBL,refined,0.07,1361,8639,0,0,0.1361,1.0,0.0,0.23959158524777752,0.5,1.0,1.0,0.1361
7021,549,DBL,refined,0.08,1361,8639,0,0,0.1361,1.0,0.0,0.23959158524777752,0.5,1.0,1.0,0.1361
7021,549,DBL,refined,0.09,1361,8639,0,0,0.1361,1.0,0.0,0.23959158524777752,0.5,1.0,1.0,0.1361
7021,549,DBL,coarse_and_refined,0.1,1361,8639,0,0,0.1361,1.0,0.0,0.23959158524777752,0.5,1.0,1.0,0.1361
7021,549,DBL,coarse,0.2,0,0,1361,8639,0.0,0.0,1.0,0.0,0.5,0.0,0.0,0.0
7021,549,DBL,coarse,0.3,0,0,1361,8639,0.0,0.0,1.0,0.0,0.5,0.0,0.0,0.0
7021,549,DBL,coarse,0.4,0,0,1361,8639,0.0,0.0,1.0,0.0,0.5,0.0,0.0,0.0
7021,549,DBL,coarse,0.5,0,0,1361,8639,0.0,0.0,1.0,0.0,0.5,0.0,0.0,0.0
7021,549,DBL,coarse,0.6,0,0,1361,8639,0.0,0.0,1.0,0.0,0.5,0.0,0.0,0.0
7021,549,DBL,coarse,0.7,0,0,1361,8639,0.0,0.0,1.0,0.0,0.5,0.0,0.0,0.0
7021,549,DBL,coarse,0.8,0,0,1361,8639,0.0,0.0,1.0,0.0,0.5,0.0,0.0,0.0
7021,549,DBL,coarse,0.9,0,0,1361,8639,0.0,0.0,1.0,0.0,0.5,0.0,0.0,0.0
7021,549,DBL,coarse,1.0,0,0,1361,8639,0.0,0.0,1.0,0.0,0.5,0.0,0.0,0.0
7021,549,DMM,coarse_and_refined,0.0,1361,8639,0,0,0.1361,1.0,0.0,0.23959158524777752,0.5,1.0,1.0,0.1361
7021,549,DMM,refined,0.01,1361,8639,0,0,0.1361,1.0,0.0,0.23959158524777752,0.5,1.0,1.0,0.1361
7021,549,DMM,refined,0.02,1361,8639,0,0,0.1361,1.0,0.0,0.23959158524777752,0.5,1.0,1.0,0.1361
7021,549,DMM,refined,0.03,1361,8639,0,0,0.1361,1.0,0.0,0.23959158524777752,0.5,1.0,1.0,0.1361
7021,549,DMM,refined,0.04,1361,8639,0,0,0.1361,1.0,0.0,0.23959158524777752,0.5,1.0,1.0,0.1361
7021,549,DMM,refined,0.05,1361,8639,0,0,0.1361,1.0,0.0,0.23959158524777752,0.5,1.0,1.0,0.1361
7021,549,DMM,refined,0.06,1361,8639,0,0,0.1361,1.0,0.0,0.23959158524777752,0.5,1.0,1.0,0.1361
7021,549,DMM,refined,0.07,1361,8639,0,0,0.1361,1.0,0.0,0.23959158524777752,0.5,1.0,1.0,0.1361
7021,549,DMM,refined,0.08,1361,8639,0,0,0.1361,1.0,0.0,0.23959158524777752,0.5,1.0,1.0,0.1361
7021,549,DMM,refined,0.09,1361,8639,0,0,0.1361,1.0,0.0,0.23959158524777752,0.5,1.0,1.0,0.1361
7021,549,DMM,coarse_and_refined,0.1,1361,8639,0,0,0.1361,1.0,0.0,0.23959158524777752,0.5,1.0,1.0,0.1361
7021,549,DMM,coarse,0.2,0,0,1361,8639,0.0,0.0,1.0,0.0,0.5,0.0,0.0,0.0
7021,549,DMM,coarse,0.3,0,0,1361,8639,0.0,0.0,1.0,0.0,0.5,0.0,0.0,0.0
7021,549,DMM,coarse,0.4,0,0,1361,8639,0.0,0.0,1.0,0.0,0.5,0.0,0.0,0.0
7021,549,DMM,coarse,0.5,0,0,1361,8639,0.0,0.0,1.0,0.0,0.5,0.0,0.0,0.0
7021,549,DMM,coarse,0.6,0,0,1361,8639,0.0,0.0,1.0,0.0,0.5,0.0,0.0,0.0
7021,549,DMM,coarse,0.7,0,0,1361,8639,0.0,0.0,1.0,0.0,0.5,0.0,0.0,0.0
7021,549,DMM,coarse,0.8,0,0,1361,8639,0.0,0.0,1.0,0.0,0.5,0.0,0.0,0.0
7021,549,DMM,coarse,0.9,0,0,1361,8639,0.0,0.0,1.0,0.0,0.5,0.0,0.0,0.0
7021,549,DMM,coarse,1.0,0,0,1361,8639,0.0,0.0,1.0,0.0,0.5,0.0,0.0,0.0
7021,549,ISF,coarse_and_refined,0.0,1361,8639,0,0,0.1361,1.0,0.0,0.23959158524777752,0.5,1.0,1.0,0.1361
7021,549,ISF,refined,0.01,1361,8639,0,0,0.1361,1.0,0.0,0.23959158524777752,0.5,1.0,1.0,0.1361
7021,549,ISF,refined,0.02,1361,8639,0,0,0.1361,1.0,0.0,0.23959158524777752,0.5,1.0,1.0,0.1361
7021,549,ISF,refined,0.03,1361,8639,0,0,0.1361,1.0,0.0,0.23959158524777752,0.5,1.0,1.0,0.1361
7021,549,ISF,refined,0.04,1361,8639,0,0,0.1361,1.0,0.0,0.23959158524777752,0.5,1.0,1.0,0.1361
7021,549,ISF,refined,0.05,1361,8639,0,0,0.1361,1.0,0.0,0.23959158524777752,0.5,1.0,1.0,0.1361
7021,549,ISF,refined,0.06,1361,8639,0,0,0.1361,1.0,0.0,0.23959158524777752,0.5,1.0,1.0,0.1361
7021,549,ISF,refined,0.07,1361,8639,0,0,0.1361,1.0,0.0,0.23959158524777752,0.5,1.0,1.0,0.1361
7021,549,ISF,refined,0.08,1361,8639,0,0,0.1361,1.0,0.0,0.23959158524777752,0.5,1.0,1.0,0.1361
7021,549,ISF,refined,0.09,1361,8639,0,0,0.1361,1.0,0.0,0.23959158524777752,0.5,1.0,1.0,0.1361
7021,549,ISF,coarse_and_refined,0.1,1361,8639,0,0,0.1361,1.0,0.0,0.23959158524777752,0.5,1.0,1.0,0.1361
7021,549,ISF,coarse,0.2,0,0,1361,8639,0.0,0.0,1.0,0.0,0.5,0.0,0.0,0.0
7021,549,ISF,coarse,0.3,0,0,1361,8639,0.0,0.0,1.0,0.0,0.5,0.0,0.0,0.0
7021,549,ISF,coarse,0.4,0,0,1361,8639,0.0,0.0,1.0,0.0,0.5,0.0,0.0,0.0
7021,549,ISF,coarse,0.5,0,0,1361,8639,0.0,0.0,1.0,0.0,0.5,0.0,0.0,0.0
7021,549,ISF,coarse,0.6,0,0,1361,8639,0.0,0.0,1.0,0.0,0.5,0.0,0.0,0.0
7021,549,ISF,coarse,0.7,0,0,1361,8639,0.0,0.0,1.0,0.0,0.5,0.0,0.0,0.0
7021,549,ISF,coarse,0.8,0,0,1361,8639,0.0,0.0,1.0,0.0,0.5,0.0,0.0,0.0
7021,549,ISF,coarse,0.9,0,0,1361,8639,0.0,0.0,1.0,0.0,0.5,0.0,0.0,0.0
7021,549,ISF,coarse,1.0,0,0,1361,8639,0.0,0.0,1.0,0.0,0.5,0.0,0.0,0.0
7022,599,DBL,coarse_and_refined,0.0,1379,8621,0,0,0.1379,1.0,0.0,0.24237630723262152,0.5,1.0,1.0,0.1379
7022,599,DBL,refined,0.01,1379,8621,0,0,0.1379,1.0,0.0,0.24237630723262152,0.5,1.0,1.0,0.1379
7022,599,DBL,refined,0.02,1379,8621,0,0,0.1379,1.0,0.0,0.24237630723262152,0.5,1.0,1.0,0.1379
7022,599,DBL,refined,0.03,1379,8621,0,0,0.1379,1.0,0.0,0.24237630723262152,0.5,1.0,1.0,0.1379
7022,599,DBL,refined,0.04,1379,8621,0,0,0.1379,1.0,0.0,0.24237630723262152,0.5,1.0,1.0,0.1379
7022,599,DBL,refined,0.05,1379,8621,0,0,0.1379,1.0,0.0,0.24237630723262152,0.5,1.0,1.0,0.1379
7022,599,DBL,refined,0.06,1379,8621,0,0,0.1379,1.0,0.0,0.24237630723262152,0.5,1.0,1.0,0.1379
7022,599,DBL,refined,0.07,1379,8621,0,0,0.1379,1.0,0.0,0.24237630723262152,0.5,1.0,1.0,0.1379
7022,599,DBL,refined,0.08,1379,8621,0,0,0.1379,1.0,0.0,0.24237630723262152,0.5,1.0,1.0,0.1379
7022,599,DBL,refined,0.09,1379,8621,0,0,0.1379,1.0,0.0,0.24237630723262152,0.5,1.0,1.0,0.1379
7022,599,DBL,coarse_and_refined,0.1,1379,8621,0,0,0.1379,1.0,0.0,0.24237630723262152,0.5,1.0,1.0,0.1379
7022,599,DBL,coarse,0.2,0,0,1379,8621,0.0,0.0,1.0,0.0,0.5,0.0,0.0,0.0
7022,599,DBL,coarse,0.3,0,0,1379,8621,0.0,0.0,1.0,0.0,0.5,0.0,0.0,0.0
7022,599,DBL,coarse,0.4,0,0,1379,8621,0.0,0.0,1.0,0.0,0.5,0.0,0.0,0.0
7022,599,DBL,coarse,0.5,0,0,1379,8621,0.0,0.0,1.0,0.0,0.5,0.0,0.0,0.0
7022,599,DBL,coarse,0.6,0,0,1379,8621,0.0,0.0,1.0,0.0,0.5,0.0,0.0,0.0
7022,599,DBL,coarse,0.7,0,0,1379,8621,0.0,0.0,1.0,0.0,0.5,0.0,0.0,0.0
7022,599,DBL,coarse,0.8,0,0,1379,8621,0.0,0.0,1.0,0.0,0.5,0.0,0.0,0.0
7022,599,DBL,coarse,0.9,0,0,1379,8621,0.0,0.0,1.0,0.0,0.5,0.0,0.0,0.0
7022,599,DBL,coarse,1.0,0,0,1379,8621,0.0,0.0,1.0,0.0,0.5,0.0,0.0,0.0
7022,599,DMM,coarse_and_refined,0.0,1379,8621,0,0,0.1379,1.0,0.0,0.24237630723262152,0.5,1.0,1.0,0.1379
7022,599,DMM,refined,0.01,1379,8621,0,0,0.1379,1.0,0.0,0.24237630723262152,0.5,1.0,1.0,0.1379
7022,599,DMM,refined,0.02,1379,8621,0,0,0.1379,1.0,0.0,0.24237630723262152,0.5,1.0,1.0,0.1379
7022,599,DMM,refined,0.03,1379,8621,0,0,0.1379,1.0,0.0,0.24237630723262152,0.5,1.0,1.0,0.1379
7022,599,DMM,refined,0.04,1379,8621,0,0,0.1379,1.0,0.0,0.24237630723262152,0.5,1.0,1.0,0.1379
7022,599,DMM,refined,0.05,1379,8621,0,0,0.1379,1.0,0.0,0.24237630723262152,0.5,1.0,1.0,0.1379
7022,599,DMM,refined,0.06,1379,8621,0,0,0.1379,1.0,0.0,0.24237630723262152,0.5,1.0,1.0,0.1379
7022,599,DMM,refined,0.07,1379,8621,0,0,0.1379,1.0,0.0,0.24237630723262152,0.5,1.0,1.0,0.1379
7022,599,DMM,refined,0.08,1379,8621,0,0,0.1379,1.0,0.0,0.24237630723262152,0.5,1.0,1.0,0.1379
7022,599,DMM,refined,0.09,1379,8621,0,0,0.1379,1.0,0.0,0.24237630723262152,0.5,1.0,1.0,0.1379
7022,599,DMM,coarse_and_refined,0.1,1379,8621,0,0,0.1379,1.0,0.0,0.24237630723262152,0.5,1.0,1.0,0.1379
7022,599,DMM,coarse,0.2,0,0,1379,8621,0.0,0.0,1.0,0.0,0.5,0.0,0.0,0.0
7022,599,DMM,coarse,0.3,0,0,1379,8621,0.0,0.0,1.0,0.0,0.5,0.0,0.0,0.0
7022,599,DMM,coarse,0.4,0,0,1379,8621,0.0,0.0,1.0,0.0,0.5,0.0,0.0,0.0
7022,599,DMM,coarse,0.5,0,0,1379,8621,0.0,0.0,1.0,0.0,0.5,0.0,0.0,0.0
7022,599,DMM,coarse,0.6,0,0,1379,8621,0.0,0.0,1.0,0.0,0.5,0.0,0.0,0.0
7022,599,DMM,coarse,0.7,0,0,1379,8621,0.0,0.0,1.0,0.0,0.5,0.0,0.0,0.0
7022,599,DMM,coarse,0.8,0,0,1379,8621,0.0,0.0,1.0,0.0,0.5,0.0,0.0,0.0
7022,599,DMM,coarse,0.9,0,0,1379,8621,0.0,0.0,1.0,0.0,0.5,0.0,0.0,0.0
7022,599,DMM,coarse,1.0,0,0,1379,8621,0.0,0.0,1.0,0.0,0.5,0.0,0.0,0.0
7022,599,ISF,coarse_and_refined,0.0,1379,8621,0,0,0.1379,1.0,0.0,0.24237630723262152,0.5,1.0,1.0,0.1379
7022,599,ISF,refined,0.01,1379,8621,0,0,0.1379,1.0,0.0,0.24237630723262152,0.5,1.0,1.0,0.1379
7022,599,ISF,refined,0.02,1379,8621,0,0,0.1379,1.0,0.0,0.24237630723262152,0.5,1.0,1.0,0.1379
7022,599,ISF,refined,0.03,1379,8621,0,0,0.1379,1.0,0.0,0.24237630723262152,0.5,1.0,1.0,0.1379
7022,599,ISF,refined,0.04,1379,8621,0,0,0.1379,1.0,0.0,0.24237630723262152,0.5,1.0,1.0,0.1379
7022,599,ISF,refined,0.05,1379,8621,0,0,0.1379,1.0,0.0,0.24237630723262152,0.5,1.0,1.0,0.1379
7022,599,ISF,refined,0.06,1379,8621,0,0,0.1379,1.0,0.0,0.24237630723262152,0.5,1.0,1.0,0.1379
7022,599,ISF,refined,0.07,1379,8621,0,0,0.1379,1.0,0.0,0.24237630723262152,0.5,1.0,1.0,0.1379
7022,599,ISF,refined,0.08,1379,8621,0,0,0.1379,1.0,0.0,0.24237630723262152,0.5,1.0,1.0,0.1379
7022,599,ISF,refined,0.09,1379,8621,0,0,0.1379,1.0,0.0,0.24237630723262152,0.5,1.0,1.0,0.1379
7022,599,ISF,coarse_and_refined,0.1,1379,8621,0,0,0.1379,1.0,0.0,0.24237630723262152,0.5,1.0,1.0,0.1379
7022,599,ISF,coarse,0.2,0,0,1379,8621,0.0,0.0,1.0,0.0,0.5,0.0,0.0,0.0
7022,599,ISF,coarse,0.3,0,0,1379,8621,0.0,0.0,1.0,0.0,0.5,0.0,0.0,0.0
7022,599,ISF,coarse,0.4,0,0,1379,8621,0.0,0.0,1.0,0.0,0.5,0.0,0.0,0.0
7022,599,ISF,coarse,0.5,0,0,1379,8621,0.0,0.0,1.0,0.0,0.5,0.0,0.0,0.0
7022,599,ISF,coarse,0.6,0,0,1379,8621,0.0,0.0,1.0,0.0,0.5,0.0,0.0,0.0
7022,599,ISF,coarse,0.7,0,0,1379,8621,0.0,0.0,1.0,0.0,0.5,0.0,0.0,0.0
7022,599,ISF,coarse,0.8,0,0,1379,8621,0.0,0.0,1.0,0.0,0.5,0.0,0.0,0.0
7022,599,ISF,coarse,0.9,0,0,1379,8621,0.0,0.0,1.0,0.0,0.5,0.0,0.0,0.0
7022,599,ISF,coarse,1.0,0,0,1379,8621,0.0,0.0,1.0,0.0,0.5,0.0,0.0,0.0
7023,549,DBL,coarse_and_refined,0.0,1358,8642,0,0,0.1358,1.0,0.0,0.2391266067969713,0.5,1.0,1.0,0.1358
7023,549,DBL,refined,0.01,1358,8642,0,0,0.1358,1.0,0.0,0.2391266067969713,0.5,1.0,1.0,0.1358
7023,549,DBL,refined,0.02,1358,8642,0,0,0.1358,1.0,0.0,0.2391266067969713,0.5,1.0,1.0,0.1358
7023,549,DBL,refined,0.03,1358,8642,0,0,0.1358,1.0,0.0,0.2391266067969713,0.5,1.0,1.0,0.1358
7023,549,DBL,refined,0.04,1358,8642,0,0,0.1358,1.0,0.0,0.2391266067969713,0.5,1.0,1.0,0.1358
7023,549,DBL,refined,0.05,1358,8642,0,0,0.1358,1.0,0.0,0.2391266067969713,0.5,1.0,1.0,0.1358
7023,549,DBL,refined,0.06,1358,8642,0,0,0.1358,1.0,0.0,0.2391266067969713,0.5,1.0,1.0,0.1358
7023,549,DBL,refined,0.07,1358,8642,0,0,0.1358,1.0,0.0,0.2391266067969713,0.5,1.0,1.0,0.1358
7023,549,DBL,refined,0.08,1358,8642,0,0,0.1358,1.0,0.0,0.2391266067969713,0.5,1.0,1.0,0.1358
7023,549,DBL,refined,0.09,1358,8642,0,0,0.1358,1.0,0.0,0.2391266067969713,0.5,1.0,1.0,0.1358
7023,549,DBL,coarse_and_refined,0.1,1358,8642,0,0,0.1358,1.0,0.0,0.2391266067969713,0.5,1.0,1.0,0.1358
7023,549,DBL,coarse,0.2,0,0,1358,8642,0.0,0.0,1.0,0.0,0.5,0.0,0.0,0.0
7023,549,DBL,coarse,0.3,0,0,1358,8642,0.0,0.0,1.0,0.0,0.5,0.0,0.0,0.0
7023,549,DBL,coarse,0.4,0,0,1358,8642,0.0,0.0,1.0,0.0,0.5,0.0,0.0,0.0
7023,549,DBL,coarse,0.5,0,0,1358,8642,0.0,0.0,1.0,0.0,0.5,0.0,0.0,0.0
7023,549,DBL,coarse,0.6,0,0,1358,8642,0.0,0.0,1.0,0.0,0.5,0.0,0.0,0.0
7023,549,DBL,coarse,0.7,0,0,1358,8642,0.0,0.0,1.0,0.0,0.5,0.0,0.0,0.0
7023,549,DBL,coarse,0.8,0,0,1358,8642,0.0,0.0,1.0,0.0,0.5,0.0,0.0,0.0
7023,549,DBL,coarse,0.9,0,0,1358,8642,0.0,0.0,1.0,0.0,0.5,0.0,0.0,0.0
7023,549,DBL,coarse,1.0,0,0,1358,8642,0.0,0.0,1.0,0.0,0.5,0.0,0.0,0.0
7023,549,DMM,coarse_and_refined,0.0,1358,8642,0,0,0.1358,1.0,0.0,0.2391266067969713,0.5,1.0,1.0,0.1358
7023,549,DMM,refined,0.01,1358,8642,0,0,0.1358,1.0,0.0,0.2391266067969713,0.5,1.0,1.0,0.1358
7023,549,DMM,refined,0.02,1358,8642,0,0,0.1358,1.0,0.0,0.2391266067969713,0.5,1.0,1.0,0.1358
7023,549,DMM,refined,0.03,1358,8642,0,0,0.1358,1.0,0.0,0.2391266067969713,0.5,1.0,1.0,0.1358
7023,549,DMM,refined,0.04,1358,8642,0,0,0.1358,1.0,0.0,0.2391266067969713,0.5,1.0,1.0,0.1358
7023,549,DMM,refined,0.05,1358,8642,0,0,0.1358,1.0,0.0,0.2391266067969713,0.5,1.0,1.0,0.1358
7023,549,DMM,refined,0.06,1358,8642,0,0,0.1358,1.0,0.0,0.2391266067969713,0.5,1.0,1.0,0.1358
7023,549,DMM,refined,0.07,1358,8642,0,0,0.1358,1.0,0.0,0.2391266067969713,0.5,1.0,1.0,0.1358
7023,549,DMM,refined,0.08,1358,8642,0,0,0.1358,1.0,0.0,0.2391266067969713,0.5,1.0,1.0,0.1358
7023,549,DMM,refined,0.09,1358,8642,0,0,0.1358,1.0,0.0,0.2391266067969713,0.5,1.0,1.0,0.1358
7023,549,DMM,coarse_and_refined,0.1,1358,8642,0,0,0.1358,1.0,0.0,0.2391266067969713,0.5,1.0,1.0,0.1358
7023,549,DMM,coarse,0.2,0,0,1358,8642,0.0,0.0,1.0,0.0,0.5,0.0,0.0,0.0
7023,549,DMM,coarse,0.3,0,0,1358,8642,0.0,0.0,1.0,0.0,0.5,0.0,0.0,0.0
7023,549,DMM,coarse,0.4,0,0,1358,8642,0.0,0.0,1.0,0.0,0.5,0.0,0.0,0.0
7023,549,DMM,coarse,0.5,0,0,1358,8642,0.0,0.0,1.0,0.0,0.5,0.0,0.0,0.0
7023,549,DMM,coarse,0.6,0,0,1358,8642,0.0,0.0,1.0,0.0,0.5,0.0,0.0,0.0
7023,549,DMM,coarse,0.7,0,0,1358,8642,0.0,0.0,1.0,0.0,0.5,0.0,0.0,0.0
7023,549,DMM,coarse,0.8,0,0,1358,8642,0.0,0.0,1.0,0.0,0.5,0.0,0.0,0.0
7023,549,DMM,coarse,0.9,0,0,1358,8642,0.0,0.0,1.0,0.0,0.5,0.0,0.0,0.0
7023,549,DMM,coarse,1.0,0,0,1358,8642,0.0,0.0,1.0,0.0,0.5,0.0,0.0,0.0
7023,549,ISF,coarse_and_refined,0.0,1358,8642,0,0,0.1358,1.0,0.0,0.2391266067969713,0.5,1.0,1.0,0.1358
7023,549,ISF,refined,0.01,1358,8642,0,0,0.1358,1.0,0.0,0.2391266067969713,0.5,1.0,1.0,0.1358
7023,549,ISF,refined,0.02,1358,8642,0,0,0.1358,1.0,0.0,0.2391266067969713,0.5,1.0,1.0,0.1358
7023,549,ISF,refined,0.03,1358,8642,0,0,0.1358,1.0,0.0,0.2391266067969713,0.5,1.0,1.0,0.1358
7023,549,ISF,refined,0.04,1358,8642,0,0,0.1358,1.0,0.0,0.2391266067969713,0.5,1.0,1.0,0.1358
7023,549,ISF,refined,0.05,1358,8642,0,0,0.1358,1.0,0.0,0.2391266067969713,0.5,1.0,1.0,0.1358
7023,549,ISF,refined,0.06,1358,8642,0,0,0.1358,1.0,0.0,0.2391266067969713,0.5,1.0,1.0,0.1358
7023,549,ISF,refined,0.07,1358,8642,0,0,0.1358,1.0,0.0,0.2391266067969713,0.5,1.0,1.0,0.1358
7023,549,ISF,refined,0.08,1358,8642,0,0,0.1358,1.0,0.0,0.2391266067969713,0.5,1.0,1.0,0.1358
7023,549,ISF,refined,0.09,1358,8642,0,0,0.1358,1.0,0.0,0.2391266067969713,0.5,1.0,1.0,0.1358
7023,549,ISF,coarse_and_refined,0.1,1358,8642,0,0,0.1358,1.0,0.0,0.2391266067969713,0.5,1.0,1.0,0.1358
7023,549,ISF,coarse,0.2,0,0,1358,8642,0.0,0.0,1.0,0.0,0.5,0.0,0.0,0.0
7023,549,ISF,coarse,0.3,0,0,1358,8642,0.0,0.0,1.0,0.0,0.5,0.0,0.0,0.0
7023,549,ISF,coarse,0.4,0,0,1358,8642,0.0,0.0,1.0,0.0,0.5,0.0,0.0,0.0
7023,549,ISF,coarse,0.5,0,0,1358,8642,0.0,0.0,1.0,0.0,0.5,0.0,0.0,0.0
7023,549,ISF,coarse,0.6,0,0,1358,8642,0.0,0.0,1.0,0.0,0.5,0.0,0.0,0.0
7023,549,ISF,coarse,0.7,0,0,1358,8642,0.0,0.0,1.0,0.0,0.5,0.0,0.0,0.0
7023,549,ISF,coarse,0.8,0,0,1358,8642,0.0,0.0,1.0,0.0,0.5,0.0,0.0,0.0
7023,549,ISF,coarse,0.9,0,0,1358,8642,0.0,0.0,1.0,0.0,0.5,0.0,0.0,0.0
7023,549,ISF,coarse,1.0,0,0,1358,8642,0.0,0.0,1.0,0.0,0.5,0.0,0.0,0.0
7024,549,DBL,coarse_and_refined,0.0,1297,8703,0,0,0.1297,1.0,0.0,0.22961848278303978,0.5,1.0,1.0,0.1297
7024,549,DBL,refined,0.01,1297,8703,0,0,0.1297,1.0,0.0,0.22961848278303978,0.5,1.0,1.0,0.1297
7024,549,DBL,refined,0.02,1297,8703,0,0,0.1297,1.0,0.0,0.22961848278303978,0.5,1.0,1.0,0.1297
7024,549,DBL,refined,0.03,1297,8703,0,0,0.1297,1.0,0.0,0.22961848278303978,0.5,1.0,1.0,0.1297
7024,549,DBL,refined,0.04,1297,8703,0,0,0.1297,1.0,0.0,0.22961848278303978,0.5,1.0,1.0,0.1297
7024,549,DBL,refined,0.05,1297,8703,0,0,0.1297,1.0,0.0,0.22961848278303978,0.5,1.0,1.0,0.1297
7024,549,DBL,refined,0.06,1297,8703,0,0,0.1297,1.0,0.0,0.22961848278303978,0.5,1.0,1.0,0.1297
7024,549,DBL,refined,0.07,1297,8703,0,0,0.1297,1.0,0.0,0.22961848278303978,0.5,1.0,1.0,0.1297
7024,549,DBL,refined,0.08,1297,8703,0,0,0.1297,1.0,0.0,0.22961848278303978,0.5,1.0,1.0,0.1297
7024,549,DBL,refined,0.09,1297,8703,0,0,0.1297,1.0,0.0,0.22961848278303978,0.5,1.0,1.0,0.1297
7024,549,DBL,coarse_and_refined,0.1,1297,8703,0,0,0.1297,1.0,0.0,0.22961848278303978,0.5,1.0,1.0,0.1297
7024,549,DBL,coarse,0.2,0,0,1297,8703,0.0,0.0,1.0,0.0,0.5,0.0,0.0,0.0
7024,549,DBL,coarse,0.3,0,0,1297,8703,0.0,0.0,1.0,0.0,0.5,0.0,0.0,0.0
7024,549,DBL,coarse,0.4,0,0,1297,8703,0.0,0.0,1.0,0.0,0.5,0.0,0.0,0.0
7024,549,DBL,coarse,0.5,0,0,1297,8703,0.0,0.0,1.0,0.0,0.5,0.0,0.0,0.0
7024,549,DBL,coarse,0.6,0,0,1297,8703,0.0,0.0,1.0,0.0,0.5,0.0,0.0,0.0
7024,549,DBL,coarse,0.7,0,0,1297,8703,0.0,0.0,1.0,0.0,0.5,0.0,0.0,0.0
7024,549,DBL,coarse,0.8,0,0,1297,8703,0.0,0.0,1.0,0.0,0.5,0.0,0.0,0.0
7024,549,DBL,coarse,0.9,0,0,1297,8703,0.0,0.0,1.0,0.0,0.5,0.0,0.0,0.0
7024,549,DBL,coarse,1.0,0,0,1297,8703,0.0,0.0,1.0,0.0,0.5,0.0,0.0,0.0
7024,549,DMM,coarse_and_refined,0.0,1297,8703,0,0,0.1297,1.0,0.0,0.22961848278303978,0.5,1.0,1.0,0.1297
7024,549,DMM,refined,0.01,1297,8703,0,0,0.1297,1.0,0.0,0.22961848278303978,0.5,1.0,1.0,0.1297
7024,549,DMM,refined,0.02,1297,8703,0,0,0.1297,1.0,0.0,0.22961848278303978,0.5,1.0,1.0,0.1297
7024,549,DMM,refined,0.03,1297,8703,0,0,0.1297,1.0,0.0,0.22961848278303978,0.5,1.0,1.0,0.1297
7024,549,DMM,refined,0.04,1297,8703,0,0,0.1297,1.0,0.0,0.22961848278303978,0.5,1.0,1.0,0.1297
7024,549,DMM,refined,0.05,1297,8703,0,0,0.1297,1.0,0.0,0.22961848278303978,0.5,1.0,1.0,0.1297
7024,549,DMM,refined,0.06,1297,8703,0,0,0.1297,1.0,0.0,0.22961848278303978,0.5,1.0,1.0,0.1297
7024,549,DMM,refined,0.07,1297,8703,0,0,0.1297,1.0,0.0,0.22961848278303978,0.5,1.0,1.0,0.1297
7024,549,DMM,refined,0.08,1297,8703,0,0,0.1297,1.0,0.0,0.22961848278303978,0.5,1.0,1.0,0.1297
7024,549,DMM,refined,0.09,1297,8703,0,0,0.1297,1.0,0.0,0.22961848278303978,0.5,1.0,1.0,0.1297
7024,549,DMM,coarse_and_refined,0.1,1297,8703,0,0,0.1297,1.0,0.0,0.22961848278303978,0.5,1.0,1.0,0.1297
7024,549,DMM,coarse,0.2,0,0,1297,8703,0.0,0.0,1.0,0.0,0.5,0.0,0.0,0.0
7024,549,DMM,coarse,0.3,0,0,1297,8703,0.0,0.0,1.0,0.0,0.5,0.0,0.0,0.0
7024,549,DMM,coarse,0.4,0,0,1297,8703,0.0,0.0,1.0,0.0,0.5,0.0,0.0,0.0
7024,549,DMM,coarse,0.5,0,0,1297,8703,0.0,0.0,1.0,0.0,0.5,0.0,0.0,0.0
7024,549,DMM,coarse,0.6,0,0,1297,8703,0.0,0.0,1.0,0.0,0.5,0.0,0.0,0.0
7024,549,DMM,coarse,0.7,0,0,1297,8703,0.0,0.0,1.0,0.0,0.5,0.0,0.0,0.0
7024,549,DMM,coarse,0.8,0,0,1297,8703,0.0,0.0,1.0,0.0,0.5,0.0,0.0,0.0
7024,549,DMM,coarse,0.9,0,0,1297,8703,0.0,0.0,1.0,0.0,0.5,0.0,0.0,0.0
7024,549,DMM,coarse,1.0,0,0,1297,8703,0.0,0.0,1.0,0.0,0.5,0.0,0.0,0.0
7024,549,ISF,coarse_and_refined,0.0,1297,8703,0,0,0.1297,1.0,0.0,0.22961848278303978,0.5,1.0,1.0,0.1297
7024,549,ISF,refined,0.01,1297,8703,0,0,0.1297,1.0,0.0,0.22961848278303978,0.5,1.0,1.0,0.1297
7024,549,ISF,refined,0.02,1297,8703,0,0,0.1297,1.0,0.0,0.22961848278303978,0.5,1.0,1.0,0.1297
7024,549,ISF,refined,0.03,1297,8703,0,0,0.1297,1.0,0.0,0.22961848278303978,0.5,1.0,1.0,0.1297
7024,549,ISF,refined,0.04,1297,8703,0,0,0.1297,1.0,0.0,0.22961848278303978,0.5,1.0,1.0,0.1297
7024,549,ISF,refined,0.05,1297,8703,0,0,0.1297,1.0,0.0,0.22961848278303978,0.5,1.0,1.0,0.1297
7024,549,ISF,refined,0.06,1297,8703,0,0,0.1297,1.0,0.0,0.22961848278303978,0.5,1.0,1.0,0.1297
7024,549,ISF,refined,0.07,1297,8703,0,0,0.1297,1.0,0.0,0.22961848278303978,0.5,1.0,1.0,0.1297
7024,549,ISF,refined,0.08,1297,8703,0,0,0.1297,1.0,0.0,0.22961848278303978,0.5,1.0,1.0,0.1297
7024,549,ISF,refined,0.09,1297,8703,0,0,0.1297,1.0,0.0,0.22961848278303978,0.5,1.0,1.0,0.1297
7024,549,ISF,coarse_and_refined,0.1,1297,8703,0,0,0.1297,1.0,0.0,0.22961848278303978,0.5,1.0,1.0,0.1297
7024,549,ISF,coarse,0.2,0,0,1297,8703,0.0,0.0,1.0,0.0,0.5,0.0,0.0,0.0
7024,549,ISF,coarse,0.3,0,0,1297,8703,0.0,0.0,1.0,0.0,0.5,0.0,0.0,0.0
7024,549,ISF,coarse,0.4,0,0,1297,8703,0.0,0.0,1.0,0.0,0.5,0.0,0.0,0.0
7024,549,ISF,coarse,0.5,0,0,1297,8703,0.0,0.0,1.0,0.0,0.5,0.0,0.0,0.0
7024,549,ISF,coarse,0.6,0,0,1297,8703,0.0,0.0,1.0,0.0,0.5,0.0,0.0,0.0
7024,549,ISF,coarse,0.7,0,0,1297,8703,0.0,0.0,1.0,0.0,0.5,0.0,0.0,0.0
7024,549,ISF,coarse,0.8,0,0,1297,8703,0.0,0.0,1.0,0.0,0.5,0.0,0.0,0.0
7024,549,ISF,coarse,0.9,0,0,1297,8703,0.0,0.0,1.0,0.0,0.5,0.0,0.0,0.0
7024,549,ISF,coarse,1.0,0,0,1297,8703,0.0,0.0,1.0,0.0,0.5,0.0,0.0,0.0
7025,549,DBL,coarse_and_refined,0.0,1345,8655,0,0,0.1345,1.0,0.0,0.2371088585279859,0.5,1.0,1.0,0.1345
7025,549,DBL,refined,0.01,1345,8655,0,0,0.1345,1.0,0.0,0.2371088585279859,0.5,1.0,1.0,0.1345
7025,549,DBL,refined,0.02,1345,8655,0,0,0.1345,1.0,0.0,0.2371088585279859,0.5,1.0,1.0,0.1345
7025,549,DBL,refined,0.03,1345,8655,0,0,0.1345,1.0,0.0,0.2371088585279859,0.5,1.0,1.0,0.1345
7025,549,DBL,refined,0.04,1345,8655,0,0,0.1345,1.0,0.0,0.2371088585279859,0.5,1.0,1.0,0.1345
7025,549,DBL,refined,0.05,1345,8655,0,0,0.1345,1.0,0.0,0.2371088585279859,0.5,1.0,1.0,0.1345
7025,549,DBL,refined,0.06,1345,8655,0,0,0.1345,1.0,0.0,0.2371088585279859,0.5,1.0,1.0,0.1345
7025,549,DBL,refined,0.07,1345,8655,0,0,0.1345,1.0,0.0,0.2371088585279859,0.5,1.0,1.0,0.1345
7025,549,DBL,refined,0.08,1345,8655,0,0,0.1345,1.0,0.0,0.2371088585279859,0.5,1.0,1.0,0.1345
7025,549,DBL,refined,0.09,1345,8655,0,0,0.1345,1.0,0.0,0.2371088585279859,0.5,1.0,1.0,0.1345
7025,549,DBL,coarse_and_refined,0.1,1345,8655,0,0,0.1345,1.0,0.0,0.2371088585279859,0.5,1.0,1.0,0.1345
7025,549,DBL,coarse,0.2,0,0,1345,8655,0.0,0.0,1.0,0.0,0.5,0.0,0.0,0.0
7025,549,DBL,coarse,0.3,0,0,1345,8655,0.0,0.0,1.0,0.0,0.5,0.0,0.0,0.0
7025,549,DBL,coarse,0.4,0,0,1345,8655,0.0,0.0,1.0,0.0,0.5,0.0,0.0,0.0
7025,549,DBL,coarse,0.5,0,0,1345,8655,0.0,0.0,1.0,0.0,0.5,0.0,0.0,0.0
7025,549,DBL,coarse,0.6,0,0,1345,8655,0.0,0.0,1.0,0.0,0.5,0.0,0.0,0.0
7025,549,DBL,coarse,0.7,0,0,1345,8655,0.0,0.0,1.0,0.0,0.5,0.0,0.0,0.0
7025,549,DBL,coarse,0.8,0,0,1345,8655,0.0,0.0,1.0,0.0,0.5,0.0,0.0,0.0
7025,549,DBL,coarse,0.9,0,0,1345,8655,0.0,0.0,1.0,0.0,0.5,0.0,0.0,0.0
7025,549,DBL,coarse,1.0,0,0,1345,8655,0.0,0.0,1.0,0.0,0.5,0.0,0.0,0.0
7025,549,DMM,coarse_and_refined,0.0,1345,8655,0,0,0.1345,1.0,0.0,0.2371088585279859,0.5,1.0,1.0,0.1345
7025,549,DMM,refined,0.01,1345,8655,0,0,0.1345,1.0,0.0,0.2371088585279859,0.5,1.0,1.0,0.1345
7025,549,DMM,refined,0.02,1345,8655,0,0,0.1345,1.0,0.0,0.2371088585279859,0.5,1.0,1.0,0.1345
7025,549,DMM,refined,0.03,1345,8655,0,0,0.1345,1.0,0.0,0.2371088585279859,0.5,1.0,1.0,0.1345
7025,549,DMM,refined,0.04,1345,8655,0,0,0.1345,1.0,0.0,0.2371088585279859,0.5,1.0,1.0,0.1345
7025,549,DMM,refined,0.05,1345,8655,0,0,0.1345,1.0,0.0,0.2371088585279859,0.5,1.0,1.0,0.1345
7025,549,DMM,refined,0.06,1345,8655,0,0,0.1345,1.0,0.0,0.2371088585279859,0.5,1.0,1.0,0.1345
7025,549,DMM,refined,0.07,1345,8655,0,0,0.1345,1.0,0.0,0.2371088585279859,0.5,1.0,1.0,0.1345
7025,549,DMM,refined,0.08,1345,8655,0,0,0.1345,1.0,0.0,0.2371088585279859,0.5,1.0,1.0,0.1345
7025,549,DMM,refined,0.09,1345,8655,0,0,0.1345,1.0,0.0,0.2371088585279859,0.5,1.0,1.0,0.1345
7025,549,DMM,coarse_and_refined,0.1,1345,8655,0,0,0.1345,1.0,0.0,0.2371088585279859,0.5,1.0,1.0,0.1345
7025,549,DMM,coarse,0.2,0,0,1345,8655,0.0,0.0,1.0,0.0,0.5,0.0,0.0,0.0
7025,549,DMM,coarse,0.3,0,0,1345,8655,0.0,0.0,1.0,0.0,0.5,0.0,0.0,0.0
7025,549,DMM,coarse,0.4,0,0,1345,8655,0.0,0.0,1.0,0.0,0.5,0.0,0.0,0.0
7025,549,DMM,coarse,0.5,0,0,1345,8655,0.0,0.0,1.0,0.0,0.5,0.0,0.0,0.0
7025,549,DMM,coarse,0.6,0,0,1345,8655,0.0,0.0,1.0,0.0,0.5,0.0,0.0,0.0
7025,549,DMM,coarse,0.7,0,0,1345,8655,0.0,0.0,1.0,0.0,0.5,0.0,0.0,0.0
7025,549,DMM,coarse,0.8,0,0,1345,8655,0.0,0.0,1.0,0.0,0.5,0.0,0.0,0.0
7025,549,DMM,coarse,0.9,0,0,1345,8655,0.0,0.0,1.0,0.0,0.5,0.0,0.0,0.0
7025,549,DMM,coarse,1.0,0,0,1345,8655,0.0,0.0,1.0,0.0,0.5,0.0,0.0,0.0
7025,549,ISF,coarse_and_refined,0.0,1345,8655,0,0,0.1345,1.0,0.0,0.2371088585279859,0.5,1.0,1.0,0.1345
7025,549,ISF,refined,0.01,1345,8655,0,0,0.1345,1.0,0.0,0.2371088585279859,0.5,1.0,1.0,0.1345
7025,549,ISF,refined,0.02,1345,8655,0,0,0.1345,1.0,0.0,0.2371088585279859,0.5,1.0,1.0,0.1345
7025,549,ISF,refined,0.03,1345,8655,0,0,0.1345,1.0,0.0,0.2371088585279859,0.5,1.0,1.0,0.1345
7025,549,ISF,refined,0.04,1345,8655,0,0,0.1345,1.0,0.0,0.2371088585279859,0.5,1.0,1.0,0.1345
7025,549,ISF,refined,0.05,1345,8655,0,0,0.1345,1.0,0.0,0.2371088585279859,0.5,1.0,1.0,0.1345
7025,549,ISF,refined,0.06,1345,8655,0,0,0.1345,1.0,0.0,0.2371088585279859,0.5,1.0,1.0,0.1345
7025,549,ISF,refined,0.07,1345,8655,0,0,0.1345,1.0,0.0,0.2371088585279859,0.5,1.0,1.0,0.1345
7025,549,ISF,refined,0.08,1345,8655,0,0,0.1345,1.0,0.0,0.2371088585279859,0.5,1.0,1.0,0.1345
7025,549,ISF,refined,0.09,1345,8655,0,0,0.1345,1.0,0.0,0.2371088585279859,0.5,1.0,1.0,0.1345
7025,549,ISF,coarse_and_refined,0.1,1345,8655,0,0,0.1345,1.0,0.0,0.2371088585279859,0.5,1.0,1.0,0.1345
7025,549,ISF,coarse,0.2,0,0,1345,8655,0.0,0.0,1.0,0.0,0.5,0.0,0.0,0.0
7025,549,ISF,coarse,0.3,0,0,1345,8655,0.0,0.0,1.0,0.0,0.5,0.0,0.0,0.0
7025,549,ISF,coarse,0.4,0,0,1345,8655,0.0,0.0,1.0,0.0,0.5,0.0,0.0,0.0
7025,549,ISF,coarse,0.5,0,0,1345,8655,0.0,0.0,1.0,0.0,0.5,0.0,0.0,0.0
7025,549,ISF,coarse,0.6,0,0,1345,8655,0.0,0.0,1.0,0.0,0.5,0.0,0.0,0.0
7025,549,ISF,coarse,0.7,0,0,1345,8655,0.0,0.0,1.0,0.0,0.5,0.0,0.0,0.0
7025,549,ISF,coarse,0.8,0,0,1345,8655,0.0,0.0,1.0,0.0,0.5,0.0,0.0,0.0
7025,549,ISF,coarse,0.9,0,0,1345,8655,0.0,0.0,1.0,0.0,0.5,0.0,0.0,0.0
7025,549,ISF,coarse,1.0,0,0,1345,8655,0.0,0.0,1.0,0.0,0.5,0.0,0.0,0.0
7026,599,DBL,coarse_and_refined,0.0,1361,8639,0,0,0.1361,1.0,0.0,0.23959158524777752,0.5,1.0,1.0,0.1361
7026,599,DBL,refined,0.01,1361,8639,0,0,0.1361,1.0,0.0,0.23959158524777752,0.5,1.0,1.0,0.1361
7026,599,DBL,refined,0.02,1361,8639,0,0,0.1361,1.0,0.0,0.23959158524777752,0.5,1.0,1.0,0.1361
7026,599,DBL,refined,0.03,1361,8639,0,0,0.1361,1.0,0.0,0.23959158524777752,0.5,1.0,1.0,0.1361
7026,599,DBL,refined,0.04,1361,8639,0,0,0.1361,1.0,0.0,0.23959158524777752,0.5,1.0,1.0,0.1361
7026,599,DBL,refined,0.05,1361,8639,0,0,0.1361,1.0,0.0,0.23959158524777752,0.5,1.0,1.0,0.1361
7026,599,DBL,refined,0.06,1361,8639,0,0,0.1361,1.0,0.0,0.23959158524777752,0.5,1.0,1.0,0.1361
7026,599,DBL,refined,0.07,1361,8639,0,0,0.1361,1.0,0.0,0.23959158524777752,0.5,1.0,1.0,0.1361
7026,599,DBL,refined,0.08,1361,8639,0,0,0.1361,1.0,0.0,0.23959158524777752,0.5,1.0,1.0,0.1361
7026,599,DBL,refined,0.09,1361,8639,0,0,0.1361,1.0,0.0,0.23959158524777752,0.5,1.0,1.0,0.1361
7026,599,DBL,coarse_and_refined,0.1,1361,8639,0,0,0.1361,1.0,0.0,0.23959158524777752,0.5,1.0,1.0,0.1361
7026,599,DBL,coarse,0.2,0,0,1361,8639,0.0,0.0,1.0,0.0,0.5,0.0,0.0,0.0
7026,599,DBL,coarse,0.3,0,0,1361,8639,0.0,0.0,1.0,0.0,0.5,0.0,0.0,0.0
7026,599,DBL,coarse,0.4,0,0,1361,8639,0.0,0.0,1.0,0.0,0.5,0.0,0.0,0.0
7026,599,DBL,coarse,0.5,0,0,1361,8639,0.0,0.0,1.0,0.0,0.5,0.0,0.0,0.0
7026,599,DBL,coarse,0.6,0,0,1361,8639,0.0,0.0,1.0,0.0,0.5,0.0,0.0,0.0
7026,599,DBL,coarse,0.7,0,0,1361,8639,0.0,0.0,1.0,0.0,0.5,0.0,0.0,0.0
7026,599,DBL,coarse,0.8,0,0,1361,8639,0.0,0.0,1.0,0.0,0.5,0.0,0.0,0.0
7026,599,DBL,coarse,0.9,0,0,1361,8639,0.0,0.0,1.0,0.0,0.5,0.0,0.0,0.0
7026,599,DBL,coarse,1.0,0,0,1361,8639,0.0,0.0,1.0,0.0,0.5,0.0,0.0,0.0
7026,599,DMM,coarse_and_refined,0.0,1361,8639,0,0,0.1361,1.0,0.0,0.23959158524777752,0.5,1.0,1.0,0.1361
7026,599,DMM,refined,0.01,1361,8639,0,0,0.1361,1.0,0.0,0.23959158524777752,0.5,1.0,1.0,0.1361
7026,599,DMM,refined,0.02,1361,8639,0,0,0.1361,1.0,0.0,0.23959158524777752,0.5,1.0,1.0,0.1361
7026,599,DMM,refined,0.03,1361,8639,0,0,0.1361,1.0,0.0,0.23959158524777752,0.5,1.0,1.0,0.1361
7026,599,DMM,refined,0.04,1361,8639,0,0,0.1361,1.0,0.0,0.23959158524777752,0.5,1.0,1.0,0.1361
7026,599,DMM,refined,0.05,1361,8639,0,0,0.1361,1.0,0.0,0.23959158524777752,0.5,1.0,1.0,0.1361
7026,599,DMM,refined,0.06,1361,8639,0,0,0.1361,1.0,0.0,0.23959158524777752,0.5,1.0,1.0,0.1361
7026,599,DMM,refined,0.07,1361,8639,0,0,0.1361,1.0,0.0,0.23959158524777752,0.5,1.0,1.0,0.1361
7026,599,DMM,refined,0.08,1361,8639,0,0,0.1361,1.0,0.0,0.23959158524777752,0.5,1.0,1.0,0.1361
7026,599,DMM,refined,0.09,1361,8639,0,0,0.1361,1.0,0.0,0.23959158524777752,0.5,1.0,1.0,0.1361
7026,599,DMM,coarse_and_refined,0.1,1361,8639,0,0,0.1361,1.0,0.0,0.23959158524777752,0.5,1.0,1.0,0.1361
7026,599,DMM,coarse,0.2,0,0,1361,8639,0.0,0.0,1.0,0.0,0.5,0.0,0.0,0.0
7026,599,DMM,coarse,0.3,0,0,1361,8639,0.0,0.0,1.0,0.0,0.5,0.0,0.0,0.0
7026,599,DMM,coarse,0.4,0,0,1361,8639,0.0,0.0,1.0,0.0,0.5,0.0,0.0,0.0
7026,599,DMM,coarse,0.5,0,0,1361,8639,0.0,0.0,1.0,0.0,0.5,0.0,0.0,0.0
7026,599,DMM,coarse,0.6,0,0,1361,8639,0.0,0.0,1.0,0.0,0.5,0.0,0.0,0.0
7026,599,DMM,coarse,0.7,0,0,1361,8639,0.0,0.0,1.0,0.0,0.5,0.0,0.0,0.0
7026,599,DMM,coarse,0.8,0,0,1361,8639,0.0,0.0,1.0,0.0,0.5,0.0,0.0,0.0
7026,599,DMM,coarse,0.9,0,0,1361,8639,0.0,0.0,1.0,0.0,0.5,0.0,0.0,0.0
7026,599,DMM,coarse,1.0,0,0,1361,8639,0.0,0.0,1.0,0.0,0.5,0.0,0.0,0.0
7026,599,ISF,coarse_and_refined,0.0,1361,8639,0,0,0.1361,1.0,0.0,0.23959158524777752,0.5,1.0,1.0,0.1361
7026,599,ISF,refined,0.01,1361,8639,0,0,0.1361,1.0,0.0,0.23959158524777752,0.5,1.0,1.0,0.1361
7026,599,ISF,refined,0.02,1361,8639,0,0,0.1361,1.0,0.0,0.23959158524777752,0.5,1.0,1.0,0.1361
7026,599,ISF,refined,0.03,1361,8639,0,0,0.1361,1.0,0.0,0.23959158524777752,0.5,1.0,1.0,0.1361
7026,599,ISF,refined,0.04,1361,8639,0,0,0.1361,1.0,0.0,0.23959158524777752,0.5,1.0,1.0,0.1361
7026,599,ISF,refined,0.05,1361,8639,0,0,0.1361,1.0,0.0,0.23959158524777752,0.5,1.0,1.0,0.1361
7026,599,ISF,refined,0.06,1361,8639,0,0,0.1361,1.0,0.0,0.23959158524777752,0.5,1.0,1.0,0.1361
7026,599,ISF,refined,0.07,1361,8639,0,0,0.1361,1.0,0.0,0.23959158524777752,0.5,1.0,1.0,0.1361
7026,599,ISF,refined,0.08,1361,8639,0,0,0.1361,1.0,0.0,0.23959158524777752,0.5,1.0,1.0,0.1361
7026,599,ISF,refined,0.09,1361,8639,0,0,0.1361,1.0,0.0,0.23959158524777752,0.5,1.0,1.0,0.1361
7026,599,ISF,coarse_and_refined,0.1,1361,8639,0,0,0.1361,1.0,0.0,0.23959158524777752,0.5,1.0,1.0,0.1361
7026,599,ISF,coarse,0.2,0,0,1361,8639,0.0,0.0,1.0,0.0,0.5,0.0,0.0,0.0
7026,599,ISF,coarse,0.3,0,0,1361,8639,0.0,0.0,1.0,0.0,0.5,0.0,0.0,0.0
7026,599,ISF,coarse,0.4,0,0,1361,8639,0.0,0.0,1.0,0.0,0.5,0.0,0.0,0.0
7026,599,ISF,coarse,0.5,0,0,1361,8639,0.0,0.0,1.0,0.0,0.5,0.0,0.0,0.0
7026,599,ISF,coarse,0.6,0,0,1361,8639,0.0,0.0,1.0,0.0,0.5,0.0,0.0,0.0
7026,599,ISF,coarse,0.7,0,0,1361,8639,0.0,0.0,1.0,0.0,0.5,0.0,0.0,0.0
7026,599,ISF,coarse,0.8,0,0,1361,8639,0.0,0.0,1.0,0.0,0.5,0.0,0.0,0.0
7026,599,ISF,coarse,0.9,0,0,1361,8639,0.0,0.0,1.0,0.0,0.5,0.0,0.0,0.0
7026,599,ISF,coarse,1.0,0,0,1361,8639,0.0,0.0,1.0,0.0,0.5,0.0,0.0,0.0
7027,599,DBL,coarse_and_refined,0.0,1378,8622,0,0,0.1378,1.0,0.0,0.2422218316048515,0.5,1.0,1.0,0.1378
7027,599,DBL,refined,0.01,1378,8622,0,0,0.1378,1.0,0.0,0.2422218316048515,0.5,1.0,1.0,0.1378
7027,599,DBL,refined,0.02,1378,8622,0,0,0.1378,1.0,0.0,0.2422218316048515,0.5,1.0,1.0,0.1378
7027,599,DBL,refined,0.03,1378,8622,0,0,0.1378,1.0,0.0,0.2422218316048515,0.5,1.0,1.0,0.1378
7027,599,DBL,refined,0.04,1378,8622,0,0,0.1378,1.0,0.0,0.2422218316048515,0.5,1.0,1.0,0.1378
7027,599,DBL,refined,0.05,1378,8622,0,0,0.1378,1.0,0.0,0.2422218316048515,0.5,1.0,1.0,0.1378
7027,599,DBL,refined,0.06,1378,8622,0,0,0.1378,1.0,0.0,0.2422218316048515,0.5,1.0,1.0,0.1378
7027,599,DBL,refined,0.07,1378,8622,0,0,0.1378,1.0,0.0,0.2422218316048515,0.5,1.0,1.0,0.1378
7027,599,DBL,refined,0.08,1378,8622,0,0,0.1378,1.0,0.0,0.2422218316048515,0.5,1.0,1.0,0.1378
7027,599,DBL,refined,0.09,1378,8622,0,0,0.1378,1.0,0.0,0.2422218316048515,0.5,1.0,1.0,0.1378
7027,599,DBL,coarse_and_refined,0.1,1378,8622,0,0,0.1378,1.0,0.0,0.2422218316048515,0.5,1.0,1.0,0.1378
7027,599,DBL,coarse,0.2,0,0,1378,8622,0.0,0.0,1.0,0.0,0.5,0.0,0.0,0.0
7027,599,DBL,coarse,0.3,0,0,1378,8622,0.0,0.0,1.0,0.0,0.5,0.0,0.0,0.0
7027,599,DBL,coarse,0.4,0,0,1378,8622,0.0,0.0,1.0,0.0,0.5,0.0,0.0,0.0
7027,599,DBL,coarse,0.5,0,0,1378,8622,0.0,0.0,1.0,0.0,0.5,0.0,0.0,0.0
7027,599,DBL,coarse,0.6,0,0,1378,8622,0.0,0.0,1.0,0.0,0.5,0.0,0.0,0.0
7027,599,DBL,coarse,0.7,0,0,1378,8622,0.0,0.0,1.0,0.0,0.5,0.0,0.0,0.0
7027,599,DBL,coarse,0.8,0,0,1378,8622,0.0,0.0,1.0,0.0,0.5,0.0,0.0,0.0
7027,599,DBL,coarse,0.9,0,0,1378,8622,0.0,0.0,1.0,0.0,0.5,0.0,0.0,0.0
7027,599,DBL,coarse,1.0,0,0,1378,8622,0.0,0.0,1.0,0.0,0.5,0.0,0.0,0.0
7027,599,DMM,coarse_and_refined,0.0,1378,8622,0,0,0.1378,1.0,0.0,0.2422218316048515,0.5,1.0,1.0,0.1378
7027,599,DMM,refined,0.01,1378,8622,0,0,0.1378,1.0,0.0,0.2422218316048515,0.5,1.0,1.0,0.1378
7027,599,DMM,refined,0.02,1378,8622,0,0,0.1378,1.0,0.0,0.2422218316048515,0.5,1.0,1.0,0.1378
7027,599,DMM,refined,0.03,1378,8622,0,0,0.1378,1.0,0.0,0.2422218316048515,0.5,1.0,1.0,0.1378
7027,599,DMM,refined,0.04,1378,8622,0,0,0.1378,1.0,0.0,0.2422218316048515,0.5,1.0,1.0,0.1378
7027,599,DMM,refined,0.05,1378,8622,0,0,0.1378,1.0,0.0,0.2422218316048515,0.5,1.0,1.0,0.1378
7027,599,DMM,refined,0.06,1378,8622,0,0,0.1378,1.0,0.0,0.2422218316048515,0.5,1.0,1.0,0.1378
7027,599,DMM,refined,0.07,1378,8622,0,0,0.1378,1.0,0.0,0.2422218316048515,0.5,1.0,1.0,0.1378
7027,599,DMM,refined,0.08,1378,8622,0,0,0.1378,1.0,0.0,0.2422218316048515,0.5,1.0,1.0,0.1378
7027,599,DMM,refined,0.09,1378,8622,0,0,0.1378,1.0,0.0,0.2422218316048515,0.5,1.0,1.0,0.1378
7027,599,DMM,coarse_and_refined,0.1,1378,8622,0,0,0.1378,1.0,0.0,0.2422218316048515,0.5,1.0,1.0,0.1378
7027,599,DMM,coarse,0.2,0,0,1378,8622,0.0,0.0,1.0,0.0,0.5,0.0,0.0,0.0
7027,599,DMM,coarse,0.3,0,0,1378,8622,0.0,0.0,1.0,0.0,0.5,0.0,0.0,0.0
7027,599,DMM,coarse,0.4,0,0,1378,8622,0.0,0.0,1.0,0.0,0.5,0.0,0.0,0.0
7027,599,DMM,coarse,0.5,0,0,1378,8622,0.0,0.0,1.0,0.0,0.5,0.0,0.0,0.0
7027,599,DMM,coarse,0.6,0,0,1378,8622,0.0,0.0,1.0,0.0,0.5,0.0,0.0,0.0
7027,599,DMM,coarse,0.7,0,0,1378,8622,0.0,0.0,1.0,0.0,0.5,0.0,0.0,0.0
7027,599,DMM,coarse,0.8,0,0,1378,8622,0.0,0.0,1.0,0.0,0.5,0.0,0.0,0.0
7027,599,DMM,coarse,0.9,0,0,1378,8622,0.0,0.0,1.0,0.0,0.5,0.0,0.0,0.0
7027,599,DMM,coarse,1.0,0,0,1378,8622,0.0,0.0,1.0,0.0,0.5,0.0,0.0,0.0
7027,599,ISF,coarse_and_refined,0.0,1378,8622,0,0,0.1378,1.0,0.0,0.2422218316048515,0.5,1.0,1.0,0.1378
7027,599,ISF,refined,0.01,1378,8622,0,0,0.1378,1.0,0.0,0.2422218316048515,0.5,1.0,1.0,0.1378
7027,599,ISF,refined,0.02,1378,8622,0,0,0.1378,1.0,0.0,0.2422218316048515,0.5,1.0,1.0,0.1378
7027,599,ISF,refined,0.03,1378,8622,0,0,0.1378,1.0,0.0,0.2422218316048515,0.5,1.0,1.0,0.1378
7027,599,ISF,refined,0.04,1378,8622,0,0,0.1378,1.0,0.0,0.2422218316048515,0.5,1.0,1.0,0.1378
7027,599,ISF,refined,0.05,1378,8622,0,0,0.1378,1.0,0.0,0.2422218316048515,0.5,1.0,1.0,0.1378
7027,599,ISF,refined,0.06,1378,8622,0,0,0.1378,1.0,0.0,0.2422218316048515,0.5,1.0,1.0,0.1378
7027,599,ISF,refined,0.07,1378,8622,0,0,0.1378,1.0,0.0,0.2422218316048515,0.5,1.0,1.0,0.1378
7027,599,ISF,refined,0.08,1378,8622,0,0,0.1378,1.0,0.0,0.2422218316048515,0.5,1.0,1.0,0.1378
7027,599,ISF,refined,0.09,1378,8622,0,0,0.1378,1.0,0.0,0.2422218316048515,0.5,1.0,1.0,0.1378
7027,599,ISF,coarse_and_refined,0.1,1378,8622,0,0,0.1378,1.0,0.0,0.2422218316048515,0.5,1.0,1.0,0.1378
7027,599,ISF,coarse,0.2,0,0,1378,8622,0.0,0.0,1.0,0.0,0.5,0.0,0.0,0.0
7027,599,ISF,coarse,0.3,0,0,1378,8622,0.0,0.0,1.0,0.0,0.5,0.0,0.0,0.0
7027,599,ISF,coarse,0.4,0,0,1378,8622,0.0,0.0,1.0,0.0,0.5,0.0,0.0,0.0
7027,599,ISF,coarse,0.5,0,0,1378,8622,0.0,0.0,1.0,0.0,0.5,0.0,0.0,0.0
7027,599,ISF,coarse,0.6,0,0,1378,8622,0.0,0.0,1.0,0.0,0.5,0.0,0.0,0.0
7027,599,ISF,coarse,0.7,0,0,1378,8622,0.0,0.0,1.0,0.0,0.5,0.0,0.0,0.0
7027,599,ISF,coarse,0.8,0,0,1378,8622,0.0,0.0,1.0,0.0,0.5,0.0,0.0,0.0
7027,599,ISF,coarse,0.9,0,0,1378,8622,0.0,0.0,1.0,0.0,0.5,0.0,0.0,0.0
7027,599,ISF,coarse,1.0,0,0,1378,8622,0.0,0.0,1.0,0.0,0.5,0.0,0.0,0.0
7028,649,DBL,coarse_and_refined,0.0,1349,8651,0,0,0.1349,1.0,0.0,0.23773019649308308,0.5,1.0,1.0,0.1349
7028,649,DBL,refined,0.01,1349,8651,0,0,0.1349,1.0,0.0,0.23773019649308308,0.5,1.0,1.0,0.1349
7028,649,DBL,refined,0.02,1349,8651,0,0,0.1349,1.0,0.0,0.23773019649308308,0.5,1.0,1.0,0.1349
7028,649,DBL,refined,0.03,1349,8651,0,0,0.1349,1.0,0.0,0.23773019649308308,0.5,1.0,1.0,0.1349
7028,649,DBL,refined,0.04,1349,8651,0,0,0.1349,1.0,0.0,0.23773019649308308,0.5,1.0,1.0,0.1349
7028,649,DBL,refined,0.05,1349,8651,0,0,0.1349,1.0,0.0,0.23773019649308308,0.5,1.0,1.0,0.1349
7028,649,DBL,refined,0.06,1349,8651,0,0,0.1349,1.0,0.0,0.23773019649308308,0.5,1.0,1.0,0.1349
7028,649,DBL,refined,0.07,1349,8651,0,0,0.1349,1.0,0.0,0.23773019649308308,0.5,1.0,1.0,0.1349
7028,649,DBL,refined,0.08,1349,8651,0,0,0.1349,1.0,0.0,0.23773019649308308,0.5,1.0,1.0,0.1349
7028,649,DBL,refined,0.09,1349,8651,0,0,0.1349,1.0,0.0,0.23773019649308308,0.5,1.0,1.0,0.1349
7028,649,DBL,coarse_and_refined,0.1,1349,8651,0,0,0.1349,1.0,0.0,0.23773019649308308,0.5,1.0,1.0,0.1349
7028,649,DBL,coarse,0.2,0,0,1349,8651,0.0,0.0,1.0,0.0,0.5,0.0,0.0,0.0
7028,649,DBL,coarse,0.3,0,0,1349,8651,0.0,0.0,1.0,0.0,0.5,0.0,0.0,0.0
7028,649,DBL,coarse,0.4,0,0,1349,8651,0.0,0.0,1.0,0.0,0.5,0.0,0.0,0.0
7028,649,DBL,coarse,0.5,0,0,1349,8651,0.0,0.0,1.0,0.0,0.5,0.0,0.0,0.0
7028,649,DBL,coarse,0.6,0,0,1349,8651,0.0,0.0,1.0,0.0,0.5,0.0,0.0,0.0
7028,649,DBL,coarse,0.7,0,0,1349,8651,0.0,0.0,1.0,0.0,0.5,0.0,0.0,0.0
7028,649,DBL,coarse,0.8,0,0,1349,8651,0.0,0.0,1.0,0.0,0.5,0.0,0.0,0.0
7028,649,DBL,coarse,0.9,0,0,1349,8651,0.0,0.0,1.0,0.0,0.5,0.0,0.0,0.0
7028,649,DBL,coarse,1.0,0,0,1349,8651,0.0,0.0,1.0,0.0,0.5,0.0,0.0,0.0
7028,649,DMM,coarse_and_refined,0.0,1349,8651,0,0,0.1349,1.0,0.0,0.23773019649308308,0.5,1.0,1.0,0.1349
7028,649,DMM,refined,0.01,1349,8651,0,0,0.1349,1.0,0.0,0.23773019649308308,0.5,1.0,1.0,0.1349
7028,649,DMM,refined,0.02,1349,8651,0,0,0.1349,1.0,0.0,0.23773019649308308,0.5,1.0,1.0,0.1349
7028,649,DMM,refined,0.03,1349,8651,0,0,0.1349,1.0,0.0,0.23773019649308308,0.5,1.0,1.0,0.1349
7028,649,DMM,refined,0.04,1349,8651,0,0,0.1349,1.0,0.0,0.23773019649308308,0.5,1.0,1.0,0.1349
7028,649,DMM,refined,0.05,1349,8651,0,0,0.1349,1.0,0.0,0.23773019649308308,0.5,1.0,1.0,0.1349
7028,649,DMM,refined,0.06,1349,8651,0,0,0.1349,1.0,0.0,0.23773019649308308,0.5,1.0,1.0,0.1349
7028,649,DMM,refined,0.07,1349,8651,0,0,0.1349,1.0,0.0,0.23773019649308308,0.5,1.0,1.0,0.1349
7028,649,DMM,refined,0.08,1349,8651,0,0,0.1349,1.0,0.0,0.23773019649308308,0.5,1.0,1.0,0.1349
7028,649,DMM,refined,0.09,1349,8651,0,0,0.1349,1.0,0.0,0.23773019649308308,0.5,1.0,1.0,0.1349
7028,649,DMM,coarse_and_refined,0.1,1349,8651,0,0,0.1349,1.0,0.0,0.23773019649308308,0.5,1.0,1.0,0.1349
7028,649,DMM,coarse,0.2,0,0,1349,8651,0.0,0.0,1.0,0.0,0.5,0.0,0.0,0.0
7028,649,DMM,coarse,0.3,0,0,1349,8651,0.0,0.0,1.0,0.0,0.5,0.0,0.0,0.0
7028,649,DMM,coarse,0.4,0,0,1349,8651,0.0,0.0,1.0,0.0,0.5,0.0,0.0,0.0
7028,649,DMM,coarse,0.5,0,0,1349,8651,0.0,0.0,1.0,0.0,0.5,0.0,0.0,0.0
7028,649,DMM,coarse,0.6,0,0,1349,8651,0.0,0.0,1.0,0.0,0.5,0.0,0.0,0.0
7028,649,DMM,coarse,0.7,0,0,1349,8651,0.0,0.0,1.0,0.0,0.5,0.0,0.0,0.0
7028,649,DMM,coarse,0.8,0,0,1349,8651,0.0,0.0,1.0,0.0,0.5,0.0,0.0,0.0
7028,649,DMM,coarse,0.9,0,0,1349,8651,0.0,0.0,1.0,0.0,0.5,0.0,0.0,0.0
7028,649,DMM,coarse,1.0,0,0,1349,8651,0.0,0.0,1.0,0.0,0.5,0.0,0.0,0.0
7028,649,ISF,coarse_and_refined,0.0,1349,8651,0,0,0.1349,1.0,0.0,0.23773019649308308,0.5,1.0,1.0,0.1349
7028,649,ISF,refined,0.01,1349,8651,0,0,0.1349,1.0,0.0,0.23773019649308308,0.5,1.0,1.0,0.1349
7028,649,ISF,refined,0.02,1349,8651,0,0,0.1349,1.0,0.0,0.23773019649308308,0.5,1.0,1.0,0.1349
7028,649,ISF,refined,0.03,1349,8651,0,0,0.1349,1.0,0.0,0.23773019649308308,0.5,1.0,1.0,0.1349
7028,649,ISF,refined,0.04,1349,8651,0,0,0.1349,1.0,0.0,0.23773019649308308,0.5,1.0,1.0,0.1349
7028,649,ISF,refined,0.05,1349,8651,0,0,0.1349,1.0,0.0,0.23773019649308308,0.5,1.0,1.0,0.1349
7028,649,ISF,refined,0.06,1349,8651,0,0,0.1349,1.0,0.0,0.23773019649308308,0.5,1.0,1.0,0.1349
7028,649,ISF,refined,0.07,1349,8651,0,0,0.1349,1.0,0.0,0.23773019649308308,0.5,1.0,1.0,0.1349
7028,649,ISF,refined,0.08,1349,8651,0,0,0.1349,1.0,0.0,0.23773019649308308,0.5,1.0,1.0,0.1349
7028,649,ISF,refined,0.09,1349,8651,0,0,0.1349,1.0,0.0,0.23773019649308308,0.5,1.0,1.0,0.1349
7028,649,ISF,coarse_and_refined,0.1,1349,8651,0,0,0.1349,1.0,0.0,0.23773019649308308,0.5,1.0,1.0,0.1349
7028,649,ISF,coarse,0.2,0,0,1349,8651,0.0,0.0,1.0,0.0,0.5,0.0,0.0,0.0
7028,649,ISF,coarse,0.3,0,0,1349,8651,0.0,0.0,1.0,0.0,0.5,0.0,0.0,0.0
7028,649,ISF,coarse,0.4,0,0,1349,8651,0.0,0.0,1.0,0.0,0.5,0.0,0.0,0.0
7028,649,ISF,coarse,0.5,0,0,1349,8651,0.0,0.0,1.0,0.0,0.5,0.0,0.0,0.0
7028,649,ISF,coarse,0.6,0,0,1349,8651,0.0,0.0,1.0,0.0,0.5,0.0,0.0,0.0
7028,649,ISF,coarse,0.7,0,0,1349,8651,0.0,0.0,1.0,0.0,0.5,0.0,0.0,0.0
7028,649,ISF,coarse,0.8,0,0,1349,8651,0.0,0.0,1.0,0.0,0.5,0.0,0.0,0.0
7028,649,ISF,coarse,0.9,0,0,1349,8651,0.0,0.0,1.0,0.0,0.5,0.0,0.0,0.0
7028,649,ISF,coarse,1.0,0,0,1349,8651,0.0,0.0,1.0,0.0,0.5,0.0,0.0,0.0
7029,599,DBL,coarse_and_refined,0.0,1391,8609,0,0,0.1391,1.0,0.0,0.2442278992186814,0.5,1.0,1.0,0.1391
7029,599,DBL,refined,0.01,1391,8609,0,0,0.1391,1.0,0.0,0.2442278992186814,0.5,1.0,1.0,0.1391
7029,599,DBL,refined,0.02,1391,8609,0,0,0.1391,1.0,0.0,0.2442278992186814,0.5,1.0,1.0,0.1391
7029,599,DBL,refined,0.03,1391,8609,0,0,0.1391,1.0,0.0,0.2442278992186814,0.5,1.0,1.0,0.1391
7029,599,DBL,refined,0.04,1391,8609,0,0,0.1391,1.0,0.0,0.2442278992186814,0.5,1.0,1.0,0.1391
7029,599,DBL,refined,0.05,1391,8609,0,0,0.1391,1.0,0.0,0.2442278992186814,0.5,1.0,1.0,0.1391
7029,599,DBL,refined,0.06,1391,8609,0,0,0.1391,1.0,0.0,0.2442278992186814,0.5,1.0,1.0,0.1391
7029,599,DBL,refined,0.07,1391,8609,0,0,0.1391,1.0,0.0,0.2442278992186814,0.5,1.0,1.0,0.1391
7029,599,DBL,refined,0.08,1391,8609,0,0,0.1391,1.0,0.0,0.2442278992186814,0.5,1.0,1.0,0.1391
7029,599,DBL,refined,0.09,1391,8609,0,0,0.1391,1.0,0.0,0.2442278992186814,0.5,1.0,1.0,0.1391
7029,599,DBL,coarse_and_refined,0.1,1391,8609,0,0,0.1391,1.0,0.0,0.2442278992186814,0.5,1.0,1.0,0.1391
7029,599,DBL,coarse,0.2,0,0,1391,8609,0.0,0.0,1.0,0.0,0.5,0.0,0.0,0.0
7029,599,DBL,coarse,0.3,0,0,1391,8609,0.0,0.0,1.0,0.0,0.5,0.0,0.0,0.0
7029,599,DBL,coarse,0.4,0,0,1391,8609,0.0,0.0,1.0,0.0,0.5,0.0,0.0,0.0
7029,599,DBL,coarse,0.5,0,0,1391,8609,0.0,0.0,1.0,0.0,0.5,0.0,0.0,0.0
7029,599,DBL,coarse,0.6,0,0,1391,8609,0.0,0.0,1.0,0.0,0.5,0.0,0.0,0.0
7029,599,DBL,coarse,0.7,0,0,1391,8609,0.0,0.0,1.0,0.0,0.5,0.0,0.0,0.0
7029,599,DBL,coarse,0.8,0,0,1391,8609,0.0,0.0,1.0,0.0,0.5,0.0,0.0,0.0
7029,599,DBL,coarse,0.9,0,0,1391,8609,0.0,0.0,1.0,0.0,0.5,0.0,0.0,0.0
7029,599,DBL,coarse,1.0,0,0,1391,8609,0.0,0.0,1.0,0.0,0.5,0.0,0.0,0.0
7029,599,DMM,coarse_and_refined,0.0,1391,8609,0,0,0.1391,1.0,0.0,0.2442278992186814,0.5,1.0,1.0,0.1391
7029,599,DMM,refined,0.01,1391,8609,0,0,0.1391,1.0,0.0,0.2442278992186814,0.5,1.0,1.0,0.1391
7029,599,DMM,refined,0.02,1391,8609,0,0,0.1391,1.0,0.0,0.2442278992186814,0.5,1.0,1.0,0.1391
7029,599,DMM,refined,0.03,1391,8609,0,0,0.1391,1.0,0.0,0.2442278992186814,0.5,1.0,1.0,0.1391
7029,599,DMM,refined,0.04,1391,8609,0,0,0.1391,1.0,0.0,0.2442278992186814,0.5,1.0,1.0,0.1391
7029,599,DMM,refined,0.05,1391,8609,0,0,0.1391,1.0,0.0,0.2442278992186814,0.5,1.0,1.0,0.1391
7029,599,DMM,refined,0.06,1391,8609,0,0,0.1391,1.0,0.0,0.2442278992186814,0.5,1.0,1.0,0.1391
7029,599,DMM,refined,0.07,1391,8609,0,0,0.1391,1.0,0.0,0.2442278992186814,0.5,1.0,1.0,0.1391
7029,599,DMM,refined,0.08,1391,8609,0,0,0.1391,1.0,0.0,0.2442278992186814,0.5,1.0,1.0,0.1391
7029,599,DMM,refined,0.09,1391,8609,0,0,0.1391,1.0,0.0,0.2442278992186814,0.5,1.0,1.0,0.1391
7029,599,DMM,coarse_and_refined,0.1,1391,8609,0,0,0.1391,1.0,0.0,0.2442278992186814,0.5,1.0,1.0,0.1391
7029,599,DMM,coarse,0.2,0,0,1391,8609,0.0,0.0,1.0,0.0,0.5,0.0,0.0,0.0
7029,599,DMM,coarse,0.3,0,0,1391,8609,0.0,0.0,1.0,0.0,0.5,0.0,0.0,0.0
7029,599,DMM,coarse,0.4,0,0,1391,8609,0.0,0.0,1.0,0.0,0.5,0.0,0.0,0.0
7029,599,DMM,coarse,0.5,0,0,1391,8609,0.0,0.0,1.0,0.0,0.5,0.0,0.0,0.0
7029,599,DMM,coarse,0.6,0,0,1391,8609,0.0,0.0,1.0,0.0,0.5,0.0,0.0,0.0
7029,599,DMM,coarse,0.7,0,0,1391,8609,0.0,0.0,1.0,0.0,0.5,0.0,0.0,0.0
7029,599,DMM,coarse,0.8,0,0,1391,8609,0.0,0.0,1.0,0.0,0.5,0.0,0.0,0.0
7029,599,DMM,coarse,0.9,0,0,1391,8609,0.0,0.0,1.0,0.0,0.5,0.0,0.0,0.0
7029,599,DMM,coarse,1.0,0,0,1391,8609,0.0,0.0,1.0,0.0,0.5,0.0,0.0,0.0
7029,599,ISF,coarse_and_refined,0.0,1391,8609,0,0,0.1391,1.0,0.0,0.2442278992186814,0.5,1.0,1.0,0.1391
7029,599,ISF,refined,0.01,1391,8609,0,0,0.1391,1.0,0.0,0.2442278992186814,0.5,1.0,1.0,0.1391
7029,599,ISF,refined,0.02,1391,8609,0,0,0.1391,1.0,0.0,0.2442278992186814,0.5,1.0,1.0,0.1391
7029,599,ISF,refined,0.03,1391,8609,0,0,0.1391,1.0,0.0,0.2442278992186814,0.5,1.0,1.0,0.1391
7029,599,ISF,refined,0.04,1391,8609,0,0,0.1391,1.0,0.0,0.2442278992186814,0.5,1.0,1.0,0.1391
7029,599,ISF,refined,0.05,1391,8609,0,0,0.1391,1.0,0.0,0.2442278992186814,0.5,1.0,1.0,0.1391
7029,599,ISF,refined,0.06,1391,8609,0,0,0.1391,1.0,0.0,0.2442278992186814,0.5,1.0,1.0,0.1391
7029,599,ISF,refined,0.07,1391,8609,0,0,0.1391,1.0,0.0,0.2442278992186814,0.5,1.0,1.0,0.1391
7029,599,ISF,refined,0.08,1391,8609,0,0,0.1391,1.0,0.0,0.2442278992186814,0.5,1.0,1.0,0.1391
7029,599,ISF,refined,0.09,1391,8609,0,0,0.1391,1.0,0.0,0.2442278992186814,0.5,1.0,1.0,0.1391
7029,599,ISF,coarse_and_refined,0.1,1391,8609,0,0,0.1391,1.0,0.0,0.2442278992186814,0.5,1.0,1.0,0.1391
7029,599,ISF,coarse,0.2,0,0,1391,8609,0.0,0.0,1.0,0.0,0.5,0.0,0.0,0.0
7029,599,ISF,coarse,0.3,0,0,1391,8609,0.0,0.0,1.0,0.0,0.5,0.0,0.0,0.0
7029,599,ISF,coarse,0.4,0,0,1391,8609,0.0,0.0,1.0,0.0,0.5,0.0,0.0,0.0
7029,599,ISF,coarse,0.5,0,0,1391,8609,0.0,0.0,1.0,0.0,0.5,0.0,0.0,0.0
7029,599,ISF,coarse,0.6,0,0,1391,8609,0.0,0.0,1.0,0.0,0.5,0.0,0.0,0.0
7029,599,ISF,coarse,0.7,0,0,1391,8609,0.0,0.0,1.0,0.0,0.5,0.0,0.0,0.0
7029,599,ISF,coarse,0.8,0,0,1391,8609,0.0,0.0,1.0,0.0,0.5,0.0,0.0,0.0
7029,599,ISF,coarse,0.9,0,0,1391,8609,0.0,0.0,1.0,0.0,0.5,0.0,0.0,0.0
7029,599,ISF,coarse,1.0,0,0,1391,8609,0.0,0.0,1.0,0.0,0.5,0.0,0.0,0.0
