code,scenario,seed,framework,shock_type,impact,affected_organizations,affected_fraction,mean_dimension_loss,maximum_dimension_loss,pre_shock_E_GMI,post_shock_E_GMI,immediate_E_GMI_loss,pre_shock_ranking,post_shock_ranking,ranking_preserved
P12,network_m_2,9000,DBL,security,0.3,50,1.0,0.006680000000000004,0.03600000000000005,0.14899075282919047,0.14765475282919047,0.0013360000000000039,ISF>DBL>DMM,ISF>DBL>DMM,True
P12,network_m_2,9000,DMM,security,0.3,50,1.0,0.006680000000000004,0.03600000000000005,0.12833110628817246,0.12699510628817248,0.001335999999999976,ISF>DBL>DMM,ISF>DBL>DMM,True
P12,network_m_2,9000,ISF,security,0.3,50,1.0,0.006680000000000004,0.03600000000000005,0.1585810196596589,0.1572450196596589,0.0013360000000000039,ISF>DBL>DMM,ISF>DBL>DMM,True
P12,network_m_2,9001,DBL,security,0.3,50,1.0,0.006754645554735836,0.040000000000000036,0.14845615140049737,0.1471052222895502,0.0013509291109471688,ISF>DBL>DMM,ISF>DBL>DMM,True
P12,network_m_2,9001,DMM,security,0.3,50,1.0,0.006754645554735836,0.040000000000000036,0.1278008698495287,0.12644994073858157,0.001350929110947141,ISF>DBL>DMM,ISF>DBL>DMM,True
P12,network_m_2,9001,ISF,security,0.3,50,1.0,0.006754645554735836,0.040000000000000036,0.15817240356111012,0.15682147445016295,0.0013509291109471688,ISF>DBL>DMM,ISF>DBL>DMM,True
P12,network_m_2,9002,DBL,security,0.3,49,0.98,0.006389350504339657,0.0490781747126431,0.14991647472069844,0.1486641620218479,0.0012523126988505384,ISF>DBL>DMM,ISF>DBL>DMM,True
P12,network_m_2,9002,DMM,security,0.3,49,0.98,0.006389350504339657,0.0490781747126431,0.1295069866477496,0.12825467394889903,0.0012523126988505662,ISF>DBL>DMM,ISF>DBL>DMM,True
P12,network_m_2,9002,ISF,security,0.3,49,0.98,0.006389350504339657,0.0490781747126431,0.15958079534524294,0.15832848264639238,0.0012523126988505662,ISF>DBL>DMM,ISF>DBL>DMM,True
P12,network_m_2,9003,DBL,security,0.3,50,1.0,0.008120000000000006,0.03600000000000003,0.1463211833342463,0.14469718333424628,0.0016240000000000143,ISF>DBL>DMM,ISF>DBL>DMM,True
P12,network_m_2,9003,DMM,security,0.3,50,1.0,0.008120000000000006,0.03600000000000003,0.1257272025362751,0.12410320253627505,0.001624000000000042,ISF>DBL>DMM,ISF>DBL>DMM,True
P12,network_m_2,9003,ISF,security,0.3,50,1.0,0.008120000000000006,0.03600000000000003,0.1563960839762534,0.15477208397625342,0.0016239999999999866,ISF>DBL>DMM,ISF>DBL>DMM,True
P12,network_m_2,9004,DBL,security,0.3,50,1.0,0.005280000000000003,0.024000000000000014,0.14951240209647623,0.1484564020964762,0.0010560000000000291,ISF>DBL>DMM,ISF>DBL>DMM,True
P12,network_m_2,9004,DMM,security,0.3,50,1.0,0.005280000000000003,0.024000000000000014,0.1292255814373749,0.12816958143737486,0.0010560000000000291,ISF>DBL>DMM,ISF>DBL>DMM,True
P12,network_m_2,9004,ISF,security,0.3,50,1.0,0.005280000000000003,0.024000000000000014,0.15926862322374427,0.15821262322374427,0.0010560000000000014,ISF>DBL>DMM,ISF>DBL>DMM,True
P12,network_m_2,9005,DBL,security,0.3,50,1.0,0.007080000000000004,0.050000000000000044,0.14775587485952602,0.14633987485952601,0.0014160000000000006,ISF>DBL>DMM,ISF>DBL>DMM,True
P12,network_m_2,9005,DMM,security,0.3,50,1.0,0.007080000000000004,0.050000000000000044,0.12708817322778362,0.12567217322778362,0.0014160000000000006,ISF>DBL>DMM,ISF>DBL>DMM,True
P12,network_m_2,9005,ISF,security,0.3,50,1.0,0.007080000000000004,0.050000000000000044,0.15753240233026225,0.15611640233026225,0.0014160000000000006,ISF>DBL>DMM,ISF>DBL>DMM,True
P12,network_m_2,9006,DBL,security,0.3,47,0.94,0.006851063829787238,0.01800000000000001,0.14505784058558593,0.14376984058558592,0.0012880000000000114,ISF>DBL>DMM,ISF>DBL>DMM,True
P12,network_m_2,9006,DMM,security,0.3,47,0.94,0.006851063829787238,0.01800000000000001,0.12475065952872601,0.123462659528726,0.0012880000000000114,ISF>DBL>DMM,ISF>DBL>DMM,True
P12,network_m_2,9006,ISF,security,0.3,47,0.94,0.006851063829787238,0.01800000000000001,0.15549766035611662,0.1542096603561166,0.0012880000000000114,ISF>DBL>DMM,ISF>DBL>DMM,True
P12,network_m_2,9007,DBL,security,0.3,50,1.0,0.005322638645528879,0.022000000000000037,0.15061269204669028,0.14954816431758455,0.0010645277291057298,ISF>DBL>DMM,ISF>DBL>DMM,True
P12,network_m_2,9007,DMM,security,0.3,50,1.0,0.005322638645528879,0.022000000000000037,0.13034944159753162,0.1292849138684259,0.0010645277291057298,ISF>DBL>DMM,ISF>DBL>DMM,True
P12,network_m_2,9007,ISF,security,0.3,50,1.0,0.005322638645528879,0.022000000000000037,0.16024615842532947,0.15918163069622365,0.001064527729105813,ISF>DBL>DMM,ISF>DBL>DMM,True
P12,network_m_2,9008,DBL,security,0.3,50,1.0,0.005480000000000002,0.03000000000000002,0.14658485381951253,0.14548885381951254,0.0010959999999999859,ISF>DBL>DMM,ISF>DBL>DMM,True
P12,network_m_2,9008,DMM,security,0.3,50,1.0,0.005480000000000002,0.03000000000000002,0.12647021798549477,0.12537421798549478,0.0010959999999999859,ISF>DBL>DMM,ISF>DBL>DMM,True
P12,network_m_2,9008,ISF,security,0.3,50,1.0,0.005480000000000002,0.03000000000000002,0.1569014008192379,0.15580540081923794,0.0010959999999999581,ISF>DBL>DMM,ISF>DBL>DMM,True
P12,network_m_2,9009,DBL,security,0.3,50,1.0,0.0056519346783036216,0.03400000000000003,0.14955298505923223,0.14842259812357153,0.0011303869356606988,ISF>DBL>DMM,ISF>DBL>DMM,True
P12,network_m_2,9009,DMM,security,0.3,50,1.0,0.0056519346783036216,0.03400000000000003,0.12895395503458296,0.12782356809892223,0.0011303869356607266,ISF>DBL>DMM,ISF>DBL>DMM,True
P12,network_m_2,9009,ISF,security,0.3,50,1.0,0.0056519346783036216,0.03400000000000003,0.15914624327569904,0.1580158563400383,0.0011303869356607266,ISF>DBL>DMM,ISF>DBL>DMM,True
P12,network_m_2,9010,DBL,security,0.3,50,1.0,0.006530808171626132,0.02400000000000002,0.15105041730514393,0.1497442556708187,0.0013061616343252314,ISF>DBL>DMM,ISF>DBL>DMM,True
P12,network_m_2,9010,DMM,security,0.3,50,1.0,0.006530808171626132,0.02400000000000002,0.13061118235140465,0.12930502071707944,0.0013061616343252036,ISF>DBL>DMM,ISF>DBL>DMM,True
P12,network_m_2,9010,ISF,security,0.3,50,1.0,0.006530808171626132,0.02400000000000002,0.16057742565264035,0.15927126401831512,0.0013061616343252314,ISF>DBL>DMM,ISF>DBL>DMM,True
P12,network_m_2,9011,DBL,security,0.3,50,1.0,0.006140000000000003,0.07499999999999997,0.1473836211740016,0.1461556211740016,0.0012280000000000069,ISF>DBL>DMM,ISF>DBL>DMM,True
P12,network_m_2,9011,DMM,security,0.3,50,1.0,0.006140000000000003,0.07499999999999997,0.12742705306436475,0.12619905306436474,0.0012280000000000069,ISF>DBL>DMM,ISF>DBL>DMM,True
P12,network_m_2,9011,ISF,security,0.3,50,1.0,0.006140000000000003,0.07499999999999997,0.15773203560503227,0.1565040356050323,0.001227999999999979,ISF>DBL>DMM,ISF>DBL>DMM,True
P12,network_m_2,9012,DBL,security,0.3,50,1.0,0.008826152563775464,0.145307628188773,0.15415589605061852,0.15239066553786343,0.001765230512755095,ISF>DBL>DMM,ISF>DBL>DMM,True
P12,network_m_2,9012,DMM,security,0.3,50,1.0,0.008826152563775464,0.145307628188773,0.13339477068178432,0.13162954016902922,0.001765230512755095,ISF>DBL>DMM,ISF>DBL>DMM,True
P12,network_m_2,9012,ISF,security,0.3,50,1.0,0.008826152563775464,0.145307628188773,0.16298963535730185,0.16122440484454675,0.001765230512755095,ISF>DBL>DMM,ISF>DBL>DMM,True
P12,network_m_2,9013,DBL,security,0.3,50,1.0,0.004918650229676198,0.03000000000000002,0.15331273579347818,0.15232900574754293,0.0009837300459352438,ISF>DBL>DMM,ISF>DBL>DMM,True
P12,network_m_2,9013,DMM,security,0.3,50,1.0,0.004918650229676198,0.03000000000000002,0.1322100000237986,0.13122626997786335,0.0009837300459352438,ISF>DBL>DMM,ISF>DBL>DMM,True
P12,network_m_2,9013,ISF,security,0.3,50,1.0,0.004918650229676198,0.03000000000000002,0.1619303195789013,0.16094658953296606,0.0009837300459352438,ISF>DBL>DMM,ISF>DBL>DMM,True
P12,network_m_2,9014,DBL,security,0.3,50,1.0,0.008186672939046563,0.12133364695232796,0.1542519375158902,0.15261460292808088,0.0016373345878093193,ISF>DBL>DMM,ISF>DBL>DMM,True
P12,network_m_2,9014,DMM,security,0.3,50,1.0,0.008186672939046563,0.12133364695232796,0.13344703314696363,0.13180969855915434,0.0016373345878092915,ISF>DBL>DMM,ISF>DBL>DMM,True
P12,network_m_2,9014,ISF,security,0.3,50,1.0,0.008186672939046563,0.12133364695232796,0.16305623936524627,0.16141890477743692,0.001637334587809347,ISF>DBL>DMM,ISF>DBL>DMM,True
P12,network_m_2,9015,DBL,security,0.3,50,1.0,0.006249434444768317,0.04200000000000004,0.16303936929454732,0.16178948240559365,0.0012498868889536663,ISF>DBL>DMM,ISF>DBL>DMM,True
P12,network_m_2,9015,DMM,security,0.3,50,1.0,0.006249434444768317,0.04200000000000004,0.1426361963244008,0.14138630943544717,0.0012498868889536385,ISF>DBL>DMM,ISF>DBL>DMM,True
P12,network_m_2,9015,ISF,security,0.3,50,1.0,0.006249434444768317,0.04200000000000004,0.1708435123268176,0.16959362543786394,0.0012498868889536663,ISF>DBL>DMM,ISF>DBL>DMM,True
P12,network_m_2,9016,DBL,security,0.3,50,1.0,0.005800000000000003,0.02000000000000001,0.1440257383592377,0.14286573835923772,0.0011599999999999944,ISF>DBL>DMM,ISF>DBL>DMM,True
P12,network_m_2,9016,DMM,security,0.3,50,1.0,0.005800000000000003,0.02000000000000001,0.12395584474181381,0.12279584474181382,0.0011599999999999944,ISF>DBL>DMM,ISF>DBL>DMM,True
P12,network_m_2,9016,ISF,security,0.3,50,1.0,0.005800000000000003,0.02000000000000001,0.15476868845964853,0.15360868845964853,0.0011599999999999944,ISF>DBL>DMM,ISF>DBL>DMM,True
P12,network_m_2,9017,DBL,security,0.3,50,1.0,0.0059600000000000035,0.02400000000000002,0.15151363663724265,0.15032163663724266,0.0011919999999999986,ISF>DBL>DMM,ISF>DBL>DMM,True
P12,network_m_2,9017,DMM,security,0.3,50,1.0,0.0059600000000000035,0.02400000000000002,0.1305509638281904,0.1293589638281904,0.0011919999999999986,ISF>DBL>DMM,ISF>DBL>DMM,True
P12,network_m_2,9017,ISF,security,0.3,50,1.0,0.0059600000000000035,0.02400000000000002,0.16049453866839683,0.1593025386683968,0.0011920000000000264,ISF>DBL>DMM,ISF>DBL>DMM,True
P12,network_m_2,9018,DBL,security,0.3,50,1.0,0.007000000000000005,0.03600000000000003,0.14762780809303563,0.14622780809303562,0.0014000000000000123,ISF>DBL>DMM,ISF>DBL>DMM,True
P12,network_m_2,9018,DMM,security,0.3,50,1.0,0.007000000000000005,0.03600000000000003,0.12708842704534434,0.12568842704534433,0.0014000000000000123,ISF>DBL>DMM,ISF>DBL>DMM,True
P12,network_m_2,9018,ISF,security,0.3,50,1.0,0.007000000000000005,0.03600000000000003,0.1575072325442202,0.1561072325442202,0.0013999999999999846,ISF>DBL>DMM,ISF>DBL>DMM,True
P12,network_m_2,9019,DBL,security,0.3,50,1.0,0.005120000000000003,0.050000000000000044,0.14678686725089363,0.1457628672508936,0.0010240000000000249,ISF>DBL>DMM,ISF>DBL>DMM,True
P12,network_m_2,9019,DMM,security,0.3,50,1.0,0.005120000000000003,0.050000000000000044,0.12666422711496783,0.12564022711496783,0.0010239999999999971,ISF>DBL>DMM,ISF>DBL>DMM,True
P12,network_m_2,9019,ISF,security,0.3,50,1.0,0.005120000000000003,0.050000000000000044,0.15704905648185535,0.15602505648185536,0.0010239999999999971,ISF>DBL>DMM,ISF>DBL>DMM,True
P12,network_m_2,9020,DBL,security,0.3,50,1.0,0.0053600000000000045,0.03400000000000005,0.15046177515565823,0.1493897751556582,0.0010720000000000174,ISF>DBL>DMM,ISF>DBL>DMM,True
P12,network_m_2,9020,DMM,security,0.3,50,1.0,0.0053600000000000045,0.03400000000000005,0.12952886839460814,0.1284568683946081,0.0010720000000000451,ISF>DBL>DMM,ISF>DBL>DMM,True
P12,network_m_2,9020,ISF,security,0.3,50,1.0,0.0053600000000000045,0.03400000000000005,0.1596203807523021,0.1585483807523021,0.0010719999999999896,ISF>DBL>DMM,ISF>DBL>DMM,True
P12,network_m_2,9021,DBL,security,0.3,50,1.0,0.008100000000000003,0.07499999999999998,0.15454770126572112,0.15292770126572114,0.0016199999999999826,ISF>DBL>DMM,ISF>DBL>DMM,True
P12,network_m_2,9021,DMM,security,0.3,50,1.0,0.008100000000000003,0.07499999999999998,0.13353716994101444,0.13191716994101443,0.0016200000000000103,ISF>DBL>DMM,ISF>DBL>DMM,True
P12,network_m_2,9021,ISF,security,0.3,50,1.0,0.008100000000000003,0.07499999999999998,0.1632125335968454,0.16159253359684542,0.0016199999999999826,ISF>DBL>DMM,ISF>DBL>DMM,True
P12,network_m_2,9022,DBL,security,0.3,50,1.0,0.00841710261550989,0.0868551307754943,0.15073389296793116,0.14905047244482914,0.001683420523102025,ISF>DBL>DMM,ISF>DBL>DMM,True
P12,network_m_2,9022,DMM,security,0.3,50,1.0,0.00841710261550989,0.0868551307754943,0.1296837436106137,0.12800032308751175,0.0016834205231019417,ISF>DBL>DMM,ISF>DBL>DMM,True
P12,network_m_2,9022,ISF,security,0.3,50,1.0,0.00841710261550989,0.0868551307754943,0.1598346536841434,0.1581512331610414,0.0016834205231019972,ISF>DBL>DMM,ISF>DBL>DMM,True
P12,network_m_2,9023,DBL,security,0.3,50,1.0,0.007020000000000003,0.07499999999999997,0.14825220635896635,0.14684820635896637,0.0014039999999999886,ISF>DBL>DMM,ISF>DBL>DMM,True
P12,network_m_2,9023,DMM,security,0.3,50,1.0,0.007020000000000003,0.07499999999999997,0.1277019018133654,0.1262979018133654,0.0014040000000000163,ISF>DBL>DMM,ISF>DBL>DMM,True
P12,network_m_2,9023,ISF,security,0.3,50,1.0,0.007020000000000003,0.07499999999999997,0.1580950352425691,0.15669103524256908,0.0014040000000000163,ISF>DBL>DMM,ISF>DBL>DMM,True
P12,network_m_2,9024,DBL,security,0.3,50,1.0,0.011560000000000006,0.15000000000000002,0.15607545611671447,0.15376345611671446,0.0023120000000000085,ISF>DBL>DMM,ISF>DBL>DMM,True
P12,network_m_2,9024,DMM,security,0.3,50,1.0,0.011560000000000006,0.15000000000000002,0.13538053211908146,0.13306853211908146,0.0023120000000000085,ISF>DBL>DMM,ISF>DBL>DMM,True
P12,network_m_2,9024,ISF,security,0.3,50,1.0,0.011560000000000006,0.15000000000000002,0.16484992189844874,0.16253792189844873,0.0023120000000000085,ISF>DBL>DMM,ISF>DBL>DMM,True
P12,network_m_2,9025,DBL,security,0.3,49,0.98,0.005265306122448982,0.02000000000000001,0.15229433895363476,0.15126233895363472,0.0010320000000000329,ISF>DBL>DMM,ISF>DBL>DMM,True
P12,network_m_2,9025,DMM,security,0.3,49,0.98,0.005265306122448982,0.02000000000000001,0.1315534331720956,0.1305214331720956,0.0010320000000000051,ISF>DBL>DMM,ISF>DBL>DMM,True
P12,network_m_2,9025,ISF,security,0.3,49,0.98,0.005265306122448982,0.02000000000000001,0.1613226593437522,0.1602906593437522,0.0010320000000000051,ISF>DBL>DMM,ISF>DBL>DMM,True
P12,network_m_2,9026,DBL,security,0.3,50,1.0,0.006688118572381691,0.04640592861908436,0.1489439235463366,0.14760629983186022,0.001337623714476377,ISF>DBL>DMM,ISF>DBL>DMM,True
P12,network_m_2,9026,DMM,security,0.3,50,1.0,0.006688118572381691,0.04640592861908436,0.12870573140446953,0.12736810768999318,0.0013376237144763492,ISF>DBL>DMM,ISF>DBL>DMM,True
P12,network_m_2,9026,ISF,security,0.3,50,1.0,0.006688118572381691,0.04640592861908436,0.15891534299504018,0.15757771928056383,0.0013376237144763492,ISF>DBL>DMM,ISF>DBL>DMM,True
P12,network_m_2,9027,DBL,security,0.3,50,1.0,0.007420000000000005,0.07499999999999997,0.15230584890900908,0.15082184890900907,0.001484000000000013,ISF>DBL>DMM,ISF>DBL>DMM,True
P12,network_m_2,9027,DMM,security,0.3,50,1.0,0.007420000000000005,0.07499999999999997,0.13130491364061603,0.12982091364061601,0.001484000000000013,ISF>DBL>DMM,ISF>DBL>DMM,True
P12,network_m_2,9027,ISF,security,0.3,50,1.0,0.007420000000000005,0.07499999999999997,0.16121780990203582,0.15973380990203578,0.0014840000000000408,ISF>DBL>DMM,ISF>DBL>DMM,True
P12,network_m_2,9028,DBL,security,0.3,49,0.98,0.007673469387755106,0.036000000000000025,0.14748223791073023,0.14597823791073025,0.0015039999999999776,ISF>DBL>DMM,ISF>DBL>DMM,True
P12,network_m_2,9028,DMM,security,0.3,49,0.98,0.007673469387755106,0.036000000000000025,0.1270274851760711,0.1255234851760711,0.0015040000000000053,ISF>DBL>DMM,ISF>DBL>DMM,True
P12,network_m_2,9028,ISF,security,0.3,49,0.98,0.007673469387755106,0.036000000000000025,0.15747541097902887,0.1559714109790289,0.0015039999999999776,ISF>DBL>DMM,ISF>DBL>DMM,True
P12,network_m_2,9029,DBL,security,0.3,50,1.0,0.005760000000000003,0.02000000000000001,0.14557675641769793,0.14442475641769795,0.0011519999999999864,ISF>DBL>DMM,ISF>DBL>DMM,True
P12,network_m_2,9029,DMM,security,0.3,50,1.0,0.005760000000000003,0.02000000000000001,0.12515411003323262,0.12400211003323264,0.0011519999999999864,ISF>DBL>DMM,ISF>DBL>DMM,True
P12,network_m_2,9029,ISF,security,0.3,50,1.0,0.005760000000000003,0.02000000000000001,0.15580809158508185,0.15465609158508184,0.0011520000000000141,ISF>DBL>DMM,ISF>DBL>DMM,True
P12,network_m_3,9000,DBL,security,0.3,50,1.0,0.005120000000000002,0.020000000000000018,0.14234534782289499,0.141321347822895,0.0010239999999999971,ISF>DBL>DMM,ISF>DBL>DMM,True
P12,network_m_3,9000,DMM,security,0.3,50,1.0,0.005120000000000002,0.020000000000000018,0.12226369998563208,0.12123969998563205,0.0010240000000000249,ISF>DBL>DMM,ISF>DBL>DMM,True
P12,network_m_3,9000,ISF,security,0.3,50,1.0,0.005120000000000002,0.020000000000000018,0.15330528005480476,0.15228128005480474,0.0010240000000000249,ISF>DBL>DMM,ISF>DBL>DMM,True
P12,network_m_3,9001,DBL,security,0.3,50,1.0,0.004800000000000003,0.022000000000000013,0.1453147787158181,0.14435477871581812,0.0009599999999999886,ISF>DBL>DMM,ISF>DBL>DMM,True
P12,network_m_3,9001,DMM,security,0.3,50,1.0,0.004800000000000003,0.022000000000000013,0.12494136660060948,0.12398136660060947,0.0009600000000000025,ISF>DBL>DMM,ISF>DBL>DMM,True
P12,network_m_3,9001,ISF,security,0.3,50,1.0,0.004800000000000003,0.022000000000000013,0.1556327535290876,0.1546727535290876,0.0009599999999999886,ISF>DBL>DMM,ISF>DBL>DMM,True
P12,network_m_3,9002,DBL,security,0.3,50,1.0,0.005680000000000003,0.020000000000000014,0.14431721187496943,0.14318121187496943,0.0011359999999999981,ISF>DBL>DMM,ISF>DBL>DMM,True
P12,network_m_3,9002,DMM,security,0.3,50,1.0,0.005680000000000003,0.020000000000000014,0.12417973416622269,0.12304373416622269,0.0011359999999999981,ISF>DBL>DMM,ISF>DBL>DMM,True
P12,network_m_3,9002,ISF,security,0.3,50,1.0,0.005680000000000003,0.020000000000000014,0.15497927599919642,0.15384327599919642,0.0011359999999999981,ISF>DBL>DMM,ISF>DBL>DMM,True
P12,network_m_3,9003,DBL,security,0.3,50,1.0,0.007500000000000003,0.07499999999999996,0.15320568965725426,0.15170568965725426,0.0015000000000000013,ISF>DBL>DMM,ISF>DBL>DMM,True
P12,network_m_3,9003,DMM,security,0.3,50,1.0,0.007500000000000003,0.07499999999999996,0.1324652451867341,0.13096524518673414,0.0014999999999999736,ISF>DBL>DMM,ISF>DBL>DMM,True
P12,network_m_3,9003,ISF,security,0.3,50,1.0,0.007500000000000003,0.07499999999999996,0.1621968216202695,0.16069682162026946,0.001500000000000029,ISF>DBL>DMM,ISF>DBL>DMM,True
P12,network_m_3,9004,DBL,security,0.3,50,1.0,0.005160000000000002,0.02000000000000001,0.1423518286012461,0.14131982860124612,0.0010319999999999774,ISF>DBL>DMM,ISF>DBL>DMM,True
P12,network_m_3,9004,DMM,security,0.3,50,1.0,0.005160000000000002,0.02000000000000001,0.12242524187277783,0.12139324187277781,0.001032000000000019,ISF>DBL>DMM,ISF>DBL>DMM,True
P12,network_m_3,9004,ISF,security,0.3,50,1.0,0.005160000000000002,0.02000000000000001,0.15340904186555918,0.15237704186555917,0.0010320000000000051,ISF>DBL>DMM,ISF>DBL>DMM,True
P12,network_m_3,9005,DBL,security,0.3,50,1.0,0.007139694785454195,0.05400000000000006,0.14388253434215809,0.14245459538506725,0.0014279389570908407,ISF>DBL>DMM,ISF>DBL>DMM,True
P12,network_m_3,9005,DMM,security,0.3,50,1.0,0.007139694785454195,0.05400000000000006,0.12402765190657422,0.12259971294948337,0.0014279389570908546,ISF>DBL>DMM,ISF>DBL>DMM,True
P12,network_m_3,9005,ISF,security,0.3,50,1.0,0.007139694785454195,0.05400000000000006,0.15484226157954223,0.1534143226224514,0.0014279389570908407,ISF>DBL>DMM,ISF>DBL>DMM,True
P12,network_m_3,9006,DBL,security,0.3,50,1.0,0.004680000000000003,0.022000000000000013,0.14832251326351667,0.14738651326351668,0.0009359999999999924,ISF>DBL>DMM,ISF>DBL>DMM,True
P12,network_m_3,9006,DMM,security,0.3,50,1.0,0.004680000000000003,0.022000000000000013,0.12779093609241615,0.12685493609241616,0.0009359999999999924,ISF>DBL>DMM,ISF>DBL>DMM,True
P12,network_m_3,9006,ISF,security,0.3,50,1.0,0.004680000000000003,0.022000000000000013,0.1580778145890152,0.15714181458901522,0.0009359999999999924,ISF>DBL>DMM,ISF>DBL>DMM,True
P12,network_m_3,9007,DBL,security,0.3,50,1.0,0.005640000000000003,0.022000000000000013,0.14513374264002427,0.14400574264002425,0.0011280000000000179,ISF>DBL>DMM,ISF>DBL>DMM,True
P12,network_m_3,9007,DMM,security,0.3,50,1.0,0.005640000000000003,0.022000000000000013,0.12474408274126102,0.12361608274126101,0.001128000000000004,ISF>DBL>DMM,ISF>DBL>DMM,True
P12,network_m_3,9007,ISF,security,0.3,50,1.0,0.005640000000000003,0.022000000000000013,0.15548297785313175,0.15435497785313174,0.0011280000000000179,ISF>DBL>DMM,ISF>DBL>DMM,True
P12,network_m_3,9008,DBL,security,0.3,50,1.0,0.006027053851002383,0.03907957696383156,0.14250437516961045,0.14129896439941,0.001205410770200449,ISF>DBL>DMM,ISF>DBL>DMM,True
P12,network_m_3,9008,DMM,security,0.3,50,1.0,0.006027053851002383,0.03907957696383156,0.12278590753059218,0.12158049676039172,0.001205410770200463,ISF>DBL>DMM,ISF>DBL>DMM,True
P12,network_m_3,9008,ISF,security,0.3,50,1.0,0.006027053851002383,0.03907957696383156,0.15371435613824116,0.15250894536804066,0.0012054107702005046,ISF>DBL>DMM,ISF>DBL>DMM,True
P12,network_m_3,9009,DBL,security,0.3,50,1.0,0.00527648301820125,0.03400000000000003,0.1461022251236326,0.14504692851999235,0.00105529660364026,ISF>DBL>DMM,ISF>DBL>DMM,True
P12,network_m_3,9009,DMM,security,0.3,50,1.0,0.00527648301820125,0.03400000000000003,0.12609583969722324,0.12504054309358298,0.00105529660364026,ISF>DBL>DMM,ISF>DBL>DMM,True
P12,network_m_3,9009,ISF,security,0.3,50,1.0,0.00527648301820125,0.03400000000000003,0.15656034035138874,0.15550504374774848,0.00105529660364026,ISF>DBL>DMM,ISF>DBL>DMM,True
P12,network_m_3,9010,DBL,security,0.3,50,1.0,0.006720000000000004,0.03400000000000003,0.14417095279919923,0.14282695279919924,0.001343999999999984,ISF>DBL>DMM,ISF>DBL>DMM,True
P12,network_m_3,9010,DMM,security,0.3,50,1.0,0.006720000000000004,0.03400000000000003,0.1239657908110795,0.1226217908110795,0.001343999999999998,ISF>DBL>DMM,ISF>DBL>DMM,True
P12,network_m_3,9010,ISF,security,0.3,50,1.0,0.006720000000000004,0.03400000000000003,0.1548183480656701,0.15347434806567015,0.0013439999999999563,ISF>DBL>DMM,ISF>DBL>DMM,True
P12,network_m_3,9011,DBL,security,0.3,49,0.98,0.005398482601574498,0.03600000000000003,0.1426198192306263,0.14156171664071768,0.0010581025899086272,ISF>DBL>DMM,ISF>DBL>DMM,True
P12,network_m_3,9011,DMM,security,0.3,49,0.98,0.005398482601574498,0.03600000000000003,0.12257331534037641,0.12151521275046781,0.0010581025899085994,ISF>DBL>DMM,ISF>DBL>DMM,True
P12,network_m_3,9011,ISF,security,0.3,49,0.98,0.005398482601574498,0.03600000000000003,0.1535787910005478,0.1525206884106392,0.0010581025899085994,ISF>DBL>DMM,ISF>DBL>DMM,True
P12,network_m_3,9012,DBL,security,0.3,50,1.0,0.006080000000000005,0.02800000000000003,0.1449131361044312,0.1436971361044312,0.0012160000000000226,ISF>DBL>DMM,ISF>DBL>DMM,True
P12,network_m_3,9012,DMM,security,0.3,50,1.0,0.006080000000000005,0.02800000000000003,0.1246128345543485,0.1233968345543485,0.0012160000000000087,ISF>DBL>DMM,ISF>DBL>DMM,True
P12,network_m_3,9012,ISF,security,0.3,50,1.0,0.006080000000000005,0.02800000000000003,0.1553449773802125,0.15412897738021247,0.0012160000000000226,ISF>DBL>DMM,ISF>DBL>DMM,True
P12,network_m_3,9013,DBL,security,0.3,50,1.0,0.006560000000000005,0.04000000000000004,0.14959152211974874,0.14827952211974874,0.0013120000000000076,ISF>DBL>DMM,ISF>DBL>DMM,True
P12,network_m_3,9013,DMM,security,0.3,50,1.0,0.006560000000000005,0.04000000000000004,0.12922560994858426,0.12791360994858425,0.0013120000000000076,ISF>DBL>DMM,ISF>DBL>DMM,True
P12,network_m_3,9013,ISF,security,0.3,50,1.0,0.006560000000000005,0.04000000000000004,0.15928693137361766,0.15797493137361765,0.0013120000000000076,ISF>DBL>DMM,ISF>DBL>DMM,True
P12,network_m_3,9014,DBL,security,0.3,50,1.0,0.006200000000000006,0.06800000000000006,0.14391688995451582,0.1426768899545158,0.0012400000000000189,ISF>DBL>DMM,ISF>DBL>DMM,True
P12,network_m_3,9014,DMM,security,0.3,50,1.0,0.006200000000000006,0.06800000000000006,0.12377486398950945,0.12253486398950945,0.0012399999999999911,ISF>DBL>DMM,ISF>DBL>DMM,True
P12,network_m_3,9014,ISF,security,0.3,50,1.0,0.006200000000000006,0.06800000000000006,0.15461633035112857,0.15337633035112855,0.0012400000000000189,ISF>DBL>DMM,ISF>DBL>DMM,True
P12,network_m_3,9015,DBL,security,0.3,50,1.0,0.005800000000000004,0.03400000000000003,0.14542876561783338,0.1442687656178334,0.0011599999999999944,ISF>DBL>DMM,ISF>DBL>DMM,True
P12,network_m_3,9015,DMM,security,0.3,50,1.0,0.005800000000000004,0.03400000000000003,0.12528740164969038,0.12412740164969038,0.0011599999999999944,ISF>DBL>DMM,ISF>DBL>DMM,True
P12,network_m_3,9015,ISF,security,0.3,50,1.0,0.005800000000000004,0.03400000000000003,0.15590121401179596,0.15474121401179597,0.0011599999999999944,ISF>DBL>DMM,ISF>DBL>DMM,True
P12,network_m_3,9016,DBL,security,0.3,50,1.0,0.006200000000000003,0.024000000000000014,0.14376747648679605,0.14252747648679606,0.0012399999999999911,ISF>DBL>DMM,ISF>DBL>DMM,True
P12,network_m_3,9016,DMM,security,0.3,50,1.0,0.006200000000000003,0.024000000000000014,0.12358336296302765,0.12234336296302767,0.0012399999999999772,ISF>DBL>DMM,ISF>DBL>DMM,True
P12,network_m_3,9016,ISF,security,0.3,50,1.0,0.006200000000000003,0.024000000000000014,0.15445302743498507,0.15321302743498508,0.0012399999999999911,ISF>DBL>DMM,ISF>DBL>DMM,True
P12,network_m_3,9017,DBL,security,0.3,50,1.0,0.005760000000000003,0.03400000000000003,0.14448862338921242,0.14333662338921244,0.0011519999999999864,ISF>DBL>DMM,ISF>DBL>DMM,True
P12,network_m_3,9017,DMM,security,0.3,50,1.0,0.005760000000000003,0.03400000000000003,0.1241512743856916,0.12299927438569162,0.0011519999999999725,ISF>DBL>DMM,ISF>DBL>DMM,True
P12,network_m_3,9017,ISF,security,0.3,50,1.0,0.005760000000000003,0.03400000000000003,0.15495969840337318,0.15380769840337316,0.0011520000000000141,ISF>DBL>DMM,ISF>DBL>DMM,True
P12,network_m_3,9018,DBL,security,0.3,50,1.0,0.004480000000000003,0.02000000000000001,0.14684011442261155,0.14594411442261154,0.0008960000000000079,ISF>DBL>DMM,ISF>DBL>DMM,True
P12,network_m_3,9018,DMM,security,0.3,50,1.0,0.004480000000000003,0.02000000000000001,0.1269120641305433,0.1260160641305433,0.0008959999999999801,ISF>DBL>DMM,ISF>DBL>DMM,True
P12,network_m_3,9018,ISF,security,0.3,50,1.0,0.004480000000000003,0.02000000000000001,0.15725061173126328,0.1563546117312633,0.0008959999999999801,ISF>DBL>DMM,ISF>DBL>DMM,True
P12,network_m_3,9019,DBL,security,0.3,50,1.0,0.0059600000000000035,0.02400000000000002,0.14153169309505106,0.14033969309505104,0.0011920000000000264,ISF>DBL>DMM,ISF>DBL>DMM,True
P12,network_m_3,9019,DMM,security,0.3,50,1.0,0.0059600000000000035,0.02400000000000002,0.1217117938815625,0.12051979388156249,0.0011920000000000125,ISF>DBL>DMM,ISF>DBL>DMM,True
P12,network_m_3,9019,ISF,security,0.3,50,1.0,0.0059600000000000035,0.02400000000000002,0.1528305479479244,0.1516385479479244,0.0011919999999999986,ISF>DBL>DMM,ISF>DBL>DMM,True
P12,network_m_3,9020,DBL,security,0.3,50,1.0,0.005400000000000004,0.02400000000000002,0.14624643332679077,0.1451664333267908,0.0010799999999999699,ISF>DBL>DMM,ISF>DBL>DMM,True
P12,network_m_3,9020,DMM,security,0.3,50,1.0,0.005400000000000004,0.02400000000000002,0.12563762210073656,0.12455762210073658,0.0010799999999999838,ISF>DBL>DMM,ISF>DBL>DMM,True
P12,network_m_3,9020,ISF,security,0.3,50,1.0,0.005400000000000004,0.02400000000000002,0.15625174504290723,0.15517174504290723,0.0010799999999999976,ISF>DBL>DMM,ISF>DBL>DMM,True
P12,network_m_3,9021,DBL,security,0.3,50,1.0,0.005400000000000003,0.022000000000000016,0.14399020757026026,0.14291020757026027,0.0010799999999999976,ISF>DBL>DMM,ISF>DBL>DMM,True
P12,network_m_3,9021,DMM,security,0.3,50,1.0,0.005400000000000003,0.022000000000000016,0.12389974664552923,0.12281974664552923,0.0010799999999999976,ISF>DBL>DMM,ISF>DBL>DMM,True
P12,network_m_3,9021,ISF,security,0.3,50,1.0,0.005400000000000003,0.022000000000000016,0.15473407714666357,0.15365407714666357,0.0010799999999999976,ISF>DBL>DMM,ISF>DBL>DMM,True
P12,network_m_3,9022,DBL,security,0.3,50,1.0,0.005800000000000003,0.03800000000000003,0.14921539934559397,0.14805539934559397,0.0011599999999999944,ISF>DBL>DMM,ISF>DBL>DMM,True
P12,network_m_3,9022,DMM,security,0.3,50,1.0,0.005800000000000003,0.03800000000000003,0.128476491594322,0.12731649159432204,0.0011599999999999666,ISF>DBL>DMM,ISF>DBL>DMM,True
P12,network_m_3,9022,ISF,security,0.3,50,1.0,0.005800000000000003,0.03800000000000003,0.15870535913570852,0.15754535913570852,0.0011599999999999944,ISF>DBL>DMM,ISF>DBL>DMM,True
P12,network_m_3,9023,DBL,security,0.3,50,1.0,0.004960000000000003,0.022000000000000013,0.14139122041308716,0.14039922041308717,0.0009919999999999929,ISF>DBL>DMM,ISF>DBL>DMM,True
P12,network_m_3,9023,DMM,security,0.3,50,1.0,0.004960000000000003,0.022000000000000013,0.12166884178832983,0.12067684178832984,0.0009919999999999929,ISF>DBL>DMM,ISF>DBL>DMM,True
P12,network_m_3,9023,ISF,security,0.3,50,1.0,0.004960000000000003,0.022000000000000013,0.1527310472376337,0.1517390472376337,0.0009919999999999929,ISF>DBL>DMM,ISF>DBL>DMM,True
P12,network_m_3,9024,DBL,security,0.3,50,1.0,0.006800000000000004,0.028000000000000018,0.146572935328111,0.14521293532811103,0.0013599999999999723,ISF>DBL>DMM,ISF>DBL>DMM,True
P12,network_m_3,9024,DMM,security,0.3,50,1.0,0.006800000000000004,0.028000000000000018,0.12653749296511244,0.1251774929651124,0.0013600000000000279,ISF>DBL>DMM,ISF>DBL>DMM,True
P12,network_m_3,9024,ISF,security,0.3,50,1.0,0.006800000000000004,0.028000000000000018,0.1569890489861757,0.15562904898617566,0.0013600000000000279,ISF>DBL>DMM,ISF>DBL>DMM,True
P12,network_m_3,9025,DBL,security,0.3,50,1.0,0.004880000000000003,0.020000000000000014,0.14372612747586802,0.142750127475868,0.0009760000000000324,ISF>DBL>DMM,ISF>DBL>DMM,True
P12,network_m_3,9025,DMM,security,0.3,50,1.0,0.004880000000000003,0.020000000000000014,0.12388986812887398,0.12291386812887399,0.0009759999999999908,ISF>DBL>DMM,ISF>DBL>DMM,True
P12,network_m_3,9025,ISF,security,0.3,50,1.0,0.004880000000000003,0.020000000000000014,0.15464120665299944,0.15366520665299943,0.0009760000000000046,ISF>DBL>DMM,ISF>DBL>DMM,True
P12,network_m_3,9026,DBL,security,0.3,50,1.0,0.006360000000000004,0.03800000000000003,0.1448884738881751,0.1436164738881751,0.0012719999999999954,ISF>DBL>DMM,ISF>DBL>DMM,True
P12,network_m_3,9026,DMM,security,0.3,50,1.0,0.006360000000000004,0.03800000000000003,0.12471008087006327,0.12343808087006326,0.0012720000000000092,ISF>DBL>DMM,ISF>DBL>DMM,True
P12,network_m_3,9026,ISF,security,0.3,50,1.0,0.006360000000000004,0.03800000000000003,0.1554445422562379,0.1541725422562379,0.0012720000000000231,ISF>DBL>DMM,ISF>DBL>DMM,True
P12,network_m_3,9027,DBL,security,0.3,50,1.0,0.005720000000000003,0.01800000000000001,0.14475354048005304,0.14360954048005306,0.0011439999999999784,ISF>DBL>DMM,ISF>DBL>DMM,True
P12,network_m_3,9027,DMM,security,0.3,50,1.0,0.005720000000000003,0.01800000000000001,0.12460692738433124,0.12346292738433125,0.0011439999999999922,ISF>DBL>DMM,ISF>DBL>DMM,True
P12,network_m_3,9027,ISF,security,0.3,50,1.0,0.005720000000000003,0.01800000000000001,0.15532680121607834,0.15418280121607833,0.0011440000000000061,ISF>DBL>DMM,ISF>DBL>DMM,True
P12,network_m_3,9028,DBL,security,0.3,50,1.0,0.006440000000000006,0.022000000000000013,0.14338763416362116,0.14209963416362117,0.0012879999999999836,ISF>DBL>DMM,ISF>DBL>DMM,True
P12,network_m_3,9028,DMM,security,0.3,50,1.0,0.006440000000000006,0.022000000000000013,0.12363357873823398,0.12234557873823398,0.0012879999999999975,ISF>DBL>DMM,ISF>DBL>DMM,True
P12,network_m_3,9028,ISF,security,0.3,50,1.0,0.006440000000000006,0.022000000000000013,0.15447416228647665,0.15318616228647663,0.0012880000000000114,ISF>DBL>DMM,ISF>DBL>DMM,True
P12,network_m_3,9029,DBL,security,0.3,50,1.0,0.00683121182534859,0.03756059126742929,0.14180258551412891,0.14043634314905923,0.0013662423650696864,ISF>DBL>DMM,ISF>DBL>DMM,True
P12,network_m_3,9029,DMM,security,0.3,50,1.0,0.00683121182534859,0.03756059126742929,0.122152395079535,0.12078615271446529,0.0013662423650697142,ISF>DBL>DMM,ISF>DBL>DMM,True
P12,network_m_3,9029,ISF,security,0.3,50,1.0,0.00683121182534859,0.03756059126742929,0.15318123494404126,0.15181499257897157,0.0013662423650696864,ISF>DBL>DMM,ISF>DBL>DMM,True
P12,network_m_5,9000,DBL,security,0.3,50,1.0,0.007910844101084774,0.08554220505423851,0.13961561993478966,0.13803345111457271,0.0015821688202169448,ISF>DBL>DMM,ISF>DBL>DMM,True
P12,network_m_5,9000,DMM,security,0.3,50,1.0,0.007910844101084774,0.08554220505423851,0.1199823316586249,0.11840016283840794,0.0015821688202169587,ISF>DBL>DMM,ISF>DBL>DMM,True
P12,network_m_5,9000,ISF,security,0.3,50,1.0,0.007910844101084774,0.08554220505423851,0.15137881810186304,0.1497966492816461,0.0015821688202169448,ISF>DBL>DMM,ISF>DBL>DMM,True
P12,network_m_5,9001,DBL,security,0.3,50,1.0,0.005920000000000003,0.026000000000000016,0.13860413020783457,0.13742013020783458,0.0011839999999999906,ISF>DBL>DMM,ISF>DBL>DMM,True
P12,network_m_5,9001,DMM,security,0.3,50,1.0,0.005920000000000003,0.026000000000000016,0.11918923028817567,0.11800523028817567,0.0011840000000000045,ISF>DBL>DMM,ISF>DBL>DMM,True
P12,network_m_5,9001,ISF,security,0.3,50,1.0,0.005920000000000003,0.026000000000000016,0.15061797151398315,0.1494339715139832,0.0011839999999999629,ISF>DBL>DMM,ISF>DBL>DMM,True
P12,network_m_5,9002,DBL,security,0.3,50,1.0,0.004640000000000003,0.022000000000000013,0.13973137473536737,0.13880337473536739,0.0009279999999999844,ISF>DBL>DMM,ISF>DBL>DMM,True
P12,network_m_5,9002,DMM,security,0.3,50,1.0,0.004640000000000003,0.022000000000000013,0.12013425914516856,0.11920625914516857,0.0009279999999999983,ISF>DBL>DMM,ISF>DBL>DMM,True
P12,network_m_5,9002,ISF,security,0.3,50,1.0,0.004640000000000003,0.022000000000000013,0.15142684267734663,0.15049884267734662,0.0009280000000000121,ISF>DBL>DMM,ISF>DBL>DMM,True
P12,network_m_5,9003,DBL,security,0.3,50,1.0,0.0056400000000000035,0.024000000000000018,0.13786050644011918,0.1367325064401192,0.0011279999999999901,ISF>DBL>DMM,ISF>DBL>DMM,True
P12,network_m_5,9003,DMM,security,0.3,50,1.0,0.0056400000000000035,0.024000000000000018,0.11841458434193167,0.11728658434193168,0.0011279999999999901,ISF>DBL>DMM,ISF>DBL>DMM,True
P12,network_m_5,9003,ISF,security,0.3,50,1.0,0.0056400000000000035,0.024000000000000018,0.14994263265781513,0.14881463265781514,0.0011279999999999901,ISF>DBL>DMM,ISF>DBL>DMM,True
P12,network_m_5,9004,DBL,security,0.3,50,1.0,0.004840000000000003,0.024000000000000014,0.1455949079533144,0.14462690795331437,0.0009680000000000244,ISF>DBL>DMM,ISF>DBL>DMM,True
P12,network_m_5,9004,DMM,security,0.3,50,1.0,0.004840000000000003,0.024000000000000014,0.12569934604196006,0.12473134604196005,0.0009680000000000105,ISF>DBL>DMM,ISF>DBL>DMM,True
P12,network_m_5,9004,ISF,security,0.3,50,1.0,0.004840000000000003,0.024000000000000014,0.15620422072951468,0.15523622072951468,0.0009679999999999966,ISF>DBL>DMM,ISF>DBL>DMM,True
P12,network_m_5,9005,DBL,security,0.3,50,1.0,0.0059600000000000035,0.032000000000000035,0.14363322192734793,0.14244122192734793,0.0011919999999999986,ISF>DBL>DMM,ISF>DBL>DMM,True
P12,network_m_5,9005,DMM,security,0.3,50,1.0,0.0059600000000000035,0.032000000000000035,0.1234927958862396,0.1223007958862396,0.0011919999999999986,ISF>DBL>DMM,ISF>DBL>DMM,True
P12,network_m_5,9005,ISF,security,0.3,50,1.0,0.0059600000000000035,0.032000000000000035,0.15437769252142372,0.15318569252142375,0.0011919999999999709,ISF>DBL>DMM,ISF>DBL>DMM,True
P12,network_m_5,9006,DBL,security,0.3,50,1.0,0.005840000000000003,0.024000000000000014,0.14063164955438007,0.13946364955438006,0.0011680000000000024,ISF>DBL>DMM,ISF>DBL>DMM,True
P12,network_m_5,9006,DMM,security,0.3,50,1.0,0.005840000000000003,0.024000000000000014,0.12088670867185577,0.11971870867185577,0.0011680000000000024,ISF>DBL>DMM,ISF>DBL>DMM,True
P12,network_m_5,9006,ISF,security,0.3,50,1.0,0.005840000000000003,0.024000000000000014,0.1521047579189763,0.1509367579189763,0.0011680000000000024,ISF>DBL>DMM,ISF>DBL>DMM,True
P12,network_m_5,9007,DBL,security,0.3,50,1.0,0.004361599956616646,0.0400799978308322,0.14241870444274757,0.14154638445142426,0.0008723199913233115,ISF>DBL>DMM,ISF>DBL>DMM,True
P12,network_m_5,9007,DMM,security,0.3,50,1.0,0.004361599956616646,0.0400799978308322,0.12281551377823159,0.1219431937869083,0.0008723199913232976,ISF>DBL>DMM,ISF>DBL>DMM,True
P12,network_m_5,9007,ISF,security,0.3,50,1.0,0.004361599956616646,0.0400799978308322,0.15370136934940362,0.15282904935808028,0.0008723199913233393,ISF>DBL>DMM,ISF>DBL>DMM,True
P12,network_m_5,9008,DBL,security,0.3,50,1.0,0.004800000000000002,0.022000000000000016,0.1397902342421744,0.1388302342421744,0.0009600000000000164,ISF>DBL>DMM,ISF>DBL>DMM,True
P12,network_m_5,9008,DMM,security,0.3,50,1.0,0.004800000000000002,0.022000000000000016,0.12028561241421644,0.11932561241421645,0.0009599999999999886,ISF>DBL>DMM,ISF>DBL>DMM,True
P12,network_m_5,9008,ISF,security,0.3,50,1.0,0.004800000000000002,0.022000000000000016,0.15152919646672777,0.1505691964667278,0.0009599999999999609,ISF>DBL>DMM,ISF>DBL>DMM,True
P12,network_m_5,9009,DBL,security,0.3,50,1.0,0.0052800000000000034,0.03200000000000003,0.1402290899767529,0.1391730899767529,0.0010560000000000014,ISF>DBL>DMM,ISF>DBL>DMM,True
P12,network_m_5,9009,DMM,security,0.3,50,1.0,0.0052800000000000034,0.03200000000000003,0.12046658280110577,0.11941058280110577,0.0010560000000000014,ISF>DBL>DMM,ISF>DBL>DMM,True
P12,network_m_5,9009,ISF,security,0.3,50,1.0,0.0052800000000000034,0.03200000000000003,0.15173290829967212,0.15067690829967212,0.0010560000000000014,ISF>DBL>DMM,ISF>DBL>DMM,True
P12,network_m_5,9010,DBL,security,0.3,50,1.0,0.006120000000000003,0.01800000000000001,0.13997160420750407,0.13874760420750404,0.0012240000000000306,ISF>DBL>DMM,ISF>DBL>DMM,True
P12,network_m_5,9010,DMM,security,0.3,50,1.0,0.006120000000000003,0.01800000000000001,0.120359297340981,0.119135297340981,0.0012240000000000029,ISF>DBL>DMM,ISF>DBL>DMM,True
P12,network_m_5,9010,ISF,security,0.3,50,1.0,0.006120000000000003,0.01800000000000001,0.15165642467663606,0.15043242467663606,0.0012240000000000029,ISF>DBL>DMM,ISF>DBL>DMM,True
P12,network_m_5,9011,DBL,security,0.3,50,1.0,0.005160000000000003,0.026000000000000027,0.14240607935163602,0.141374079351636,0.0010320000000000051,ISF>DBL>DMM,ISF>DBL>DMM,True
P12,network_m_5,9011,DMM,security,0.3,50,1.0,0.005160000000000003,0.026000000000000027,0.12248990414765418,0.12145790414765419,0.0010319999999999913,ISF>DBL>DMM,ISF>DBL>DMM,True
P12,network_m_5,9011,ISF,security,0.3,50,1.0,0.005160000000000003,0.026000000000000027,0.1534599401808088,0.1524279401808088,0.0010320000000000051,ISF>DBL>DMM,ISF>DBL>DMM,True
P12,network_m_5,9012,DBL,security,0.3,50,1.0,0.0052400000000000025,0.024000000000000014,0.14203185741205446,0.14098385741205446,0.0010479999999999934,ISF>DBL>DMM,ISF>DBL>DMM,True
P12,network_m_5,9012,DMM,security,0.3,50,1.0,0.0052400000000000025,0.024000000000000014,0.1224154626367095,0.1213674626367095,0.0010479999999999934,ISF>DBL>DMM,ISF>DBL>DMM,True
P12,network_m_5,9012,ISF,security,0.3,50,1.0,0.0052400000000000025,0.024000000000000014,0.15338930463432812,0.15234130463432816,0.0010479999999999656,ISF>DBL>DMM,ISF>DBL>DMM,True
P12,network_m_5,9013,DBL,security,0.3,50,1.0,0.005360000000000004,0.03800000000000004,0.1429234362845057,0.14185143628450572,0.0010719999999999896,ISF>DBL>DMM,ISF>DBL>DMM,True
P12,network_m_5,9013,DMM,security,0.3,50,1.0,0.005360000000000004,0.03800000000000004,0.12293412890026788,0.12186212890026789,0.0010719999999999896,ISF>DBL>DMM,ISF>DBL>DMM,True
P12,network_m_5,9013,ISF,security,0.3,50,1.0,0.005360000000000004,0.03800000000000004,0.1538519863627714,0.15277998636277138,0.0010720000000000174,ISF>DBL>DMM,ISF>DBL>DMM,True
P12,network_m_5,9014,DBL,security,0.3,50,1.0,0.005160000000000002,0.02000000000000001,0.14072100156693604,0.13968900156693606,0.0010319999999999774,ISF>DBL>DMM,ISF>DBL>DMM,True
P12,network_m_5,9014,DMM,security,0.3,50,1.0,0.005160000000000002,0.02000000000000001,0.12111955200967973,0.1200875520096797,0.0010320000000000329,ISF>DBL>DMM,ISF>DBL>DMM,True
P12,network_m_5,9014,ISF,security,0.3,50,1.0,0.005160000000000002,0.02000000000000001,0.15224432992424983,0.15121232992424982,0.0010320000000000051,ISF>DBL>DMM,ISF>DBL>DMM,True
P12,network_m_5,9015,DBL,security,0.3,50,1.0,0.005240000000000003,0.026000000000000016,0.13950944397796947,0.13846144397796947,0.0010479999999999934,ISF>DBL>DMM,ISF>DBL>DMM,True
P12,network_m_5,9015,DMM,security,0.3,50,1.0,0.005240000000000003,0.026000000000000016,0.11983294484449385,0.11878494484449384,0.0010480000000000073,ISF>DBL>DMM,ISF>DBL>DMM,True
P12,network_m_5,9015,ISF,security,0.3,50,1.0,0.005240000000000003,0.026000000000000016,0.1511672953426563,0.1501192953426563,0.0010479999999999934,ISF>DBL>DMM,ISF>DBL>DMM,True
P12,network_m_5,9016,DBL,security,0.3,50,1.0,0.004920000000000003,0.02000000000000001,0.13924414629265616,0.13826014629265618,0.0009839999999999849,ISF>DBL>DMM,ISF>DBL>DMM,True
P12,network_m_5,9016,DMM,security,0.3,50,1.0,0.004920000000000003,0.02000000000000001,0.1196399701942333,0.1186559701942333,0.0009839999999999988,ISF>DBL>DMM,ISF>DBL>DMM,True
P12,network_m_5,9016,ISF,security,0.3,50,1.0,0.004920000000000003,0.02000000000000001,0.15099702727790576,0.15001302727790577,0.0009839999999999849,ISF>DBL>DMM,ISF>DBL>DMM,True
P12,network_m_5,9017,DBL,security,0.3,50,1.0,0.004320000000000003,0.028000000000000018,0.1374970153038359,0.13663301530383593,0.0008639999999999759,ISF>DBL>DMM,ISF>DBL>DMM,True
P12,network_m_5,9017,DMM,security,0.3,50,1.0,0.004320000000000003,0.028000000000000018,0.11823835791053057,0.11737435791053055,0.0008640000000000175,ISF>DBL>DMM,ISF>DBL>DMM,True
P12,network_m_5,9017,ISF,security,0.3,50,1.0,0.004320000000000003,0.028000000000000018,0.14974190966835577,0.14887790966835573,0.0008640000000000314,ISF>DBL>DMM,ISF>DBL>DMM,True
P12,network_m_5,9018,DBL,security,0.3,50,1.0,0.004720000000000003,0.028000000000000018,0.1408097706742406,0.13986577067424058,0.0009440000000000281,ISF>DBL>DMM,ISF>DBL>DMM,True
P12,network_m_5,9018,DMM,security,0.3,50,1.0,0.004720000000000003,0.028000000000000018,0.1211227641842663,0.12017876418426632,0.0009439999999999865,ISF>DBL>DMM,ISF>DBL>DMM,True
P12,network_m_5,9018,ISF,security,0.3,50,1.0,0.004720000000000003,0.028000000000000018,0.15228000118239934,0.15133600118239934,0.0009440000000000004,ISF>DBL>DMM,ISF>DBL>DMM,True
P12,network_m_5,9019,DBL,security,0.3,50,1.0,0.005520000000000002,0.022000000000000016,0.13876808988035874,0.13766408988035875,0.0011039999999999939,ISF>DBL>DMM,ISF>DBL>DMM,True
P12,network_m_5,9019,DMM,security,0.3,50,1.0,0.005520000000000002,0.022000000000000016,0.11928445419912947,0.11818045419912947,0.0011040000000000078,ISF>DBL>DMM,ISF>DBL>DMM,True
P12,network_m_5,9019,ISF,security,0.3,50,1.0,0.005520000000000002,0.022000000000000016,0.15068871728699754,0.14958471728699754,0.0011039999999999939,ISF>DBL>DMM,ISF>DBL>DMM,True
P12,network_m_5,9020,DBL,security,0.3,50,1.0,0.005795580358047647,0.024000000000000014,0.14056407724267822,0.1394049611710687,0.0011591160716095117,ISF>DBL>DMM,ISF>DBL>DMM,True
P12,network_m_5,9020,DMM,security,0.3,50,1.0,0.005795580358047647,0.024000000000000014,0.12085235834755688,0.11969324227594734,0.0011591160716095394,ISF>DBL>DMM,ISF>DBL>DMM,True
P12,network_m_5,9020,ISF,security,0.3,50,1.0,0.005795580358047647,0.024000000000000014,0.15206587617701614,0.15090676010540663,0.0011591160716095117,ISF>DBL>DMM,ISF>DBL>DMM,True
P12,network_m_5,9021,DBL,security,0.3,50,1.0,0.006800000000000004,0.02800000000000003,0.14142567865603867,0.14006567865603867,0.00136,ISF>DBL>DMM,ISF>DBL>DMM,True
P12,network_m_5,9021,DMM,security,0.3,50,1.0,0.006800000000000004,0.02800000000000003,0.12158181362704862,0.12022181362704863,0.0013599999999999862,ISF>DBL>DMM,ISF>DBL>DMM,True
P12,network_m_5,9021,ISF,security,0.3,50,1.0,0.006800000000000004,0.02800000000000003,0.15272590566523625,0.15136590566523622,0.0013600000000000279,ISF>DBL>DMM,ISF>DBL>DMM,True
P12,network_m_5,9022,DBL,security,0.3,50,1.0,0.0056000000000000025,0.020000000000000014,0.14174082365008103,0.14062082365008105,0.0011199999999999821,ISF>DBL>DMM,ISF>DBL>DMM,True
P12,network_m_5,9022,DMM,security,0.3,50,1.0,0.0056000000000000025,0.020000000000000014,0.12186443659419842,0.12074443659419838,0.0011200000000000376,ISF>DBL>DMM,ISF>DBL>DMM,True
P12,network_m_5,9022,ISF,security,0.3,50,1.0,0.0056000000000000025,0.020000000000000014,0.15296419023968846,0.15184419023968848,0.0011199999999999821,ISF>DBL>DMM,ISF>DBL>DMM,True
P12,network_m_5,9023,DBL,security,0.3,50,1.0,0.005160000000000002,0.02400000000000002,0.14017010922981926,0.13913810922981926,0.0010320000000000051,ISF>DBL>DMM,ISF>DBL>DMM,True
P12,network_m_5,9023,DMM,security,0.3,50,1.0,0.005160000000000002,0.02400000000000002,0.12056037819662324,0.11952837819662322,0.001032000000000019,ISF>DBL>DMM,ISF>DBL>DMM,True
P12,network_m_5,9023,ISF,security,0.3,50,1.0,0.005160000000000002,0.02400000000000002,0.15178856063409685,0.15075656063409684,0.0010320000000000051,ISF>DBL>DMM,ISF>DBL>DMM,True
P12,network_m_5,9024,DBL,security,0.3,50,1.0,0.005880000000000003,0.024000000000000014,0.13916726816150451,0.13799126816150453,0.0011759999999999826,ISF>DBL>DMM,ISF>DBL>DMM,True
P12,network_m_5,9024,DMM,security,0.3,50,1.0,0.005880000000000003,0.024000000000000014,0.11965598044635689,0.1184799804463569,0.0011759999999999965,ISF>DBL>DMM,ISF>DBL>DMM,True
P12,network_m_5,9024,ISF,security,0.3,50,1.0,0.005880000000000003,0.024000000000000014,0.15104312125393335,0.14986712125393334,0.0011760000000000104,ISF>DBL>DMM,ISF>DBL>DMM,True
P12,network_m_5,9025,DBL,security,0.3,50,1.0,0.005000000000000004,0.020000000000000018,0.1421614623304193,0.14116146233041932,0.0009999999999999731,ISF>DBL>DMM,ISF>DBL>DMM,True
P12,network_m_5,9025,DMM,security,0.3,50,1.0,0.005000000000000004,0.020000000000000018,0.12227333425744875,0.12127333425744875,0.0010000000000000009,ISF>DBL>DMM,ISF>DBL>DMM,True
P12,network_m_5,9025,ISF,security,0.3,50,1.0,0.005000000000000004,0.020000000000000018,0.15328368102947315,0.15228368102947318,0.0009999999999999731,ISF>DBL>DMM,ISF>DBL>DMM,True
P12,network_m_5,9026,DBL,security,0.3,50,1.0,0.006200000000000003,0.022000000000000016,0.14085237217798602,0.13961237217798603,0.0012399999999999911,ISF>DBL>DMM,ISF>DBL>DMM,True
P12,network_m_5,9026,DMM,security,0.3,50,1.0,0.006200000000000003,0.022000000000000016,0.12090147562558806,0.11966147562558808,0.0012399999999999772,ISF>DBL>DMM,ISF>DBL>DMM,True
P12,network_m_5,9026,ISF,security,0.3,50,1.0,0.006200000000000003,0.022000000000000016,0.15214220732073788,0.1509022073207379,0.0012399999999999911,ISF>DBL>DMM,ISF>DBL>DMM,True
P12,network_m_5,9027,DBL,security,0.3,50,1.0,0.004680000000000003,0.022000000000000016,0.1423355346303673,0.14139953463036734,0.0009359999999999646,ISF>DBL>DMM,ISF>DBL>DMM,True
P12,network_m_5,9027,DMM,security,0.3,50,1.0,0.004680000000000003,0.022000000000000016,0.12257062635045096,0.12163462635045097,0.0009359999999999924,ISF>DBL>DMM,ISF>DBL>DMM,True
P12,network_m_5,9027,ISF,security,0.3,50,1.0,0.004680000000000003,0.022000000000000016,0.1535251856528611,0.15258918565286111,0.0009359999999999924,ISF>DBL>DMM,ISF>DBL>DMM,True
P12,network_m_5,9028,DBL,security,0.3,50,1.0,0.006720000000000004,0.03400000000000003,0.1386721294446188,0.13732812944461875,0.0013440000000000396,ISF>DBL>DMM,ISF>DBL>DMM,True
P12,network_m_5,9028,DMM,security,0.3,50,1.0,0.006720000000000004,0.03400000000000003,0.11922755009415857,0.11788355009415857,0.001343999999999998,ISF>DBL>DMM,ISF>DBL>DMM,True
P12,network_m_5,9028,ISF,security,0.3,50,1.0,0.006720000000000004,0.03400000000000003,0.1506764963048526,0.14933249630485262,0.001343999999999984,ISF>DBL>DMM,ISF>DBL>DMM,True
P12,network_m_5,9029,DBL,security,0.3,50,1.0,0.0056000000000000025,0.022000000000000013,0.1426011092059068,0.1414811092059068,0.0011199999999999821,ISF>DBL>DMM,ISF>DBL>DMM,True
P12,network_m_5,9029,DMM,security,0.3,50,1.0,0.0056000000000000025,0.022000000000000013,0.12293649350478507,0.12181649350478505,0.0011200000000000238,ISF>DBL>DMM,ISF>DBL>DMM,True
P12,network_m_5,9029,ISF,security,0.3,50,1.0,0.0056000000000000025,0.022000000000000013,0.15381923484122395,0.15269923484122397,0.0011199999999999821,ISF>DBL>DMM,ISF>DBL>DMM,True
P14,security_minus_50,9000,DBL,security,0.15,50,1.0,0.005120000000000002,0.020000000000000018,0.14234534782289499,0.141321347822895,0.0010239999999999971,ISF>DBL>DMM,ISF>DBL>DMM,True
P14,security_minus_50,9000,DMM,security,0.15,50,1.0,0.005120000000000002,0.020000000000000018,0.12226369998563208,0.12123969998563205,0.0010240000000000249,ISF>DBL>DMM,ISF>DBL>DMM,True
P14,security_minus_50,9000,ISF,security,0.15,50,1.0,0.005120000000000002,0.020000000000000018,0.15330528005480476,0.15228128005480474,0.0010240000000000249,ISF>DBL>DMM,ISF>DBL>DMM,True
P14,security_minus_50,9001,DBL,security,0.15,50,1.0,0.004800000000000003,0.022000000000000013,0.1453147787158181,0.14435477871581812,0.0009599999999999886,ISF>DBL>DMM,ISF>DBL>DMM,True
P14,security_minus_50,9001,DMM,security,0.15,50,1.0,0.004800000000000003,0.022000000000000013,0.12494136660060948,0.12398136660060947,0.0009600000000000025,ISF>DBL>DMM,ISF>DBL>DMM,True
P14,security_minus_50,9001,ISF,security,0.15,50,1.0,0.004800000000000003,0.022000000000000013,0.1556327535290876,0.1546727535290876,0.0009599999999999886,ISF>DBL>DMM,ISF>DBL>DMM,True
P14,security_minus_50,9002,DBL,security,0.15,50,1.0,0.005680000000000003,0.020000000000000014,0.14431721187496943,0.14318121187496943,0.0011359999999999981,ISF>DBL>DMM,ISF>DBL>DMM,True
P14,security_minus_50,9002,DMM,security,0.15,50,1.0,0.005680000000000003,0.020000000000000014,0.12417973416622269,0.12304373416622269,0.0011359999999999981,ISF>DBL>DMM,ISF>DBL>DMM,True
P14,security_minus_50,9002,ISF,security,0.15,50,1.0,0.005680000000000003,0.020000000000000014,0.15497927599919642,0.15384327599919642,0.0011359999999999981,ISF>DBL>DMM,ISF>DBL>DMM,True
P14,security_minus_50,9003,DBL,security,0.15,50,1.0,0.006750000000000003,0.03749999999999998,0.15320568965725426,0.15185568965725427,0.00134999999999999,ISF>DBL>DMM,ISF>DBL>DMM,True
P14,security_minus_50,9003,DMM,security,0.15,50,1.0,0.006750000000000003,0.03749999999999998,0.1324652451867341,0.13111524518673412,0.00134999999999999,ISF>DBL>DMM,ISF>DBL>DMM,True
P14,security_minus_50,9003,ISF,security,0.15,50,1.0,0.006750000000000003,0.03749999999999998,0.1621968216202695,0.16084682162026948,0.0013500000000000179,ISF>DBL>DMM,ISF>DBL>DMM,True
P14,security_minus_50,9004,DBL,security,0.15,50,1.0,0.005160000000000002,0.02000000000000001,0.1423518286012461,0.14131982860124612,0.0010319999999999774,ISF>DBL>DMM,ISF>DBL>DMM,True
P14,security_minus_50,9004,DMM,security,0.15,50,1.0,0.005160000000000002,0.02000000000000001,0.12242524187277783,0.12139324187277781,0.001032000000000019,ISF>DBL>DMM,ISF>DBL>DMM,True
P14,security_minus_50,9004,ISF,security,0.15,50,1.0,0.005160000000000002,0.02000000000000001,0.15340904186555918,0.15237704186555917,0.0010320000000000051,ISF>DBL>DMM,ISF>DBL>DMM,True
P14,security_minus_50,9005,DBL,security,0.15,50,1.0,0.007074694785454195,0.05400000000000006,0.14388253434215809,0.14246759538506726,0.0014149389570908277,ISF>DBL>DMM,ISF>DBL>DMM,True
P14,security_minus_50,9005,DMM,security,0.15,50,1.0,0.007074694785454195,0.05400000000000006,0.12402765190657422,0.12261271294948337,0.0014149389570908555,ISF>DBL>DMM,ISF>DBL>DMM,True
P14,security_minus_50,9005,ISF,security,0.15,50,1.0,0.007074694785454195,0.05400000000000006,0.15484226157954223,0.1534273226224514,0.0014149389570908277,ISF>DBL>DMM,ISF>DBL>DMM,True
P14,security_minus_50,9006,DBL,security,0.15,50,1.0,0.004680000000000003,0.022000000000000013,0.14832251326351667,0.14738651326351668,0.0009359999999999924,ISF>DBL>DMM,ISF>DBL>DMM,True
P14,security_minus_50,9006,DMM,security,0.15,50,1.0,0.004680000000000003,0.022000000000000013,0.12779093609241615,0.12685493609241616,0.0009359999999999924,ISF>DBL>DMM,ISF>DBL>DMM,True
P14,security_minus_50,9006,ISF,security,0.15,50,1.0,0.004680000000000003,0.022000000000000013,0.1580778145890152,0.15714181458901522,0.0009359999999999924,ISF>DBL>DMM,ISF>DBL>DMM,True
P14,security_minus_50,9007,DBL,security,0.15,50,1.0,0.005590000000000004,0.022000000000000013,0.14513374264002427,0.14401574264002426,0.0011180000000000079,ISF>DBL>DMM,ISF>DBL>DMM,True
P14,security_minus_50,9007,DMM,security,0.15,50,1.0,0.005590000000000004,0.022000000000000013,0.12474408274126102,0.12362608274126101,0.0011180000000000079,ISF>DBL>DMM,ISF>DBL>DMM,True
P14,security_minus_50,9007,ISF,security,0.15,50,1.0,0.005590000000000004,0.022000000000000013,0.15548297785313175,0.15436497785313175,0.0011180000000000079,ISF>DBL>DMM,ISF>DBL>DMM,True
P14,security_minus_50,9008,DBL,security,0.15,50,1.0,0.005783697297495912,0.026911749288508046,0.14250437516961045,0.1413476357101113,0.001156739459499151,ISF>DBL>DMM,ISF>DBL>DMM,True
P14,security_minus_50,9008,DMM,security,0.15,50,1.0,0.005783697297495912,0.026911749288508046,0.12278590753059218,0.12162916807109299,0.0011567394594991925,ISF>DBL>DMM,ISF>DBL>DMM,True
P14,security_minus_50,9008,ISF,security,0.15,50,1.0,0.005783697297495912,0.026911749288508046,0.15371435613824116,0.15255761667874196,0.0011567394594992064,ISF>DBL>DMM,ISF>DBL>DMM,True
P14,security_minus_50,9009,DBL,security,0.15,50,1.0,0.005272500000000003,0.03400000000000003,0.1461022251236326,0.1450477251236326,0.0010545000000000138,ISF>DBL>DMM,ISF>DBL>DMM,True
P14,security_minus_50,9009,DMM,security,0.15,50,1.0,0.005272500000000003,0.03400000000000003,0.12609583969722324,0.12504133969722322,0.0010545000000000138,ISF>DBL>DMM,ISF>DBL>DMM,True
P14,security_minus_50,9009,ISF,security,0.15,50,1.0,0.005272500000000003,0.03400000000000003,0.15656034035138874,0.15550584035138873,0.0010545000000000138,ISF>DBL>DMM,ISF>DBL>DMM,True
P14,security_minus_50,9010,DBL,security,0.15,50,1.0,0.006720000000000004,0.03400000000000003,0.14417095279919923,0.14282695279919924,0.001343999999999984,ISF>DBL>DMM,ISF>DBL>DMM,True
P14,security_minus_50,9010,DMM,security,0.15,50,1.0,0.006720000000000004,0.03400000000000003,0.1239657908110795,0.1226217908110795,0.001343999999999998,ISF>DBL>DMM,ISF>DBL>DMM,True
P14,security_minus_50,9010,ISF,security,0.15,50,1.0,0.006720000000000004,0.03400000000000003,0.1548183480656701,0.15347434806567015,0.0013439999999999563,ISF>DBL>DMM,ISF>DBL>DMM,True
P14,security_minus_50,9011,DBL,security,0.15,49,0.98,0.005398482601574498,0.03600000000000003,0.1426198192306263,0.14156171664071768,0.0010581025899086272,ISF>DBL>DMM,ISF>DBL>DMM,True
P14,security_minus_50,9011,DMM,security,0.15,49,0.98,0.005398482601574498,0.03600000000000003,0.12257331534037641,0.12151521275046781,0.0010581025899085994,ISF>DBL>DMM,ISF>DBL>DMM,True
P14,security_minus_50,9011,ISF,security,0.15,49,0.98,0.005398482601574498,0.03600000000000003,0.1535787910005478,0.1525206884106392,0.0010581025899085994,ISF>DBL>DMM,ISF>DBL>DMM,True
P14,security_minus_50,9012,DBL,security,0.15,50,1.0,0.005790000000000004,0.026000000000000016,0.1449131361044312,0.1437551361044312,0.0011580000000000201,ISF>DBL>DMM,ISF>DBL>DMM,True
P14,security_minus_50,9012,DMM,security,0.15,50,1.0,0.005790000000000004,0.026000000000000016,0.1246128345543485,0.12345483455434848,0.0011580000000000201,ISF>DBL>DMM,ISF>DBL>DMM,True
P14,security_minus_50,9012,ISF,security,0.15,50,1.0,0.005790000000000004,0.026000000000000016,0.1553449773802125,0.1541869773802125,0.0011579999999999924,ISF>DBL>DMM,ISF>DBL>DMM,True
P14,security_minus_50,9013,DBL,security,0.15,50,1.0,0.006560000000000005,0.04000000000000004,0.14959152211974874,0.14827952211974874,0.0013120000000000076,ISF>DBL>DMM,ISF>DBL>DMM,True
P14,security_minus_50,9013,DMM,security,0.15,50,1.0,0.006560000000000005,0.04000000000000004,0.12922560994858426,0.12791360994858425,0.0013120000000000076,ISF>DBL>DMM,ISF>DBL>DMM,True
P14,security_minus_50,9013,ISF,security,0.15,50,1.0,0.006560000000000005,0.04000000000000004,0.15928693137361766,0.15797493137361765,0.0013120000000000076,ISF>DBL>DMM,ISF>DBL>DMM,True
P14,security_minus_50,9014,DBL,security,0.15,50,1.0,0.006200000000000006,0.06800000000000006,0.14391688995451582,0.1426768899545158,0.0012400000000000189,ISF>DBL>DMM,ISF>DBL>DMM,True
P14,security_minus_50,9014,DMM,security,0.15,50,1.0,0.006200000000000006,0.06800000000000006,0.12377486398950945,0.12253486398950945,0.0012399999999999911,ISF>DBL>DMM,ISF>DBL>DMM,True
P14,security_minus_50,9014,ISF,security,0.15,50,1.0,0.006200000000000006,0.06800000000000006,0.15461633035112857,0.15337633035112855,0.0012400000000000189,ISF>DBL>DMM,ISF>DBL>DMM,True
P14,security_minus_50,9015,DBL,security,0.15,50,1.0,0.005800000000000004,0.03400000000000003,0.14542876561783338,0.1442687656178334,0.0011599999999999944,ISF>DBL>DMM,ISF>DBL>DMM,True
P14,security_minus_50,9015,DMM,security,0.15,50,1.0,0.005800000000000004,0.03400000000000003,0.12528740164969038,0.12412740164969038,0.0011599999999999944,ISF>DBL>DMM,ISF>DBL>DMM,True
P14,security_minus_50,9015,ISF,security,0.15,50,1.0,0.005800000000000004,0.03400000000000003,0.15590121401179596,0.15474121401179597,0.0011599999999999944,ISF>DBL>DMM,ISF>DBL>DMM,True
P14,security_minus_50,9016,DBL,security,0.15,50,1.0,0.006200000000000003,0.024000000000000014,0.14376747648679605,0.14252747648679606,0.0012399999999999911,ISF>DBL>DMM,ISF>DBL>DMM,True
P14,security_minus_50,9016,DMM,security,0.15,50,1.0,0.006200000000000003,0.024000000000000014,0.12358336296302765,0.12234336296302767,0.0012399999999999772,ISF>DBL>DMM,ISF>DBL>DMM,True
P14,security_minus_50,9016,ISF,security,0.15,50,1.0,0.006200000000000003,0.024000000000000014,0.15445302743498507,0.15321302743498508,0.0012399999999999911,ISF>DBL>DMM,ISF>DBL>DMM,True
P14,security_minus_50,9017,DBL,security,0.15,50,1.0,0.005760000000000003,0.03400000000000003,0.14448862338921242,0.14333662338921244,0.0011519999999999864,ISF>DBL>DMM,ISF>DBL>DMM,True
P14,security_minus_50,9017,DMM,security,0.15,50,1.0,0.005760000000000003,0.03400000000000003,0.1241512743856916,0.12299927438569162,0.0011519999999999725,ISF>DBL>DMM,ISF>DBL>DMM,True
P14,security_minus_50,9017,ISF,security,0.15,50,1.0,0.005760000000000003,0.03400000000000003,0.15495969840337318,0.15380769840337316,0.0011520000000000141,ISF>DBL>DMM,ISF>DBL>DMM,True
P14,security_minus_50,9018,DBL,security,0.15,50,1.0,0.004480000000000003,0.02000000000000001,0.14684011442261155,0.14594411442261154,0.0008960000000000079,ISF>DBL>DMM,ISF>DBL>DMM,True
P14,security_minus_50,9018,DMM,security,0.15,50,1.0,0.004480000000000003,0.02000000000000001,0.1269120641305433,0.1260160641305433,0.0008959999999999801,ISF>DBL>DMM,ISF>DBL>DMM,True
P14,security_minus_50,9018,ISF,security,0.15,50,1.0,0.004480000000000003,0.02000000000000001,0.15725061173126328,0.1563546117312633,0.0008959999999999801,ISF>DBL>DMM,ISF>DBL>DMM,True
P14,security_minus_50,9019,DBL,security,0.15,50,1.0,0.0059600000000000035,0.02400000000000002,0.14153169309505106,0.14033969309505104,0.0011920000000000264,ISF>DBL>DMM,ISF>DBL>DMM,True
P14,security_minus_50,9019,DMM,security,0.15,50,1.0,0.0059600000000000035,0.02400000000000002,0.1217117938815625,0.12051979388156249,0.0011920000000000125,ISF>DBL>DMM,ISF>DBL>DMM,True
P14,security_minus_50,9019,ISF,security,0.15,50,1.0,0.0059600000000000035,0.02400000000000002,0.1528305479479244,0.1516385479479244,0.0011919999999999986,ISF>DBL>DMM,ISF>DBL>DMM,True
P14,security_minus_50,9020,DBL,security,0.15,50,1.0,0.005400000000000004,0.02400000000000002,0.14624643332679077,0.1451664333267908,0.0010799999999999699,ISF>DBL>DMM,ISF>DBL>DMM,True
P14,security_minus_50,9020,DMM,security,0.15,50,1.0,0.005400000000000004,0.02400000000000002,0.12563762210073656,0.12455762210073658,0.0010799999999999838,ISF>DBL>DMM,ISF>DBL>DMM,True
P14,security_minus_50,9020,ISF,security,0.15,50,1.0,0.005400000000000004,0.02400000000000002,0.15625174504290723,0.15517174504290723,0.0010799999999999976,ISF>DBL>DMM,ISF>DBL>DMM,True
P14,security_minus_50,9021,DBL,security,0.15,50,1.0,0.005400000000000003,0.022000000000000016,0.14399020757026026,0.14291020757026027,0.0010799999999999976,ISF>DBL>DMM,ISF>DBL>DMM,True
P14,security_minus_50,9021,DMM,security,0.15,50,1.0,0.005400000000000003,0.022000000000000016,0.12389974664552923,0.12281974664552923,0.0010799999999999976,ISF>DBL>DMM,ISF>DBL>DMM,True
P14,security_minus_50,9021,ISF,security,0.15,50,1.0,0.005400000000000003,0.022000000000000016,0.15473407714666357,0.15365407714666357,0.0010799999999999976,ISF>DBL>DMM,ISF>DBL>DMM,True
P14,security_minus_50,9022,DBL,security,0.15,50,1.0,0.005790000000000002,0.037499999999999985,0.14921539934559397,0.14805739934559398,0.0011579999999999924,ISF>DBL>DMM,ISF>DBL>DMM,True
P14,security_minus_50,9022,DMM,security,0.15,50,1.0,0.005790000000000002,0.037499999999999985,0.128476491594322,0.12731849159432204,0.0011579999999999646,ISF>DBL>DMM,ISF>DBL>DMM,True
P14,security_minus_50,9022,ISF,security,0.15,50,1.0,0.005790000000000002,0.037499999999999985,0.15870535913570852,0.15754735913570855,0.0011579999999999646,ISF>DBL>DMM,ISF>DBL>DMM,True
P14,security_minus_50,9023,DBL,security,0.15,50,1.0,0.004960000000000003,0.022000000000000013,0.14139122041308716,0.14039922041308717,0.0009919999999999929,ISF>DBL>DMM,ISF>DBL>DMM,True
P14,security_minus_50,9023,DMM,security,0.15,50,1.0,0.004960000000000003,0.022000000000000013,0.12166884178832983,0.12067684178832984,0.0009919999999999929,ISF>DBL>DMM,ISF>DBL>DMM,True
P14,security_minus_50,9023,ISF,security,0.15,50,1.0,0.004960000000000003,0.022000000000000013,0.1527310472376337,0.1517390472376337,0.0009919999999999929,ISF>DBL>DMM,ISF>DBL>DMM,True
P14,security_minus_50,9024,DBL,security,0.15,50,1.0,0.006800000000000004,0.028000000000000018,0.146572935328111,0.14521293532811103,0.0013599999999999723,ISF>DBL>DMM,ISF>DBL>DMM,True
P14,security_minus_50,9024,DMM,security,0.15,50,1.0,0.006800000000000004,0.028000000000000018,0.12653749296511244,0.1251774929651124,0.0013600000000000279,ISF>DBL>DMM,ISF>DBL>DMM,True
P14,security_minus_50,9024,ISF,security,0.15,50,1.0,0.006800000000000004,0.028000000000000018,0.1569890489861757,0.15562904898617566,0.0013600000000000279,ISF>DBL>DMM,ISF>DBL>DMM,True
P14,security_minus_50,9025,DBL,security,0.15,50,1.0,0.004880000000000003,0.020000000000000014,0.14372612747586802,0.142750127475868,0.0009760000000000324,ISF>DBL>DMM,ISF>DBL>DMM,True
P14,security_minus_50,9025,DMM,security,0.15,50,1.0,0.004880000000000003,0.020000000000000014,0.12388986812887398,0.12291386812887399,0.0009759999999999908,ISF>DBL>DMM,ISF>DBL>DMM,True
P14,security_minus_50,9025,ISF,security,0.15,50,1.0,0.004880000000000003,0.020000000000000014,0.15464120665299944,0.15366520665299943,0.0009760000000000046,ISF>DBL>DMM,ISF>DBL>DMM,True
P14,security_minus_50,9026,DBL,security,0.15,50,1.0,0.006350000000000005,0.037499999999999985,0.1448884738881751,0.1436184738881751,0.0012699999999999934,ISF>DBL>DMM,ISF>DBL>DMM,True
P14,security_minus_50,9026,DMM,security,0.15,50,1.0,0.006350000000000005,0.037499999999999985,0.12471008087006327,0.12344008087006328,0.0012699999999999934,ISF>DBL>DMM,ISF>DBL>DMM,True
P14,security_minus_50,9026,ISF,security,0.15,50,1.0,0.006350000000000005,0.037499999999999985,0.1554445422562379,0.1541745422562379,0.0012700000000000211,ISF>DBL>DMM,ISF>DBL>DMM,True
P14,security_minus_50,9027,DBL,security,0.15,50,1.0,0.005720000000000003,0.01800000000000001,0.14475354048005304,0.14360954048005306,0.0011439999999999784,ISF>DBL>DMM,ISF>DBL>DMM,True
P14,security_minus_50,9027,DMM,security,0.15,50,1.0,0.005720000000000003,0.01800000000000001,0.12460692738433124,0.12346292738433125,0.0011439999999999922,ISF>DBL>DMM,ISF>DBL>DMM,True
P14,security_minus_50,9027,ISF,security,0.15,50,1.0,0.005720000000000003,0.01800000000000001,0.15532680121607834,0.15418280121607833,0.0011440000000000061,ISF>DBL>DMM,ISF>DBL>DMM,True
P14,security_minus_50,9028,DBL,security,0.15,50,1.0,0.006440000000000006,0.022000000000000013,0.14338763416362116,0.14209963416362117,0.0012879999999999836,ISF>DBL>DMM,ISF>DBL>DMM,True
P14,security_minus_50,9028,DMM,security,0.15,50,1.0,0.006440000000000006,0.022000000000000013,0.12363357873823398,0.12234557873823398,0.0012879999999999975,ISF>DBL>DMM,ISF>DBL>DMM,True
P14,security_minus_50,9028,ISF,security,0.15,50,1.0,0.006440000000000006,0.022000000000000013,0.15447416228647665,0.15318616228647663,0.0012880000000000114,ISF>DBL>DMM,ISF>DBL>DMM,True
P14,security_minus_50,9029,DBL,security,0.15,50,1.0,0.00683121182534859,0.03756059126742929,0.14180258551412891,0.14043634314905923,0.0013662423650696864,ISF>DBL>DMM,ISF>DBL>DMM,True
P14,security_minus_50,9029,DMM,security,0.15,50,1.0,0.00683121182534859,0.03756059126742929,0.122152395079535,0.12078615271446529,0.0013662423650697142,ISF>DBL>DMM,ISF>DBL>DMM,True
P14,security_minus_50,9029,ISF,security,0.15,50,1.0,0.00683121182534859,0.03756059126742929,0.15318123494404126,0.15181499257897157,0.0013662423650696864,ISF>DBL>DMM,ISF>DBL>DMM,True
P14,security_baseline,9000,DBL,security,0.3,50,1.0,0.005120000000000002,0.020000000000000018,0.14234534782289499,0.141321347822895,0.0010239999999999971,ISF>DBL>DMM,ISF>DBL>DMM,True
P14,security_baseline,9000,DMM,security,0.3,50,1.0,0.005120000000000002,0.020000000000000018,0.12226369998563208,0.12123969998563205,0.0010240000000000249,ISF>DBL>DMM,ISF>DBL>DMM,True
P14,security_baseline,9000,ISF,security,0.3,50,1.0,0.005120000000000002,0.020000000000000018,0.15330528005480476,0.15228128005480474,0.0010240000000000249,ISF>DBL>DMM,ISF>DBL>DMM,True
P14,security_baseline,9001,DBL,security,0.3,50,1.0,0.004800000000000003,0.022000000000000013,0.1453147787158181,0.14435477871581812,0.0009599999999999886,ISF>DBL>DMM,ISF>DBL>DMM,True
P14,security_baseline,9001,DMM,security,0.3,50,1.0,0.004800000000000003,0.022000000000000013,0.12494136660060948,0.12398136660060947,0.0009600000000000025,ISF>DBL>DMM,ISF>DBL>DMM,True
P14,security_baseline,9001,ISF,security,0.3,50,1.0,0.004800000000000003,0.022000000000000013,0.1556327535290876,0.1546727535290876,0.0009599999999999886,ISF>DBL>DMM,ISF>DBL>DMM,True
P14,security_baseline,9002,DBL,security,0.3,50,1.0,0.005680000000000003,0.020000000000000014,0.14431721187496943,0.14318121187496943,0.0011359999999999981,ISF>DBL>DMM,ISF>DBL>DMM,True
P14,security_baseline,9002,DMM,security,0.3,50,1.0,0.005680000000000003,0.020000000000000014,0.12417973416622269,0.12304373416622269,0.0011359999999999981,ISF>DBL>DMM,ISF>DBL>DMM,True
P14,security_baseline,9002,ISF,security,0.3,50,1.0,0.005680000000000003,0.020000000000000014,0.15497927599919642,0.15384327599919642,0.0011359999999999981,ISF>DBL>DMM,ISF>DBL>DMM,True
P14,security_baseline,9003,DBL,security,0.3,50,1.0,0.007500000000000003,0.07499999999999996,0.15320568965725426,0.15170568965725426,0.0015000000000000013,ISF>DBL>DMM,ISF>DBL>DMM,True
P14,security_baseline,9003,DMM,security,0.3,50,1.0,0.007500000000000003,0.07499999999999996,0.1324652451867341,0.13096524518673414,0.0014999999999999736,ISF>DBL>DMM,ISF>DBL>DMM,True
P14,security_baseline,9003,ISF,security,0.3,50,1.0,0.007500000000000003,0.07499999999999996,0.1621968216202695,0.16069682162026946,0.001500000000000029,ISF>DBL>DMM,ISF>DBL>DMM,True
P14,security_baseline,9004,DBL,security,0.3,50,1.0,0.005160000000000002,0.02000000000000001,0.1423518286012461,0.14131982860124612,0.0010319999999999774,ISF>DBL>DMM,ISF>DBL>DMM,True
P14,security_baseline,9004,DMM,security,0.3,50,1.0,0.005160000000000002,0.02000000000000001,0.12242524187277783,0.12139324187277781,0.001032000000000019,ISF>DBL>DMM,ISF>DBL>DMM,True
P14,security_baseline,9004,ISF,security,0.3,50,1.0,0.005160000000000002,0.02000000000000001,0.15340904186555918,0.15237704186555917,0.0010320000000000051,ISF>DBL>DMM,ISF>DBL>DMM,True
P14,security_baseline,9005,DBL,security,0.3,50,1.0,0.007139694785454195,0.05400000000000006,0.14388253434215809,0.14245459538506725,0.0014279389570908407,ISF>DBL>DMM,ISF>DBL>DMM,True
P14,security_baseline,9005,DMM,security,0.3,50,1.0,0.007139694785454195,0.05400000000000006,0.12402765190657422,0.12259971294948337,0.0014279389570908546,ISF>DBL>DMM,ISF>DBL>DMM,True
P14,security_baseline,9005,ISF,security,0.3,50,1.0,0.007139694785454195,0.05400000000000006,0.15484226157954223,0.1534143226224514,0.0014279389570908407,ISF>DBL>DMM,ISF>DBL>DMM,True
P14,security_baseline,9006,DBL,security,0.3,50,1.0,0.004680000000000003,0.022000000000000013,0.14832251326351667,0.14738651326351668,0.0009359999999999924,ISF>DBL>DMM,ISF>DBL>DMM,True
P14,security_baseline,9006,DMM,security,0.3,50,1.0,0.004680000000000003,0.022000000000000013,0.12779093609241615,0.12685493609241616,0.0009359999999999924,ISF>DBL>DMM,ISF>DBL>DMM,True
P14,security_baseline,9006,ISF,security,0.3,50,1.0,0.004680000000000003,0.022000000000000013,0.1580778145890152,0.15714181458901522,0.0009359999999999924,ISF>DBL>DMM,ISF>DBL>DMM,True
P14,security_baseline,9007,DBL,security,0.3,50,1.0,0.005640000000000003,0.022000000000000013,0.14513374264002427,0.14400574264002425,0.0011280000000000179,ISF>DBL>DMM,ISF>DBL>DMM,True
P14,security_baseline,9007,DMM,security,0.3,50,1.0,0.005640000000000003,0.022000000000000013,0.12474408274126102,0.12361608274126101,0.001128000000000004,ISF>DBL>DMM,ISF>DBL>DMM,True
P14,security_baseline,9007,ISF,security,0.3,50,1.0,0.005640000000000003,0.022000000000000013,0.15548297785313175,0.15435497785313174,0.0011280000000000179,ISF>DBL>DMM,ISF>DBL>DMM,True
P14,security_baseline,9008,DBL,security,0.3,50,1.0,0.006027053851002383,0.03907957696383156,0.14250437516961045,0.14129896439941,0.001205410770200449,ISF>DBL>DMM,ISF>DBL>DMM,True
P14,security_baseline,9008,DMM,security,0.3,50,1.0,0.006027053851002383,0.03907957696383156,0.12278590753059218,0.12158049676039172,0.001205410770200463,ISF>DBL>DMM,ISF>DBL>DMM,True
P14,security_baseline,9008,ISF,security,0.3,50,1.0,0.006027053851002383,0.03907957696383156,0.15371435613824116,0.15250894536804066,0.0012054107702005046,ISF>DBL>DMM,ISF>DBL>DMM,True
P14,security_baseline,9009,DBL,security,0.3,50,1.0,0.00527648301820125,0.03400000000000003,0.1461022251236326,0.14504692851999235,0.00105529660364026,ISF>DBL>DMM,ISF>DBL>DMM,True
P14,security_baseline,9009,DMM,security,0.3,50,1.0,0.00527648301820125,0.03400000000000003,0.12609583969722324,0.12504054309358298,0.00105529660364026,ISF>DBL>DMM,ISF>DBL>DMM,True
P14,security_baseline,9009,ISF,security,0.3,50,1.0,0.00527648301820125,0.03400000000000003,0.15656034035138874,0.15550504374774848,0.00105529660364026,ISF>DBL>DMM,ISF>DBL>DMM,True
P14,security_baseline,9010,DBL,security,0.3,50,1.0,0.006720000000000004,0.03400000000000003,0.14417095279919923,0.14282695279919924,0.001343999999999984,ISF>DBL>DMM,ISF>DBL>DMM,True
P14,security_baseline,9010,DMM,security,0.3,50,1.0,0.006720000000000004,0.03400000000000003,0.1239657908110795,0.1226217908110795,0.001343999999999998,ISF>DBL>DMM,ISF>DBL>DMM,True
P14,security_baseline,9010,ISF,security,0.3,50,1.0,0.006720000000000004,0.03400000000000003,0.1548183480656701,0.15347434806567015,0.0013439999999999563,ISF>DBL>DMM,ISF>DBL>DMM,True
P14,security_baseline,9011,DBL,security,0.3,49,0.98,0.005398482601574498,0.03600000000000003,0.1426198192306263,0.14156171664071768,0.0010581025899086272,ISF>DBL>DMM,ISF>DBL>DMM,True
P14,security_baseline,9011,DMM,security,0.3,49,0.98,0.005398482601574498,0.03600000000000003,0.12257331534037641,0.12151521275046781,0.0010581025899085994,ISF>DBL>DMM,ISF>DBL>DMM,True
P14,security_baseline,9011,ISF,security,0.3,49,0.98,0.005398482601574498,0.03600000000000003,0.1535787910005478,0.1525206884106392,0.0010581025899085994,ISF>DBL>DMM,ISF>DBL>DMM,True
P14,security_baseline,9012,DBL,security,0.3,50,1.0,0.006080000000000005,0.02800000000000003,0.1449131361044312,0.1436971361044312,0.0012160000000000226,ISF>DBL>DMM,ISF>DBL>DMM,True
P14,security_baseline,9012,DMM,security,0.3,50,1.0,0.006080000000000005,0.02800000000000003,0.1246128345543485,0.1233968345543485,0.0012160000000000087,ISF>DBL>DMM,ISF>DBL>DMM,True
P14,security_baseline,9012,ISF,security,0.3,50,1.0,0.006080000000000005,0.02800000000000003,0.1553449773802125,0.15412897738021247,0.0012160000000000226,ISF>DBL>DMM,ISF>DBL>DMM,True
P14,security_baseline,9013,DBL,security,0.3,50,1.0,0.006560000000000005,0.04000000000000004,0.14959152211974874,0.14827952211974874,0.0013120000000000076,ISF>DBL>DMM,ISF>DBL>DMM,True
P14,security_baseline,9013,DMM,security,0.3,50,1.0,0.006560000000000005,0.04000000000000004,0.12922560994858426,0.12791360994858425,0.0013120000000000076,ISF>DBL>DMM,ISF>DBL>DMM,True
P14,security_baseline,9013,ISF,security,0.3,50,1.0,0.006560000000000005,0.04000000000000004,0.15928693137361766,0.15797493137361765,0.0013120000000000076,ISF>DBL>DMM,ISF>DBL>DMM,True
P14,security_baseline,9014,DBL,security,0.3,50,1.0,0.006200000000000006,0.06800000000000006,0.14391688995451582,0.1426768899545158,0.0012400000000000189,ISF>DBL>DMM,ISF>DBL>DMM,True
P14,security_baseline,9014,DMM,security,0.3,50,1.0,0.006200000000000006,0.06800000000000006,0.12377486398950945,0.12253486398950945,0.0012399999999999911,ISF>DBL>DMM,ISF>DBL>DMM,True
P14,security_baseline,9014,ISF,security,0.3,50,1.0,0.006200000000000006,0.06800000000000006,0.15461633035112857,0.15337633035112855,0.0012400000000000189,ISF>DBL>DMM,ISF>DBL>DMM,True
P14,security_baseline,9015,DBL,security,0.3,50,1.0,0.005800000000000004,0.03400000000000003,0.14542876561783338,0.1442687656178334,0.0011599999999999944,ISF>DBL>DMM,ISF>DBL>DMM,True
P14,security_baseline,9015,DMM,security,0.3,50,1.0,0.005800000000000004,0.03400000000000003,0.12528740164969038,0.12412740164969038,0.0011599999999999944,ISF>DBL>DMM,ISF>DBL>DMM,True
P14,security_baseline,9015,ISF,security,0.3,50,1.0,0.005800000000000004,0.03400000000000003,0.15590121401179596,0.15474121401179597,0.0011599999999999944,ISF>DBL>DMM,ISF>DBL>DMM,True
P14,security_baseline,9016,DBL,security,0.3,50,1.0,0.006200000000000003,0.024000000000000014,0.14376747648679605,0.14252747648679606,0.0012399999999999911,ISF>DBL>DMM,ISF>DBL>DMM,True
P14,security_baseline,9016,DMM,security,0.3,50,1.0,0.006200000000000003,0.024000000000000014,0.12358336296302765,0.12234336296302767,0.0012399999999999772,ISF>DBL>DMM,ISF>DBL>DMM,True
P14,security_baseline,9016,ISF,security,0.3,50,1.0,0.006200000000000003,0.024000000000000014,0.15445302743498507,0.15321302743498508,0.0012399999999999911,ISF>DBL>DMM,ISF>DBL>DMM,True
P14,security_baseline,9017,DBL,security,0.3,50,1.0,0.005760000000000003,0.03400000000000003,0.14448862338921242,0.14333662338921244,0.0011519999999999864,ISF>DBL>DMM,ISF>DBL>DMM,True
P14,security_baseline,9017,DMM,security,0.3,50,1.0,0.005760000000000003,0.03400000000000003,0.1241512743856916,0.12299927438569162,0.0011519999999999725,ISF>DBL>DMM,ISF>DBL>DMM,True
P14,security_baseline,9017,ISF,security,0.3,50,1.0,0.005760000000000003,0.03400000000000003,0.15495969840337318,0.15380769840337316,0.0011520000000000141,ISF>DBL>DMM,ISF>DBL>DMM,True
P14,security_baseline,9018,DBL,security,0.3,50,1.0,0.004480000000000003,0.02000000000000001,0.14684011442261155,0.14594411442261154,0.0008960000000000079,ISF>DBL>DMM,ISF>DBL>DMM,True
P14,security_baseline,9018,DMM,security,0.3,50,1.0,0.004480000000000003,0.02000000000000001,0.1269120641305433,0.1260160641305433,0.0008959999999999801,ISF>DBL>DMM,ISF>DBL>DMM,True
P14,security_baseline,9018,ISF,security,0.3,50,1.0,0.004480000000000003,0.02000000000000001,0.15725061173126328,0.1563546117312633,0.0008959999999999801,ISF>DBL>DMM,ISF>DBL>DMM,True
P14,security_baseline,9019,DBL,security,0.3,50,1.0,0.0059600000000000035,0.02400000000000002,0.14153169309505106,0.14033969309505104,0.0011920000000000264,ISF>DBL>DMM,ISF>DBL>DMM,True
P14,security_baseline,9019,DMM,security,0.3,50,1.0,0.0059600000000000035,0.02400000000000002,0.1217117938815625,0.12051979388156249,0.0011920000000000125,ISF>DBL>DMM,ISF>DBL>DMM,True
P14,security_baseline,9019,ISF,security,0.3,50,1.0,0.0059600000000000035,0.02400000000000002,0.1528305479479244,0.1516385479479244,0.0011919999999999986,ISF>DBL>DMM,ISF>DBL>DMM,True
P14,security_baseline,9020,DBL,security,0.3,50,1.0,0.005400000000000004,0.02400000000000002,0.14624643332679077,0.1451664333267908,0.0010799999999999699,ISF>DBL>DMM,ISF>DBL>DMM,True
P14,security_baseline,9020,DMM,security,0.3,50,1.0,0.005400000000000004,0.02400000000000002,0.12563762210073656,0.12455762210073658,0.0010799999999999838,ISF>DBL>DMM,ISF>DBL>DMM,True
P14,security_baseline,9020,ISF,security,0.3,50,1.0,0.005400000000000004,0.02400000000000002,0.15625174504290723,0.15517174504290723,0.0010799999999999976,ISF>DBL>DMM,ISF>DBL>DMM,True
P14,security_baseline,9021,DBL,security,0.3,50,1.0,0.005400000000000003,0.022000000000000016,0.14399020757026026,0.14291020757026027,0.0010799999999999976,ISF>DBL>DMM,ISF>DBL>DMM,True
P14,security_baseline,9021,DMM,security,0.3,50,1.0,0.005400000000000003,0.022000000000000016,0.12389974664552923,0.12281974664552923,0.0010799999999999976,ISF>DBL>DMM,ISF>DBL>DMM,True
P14,security_baseline,9021,ISF,security,0.3,50,1.0,0.005400000000000003,0.022000000000000016,0.15473407714666357,0.15365407714666357,0.0010799999999999976,ISF>DBL>DMM,ISF>DBL>DMM,True
P14,security_baseline,9022,DBL,security,0.3,50,1.0,0.005800000000000003,0.03800000000000003,0.14921539934559397,0.14805539934559397,0.0011599999999999944,ISF>DBL>DMM,ISF>DBL>DMM,True
P14,security_baseline,9022,DMM,security,0.3,50,1.0,0.005800000000000003,0.03800000000000003,0.128476491594322,0.12731649159432204,0.0011599999999999666,ISF>DBL>DMM,ISF>DBL>DMM,True
P14,security_baseline,9022,ISF,security,0.3,50,1.0,0.005800000000000003,0.03800000000000003,0.15870535913570852,0.15754535913570852,0.0011599999999999944,ISF>DBL>DMM,ISF>DBL>DMM,True
P14,security_baseline,9023,DBL,security,0.3,50,1.0,0.004960000000000003,0.022000000000000013,0.14139122041308716,0.14039922041308717,0.0009919999999999929,ISF>DBL>DMM,ISF>DBL>DMM,True
P14,security_baseline,9023,DMM,security,0.3,50,1.0,0.004960000000000003,0.022000000000000013,0.12166884178832983,0.12067684178832984,0.0009919999999999929,ISF>DBL>DMM,ISF>DBL>DMM,True
P14,security_baseline,9023,ISF,security,0.3,50,1.0,0.004960000000000003,0.022000000000000013,0.1527310472376337,0.1517390472376337,0.0009919999999999929,ISF>DBL>DMM,ISF>DBL>DMM,True
P14,security_baseline,9024,DBL,security,0.3,50,1.0,0.006800000000000004,0.028000000000000018,0.146572935328111,0.14521293532811103,0.0013599999999999723,ISF>DBL>DMM,ISF>DBL>DMM,True
P14,security_baseline,9024,DMM,security,0.3,50,1.0,0.006800000000000004,0.028000000000000018,0.12653749296511244,0.1251774929651124,0.0013600000000000279,ISF>DBL>DMM,ISF>DBL>DMM,True
P14,security_baseline,9024,ISF,security,0.3,50,1.0,0.006800000000000004,0.028000000000000018,0.1569890489861757,0.15562904898617566,0.0013600000000000279,ISF>DBL>DMM,ISF>DBL>DMM,True
P14,security_baseline,9025,DBL,security,0.3,50,1.0,0.004880000000000003,0.020000000000000014,0.14372612747586802,0.142750127475868,0.0009760000000000324,ISF>DBL>DMM,ISF>DBL>DMM,True
P14,security_baseline,9025,DMM,security,0.3,50,1.0,0.004880000000000003,0.020000000000000014,0.12388986812887398,0.12291386812887399,0.0009759999999999908,ISF>DBL>DMM,ISF>DBL>DMM,True
P14,security_baseline,9025,ISF,security,0.3,50,1.0,0.004880000000000003,0.020000000000000014,0.15464120665299944,0.15366520665299943,0.0009760000000000046,ISF>DBL>DMM,ISF>DBL>DMM,True
P14,security_baseline,9026,DBL,security,0.3,50,1.0,0.006360000000000004,0.03800000000000003,0.1448884738881751,0.1436164738881751,0.0012719999999999954,ISF>DBL>DMM,ISF>DBL>DMM,True
P14,security_baseline,9026,DMM,security,0.3,50,1.0,0.006360000000000004,0.03800000000000003,0.12471008087006327,0.12343808087006326,0.0012720000000000092,ISF>DBL>DMM,ISF>DBL>DMM,True
P14,security_baseline,9026,ISF,security,0.3,50,1.0,0.006360000000000004,0.03800000000000003,0.1554445422562379,0.1541725422562379,0.0012720000000000231,ISF>DBL>DMM,ISF>DBL>DMM,True
P14,security_baseline,9027,DBL,security,0.3,50,1.0,0.005720000000000003,0.01800000000000001,0.14475354048005304,0.14360954048005306,0.0011439999999999784,ISF>DBL>DMM,ISF>DBL>DMM,True
P14,security_baseline,9027,DMM,security,0.3,50,1.0,0.005720000000000003,0.01800000000000001,0.12460692738433124,0.12346292738433125,0.0011439999999999922,ISF>DBL>DMM,ISF>DBL>DMM,True
P14,security_baseline,9027,ISF,security,0.3,50,1.0,0.005720000000000003,0.01800000000000001,0.15532680121607834,0.15418280121607833,0.0011440000000000061,ISF>DBL>DMM,ISF>DBL>DMM,True
P14,security_baseline,9028,DBL,security,0.3,50,1.0,0.006440000000000006,0.022000000000000013,0.14338763416362116,0.14209963416362117,0.0012879999999999836,ISF>DBL>DMM,ISF>DBL>DMM,True
P14,security_baseline,9028,DMM,security,0.3,50,1.0,0.006440000000000006,0.022000000000000013,0.12363357873823398,0.12234557873823398,0.0012879999999999975,ISF>DBL>DMM,ISF>DBL>DMM,True
P14,security_baseline,9028,ISF,security,0.3,50,1.0,0.006440000000000006,0.022000000000000013,0.15447416228647665,0.15318616228647663,0.0012880000000000114,ISF>DBL>DMM,ISF>DBL>DMM,True
P14,security_baseline,9029,DBL,security,0.3,50,1.0,0.00683121182534859,0.03756059126742929,0.14180258551412891,0.14043634314905923,0.0013662423650696864,ISF>DBL>DMM,ISF>DBL>DMM,True
P14,security_baseline,9029,DMM,security,0.3,50,1.0,0.00683121182534859,0.03756059126742929,0.122152395079535,0.12078615271446529,0.0013662423650697142,ISF>DBL>DMM,ISF>DBL>DMM,True
P14,security_baseline,9029,ISF,security,0.3,50,1.0,0.00683121182534859,0.03756059126742929,0.15318123494404126,0.15181499257897157,0.0013662423650696864,ISF>DBL>DMM,ISF>DBL>DMM,True
P14,security_plus_50,9000,DBL,security,0.45,50,1.0,0.005120000000000002,0.020000000000000018,0.14234534782289499,0.141321347822895,0.0010239999999999971,ISF>DBL>DMM,ISF>DBL>DMM,True
P14,security_plus_50,9000,DMM,security,0.45,50,1.0,0.005120000000000002,0.020000000000000018,0.12226369998563208,0.12123969998563205,0.0010240000000000249,ISF>DBL>DMM,ISF>DBL>DMM,True
P14,security_plus_50,9000,ISF,security,0.45,50,1.0,0.005120000000000002,0.020000000000000018,0.15330528005480476,0.15228128005480474,0.0010240000000000249,ISF>DBL>DMM,ISF>DBL>DMM,True
P14,security_plus_50,9001,DBL,security,0.45,50,1.0,0.004800000000000003,0.022000000000000013,0.1453147787158181,0.14435477871581812,0.0009599999999999886,ISF>DBL>DMM,ISF>DBL>DMM,True
P14,security_plus_50,9001,DMM,security,0.45,50,1.0,0.004800000000000003,0.022000000000000013,0.12494136660060948,0.12398136660060947,0.0009600000000000025,ISF>DBL>DMM,ISF>DBL>DMM,True
P14,security_plus_50,9001,ISF,security,0.45,50,1.0,0.004800000000000003,0.022000000000000013,0.1556327535290876,0.1546727535290876,0.0009599999999999886,ISF>DBL>DMM,ISF>DBL>DMM,True
P14,security_plus_50,9002,DBL,security,0.45,50,1.0,0.005680000000000003,0.020000000000000014,0.14431721187496943,0.14318121187496943,0.0011359999999999981,ISF>DBL>DMM,ISF>DBL>DMM,True
P14,security_plus_50,9002,DMM,security,0.45,50,1.0,0.005680000000000003,0.020000000000000014,0.12417973416622269,0.12304373416622269,0.0011359999999999981,ISF>DBL>DMM,ISF>DBL>DMM,True
P14,security_plus_50,9002,ISF,security,0.45,50,1.0,0.005680000000000003,0.020000000000000014,0.15497927599919642,0.15384327599919642,0.0011359999999999981,ISF>DBL>DMM,ISF>DBL>DMM,True
P14,security_plus_50,9003,DBL,security,0.45,50,1.0,0.008250000000000004,0.11250000000000002,0.15320568965725426,0.15155568965725427,0.0016499999999999848,ISF>DBL>DMM,ISF>DBL>DMM,True
P14,security_plus_50,9003,DMM,security,0.45,50,1.0,0.008250000000000004,0.11250000000000002,0.1324652451867341,0.13081524518673412,0.0016499999999999848,ISF>DBL>DMM,ISF>DBL>DMM,True
P14,security_plus_50,9003,ISF,security,0.45,50,1.0,0.008250000000000004,0.11250000000000002,0.1621968216202695,0.1605468216202695,0.0016499999999999848,ISF>DBL>DMM,ISF>DBL>DMM,True
P14,security_plus_50,9004,DBL,security,0.45,50,1.0,0.005160000000000002,0.02000000000000001,0.1423518286012461,0.14131982860124612,0.0010319999999999774,ISF>DBL>DMM,ISF>DBL>DMM,True
P14,security_plus_50,9004,DMM,security,0.45,50,1.0,0.005160000000000002,0.02000000000000001,0.12242524187277783,0.12139324187277781,0.001032000000000019,ISF>DBL>DMM,ISF>DBL>DMM,True
P14,security_plus_50,9004,ISF,security,0.45,50,1.0,0.005160000000000002,0.02000000000000001,0.15340904186555918,0.15237704186555917,0.0010320000000000051,ISF>DBL>DMM,ISF>DBL>DMM,True
P14,security_plus_50,9005,DBL,security,0.45,50,1.0,0.007139694785454195,0.05400000000000006,0.14388253434215809,0.14245459538506725,0.0014279389570908407,ISF>DBL>DMM,ISF>DBL>DMM,True
P14,security_plus_50,9005,DMM,security,0.45,50,1.0,0.007139694785454195,0.05400000000000006,0.12402765190657422,0.12259971294948337,0.0014279389570908546,ISF>DBL>DMM,ISF>DBL>DMM,True
P14,security_plus_50,9005,ISF,security,0.45,50,1.0,0.007139694785454195,0.05400000000000006,0.15484226157954223,0.1534143226224514,0.0014279389570908407,ISF>DBL>DMM,ISF>DBL>DMM,True
P14,security_plus_50,9006,DBL,security,0.45,50,1.0,0.004680000000000003,0.022000000000000013,0.14832251326351667,0.14738651326351668,0.0009359999999999924,ISF>DBL>DMM,ISF>DBL>DMM,True
P14,security_plus_50,9006,DMM,security,0.45,50,1.0,0.004680000000000003,0.022000000000000013,0.12779093609241615,0.12685493609241616,0.0009359999999999924,ISF>DBL>DMM,ISF>DBL>DMM,True
P14,security_plus_50,9006,ISF,security,0.45,50,1.0,0.004680000000000003,0.022000000000000013,0.1580778145890152,0.15714181458901522,0.0009359999999999924,ISF>DBL>DMM,ISF>DBL>DMM,True
P14,security_plus_50,9007,DBL,security,0.45,50,1.0,0.005640000000000003,0.022000000000000013,0.14513374264002427,0.14400574264002425,0.0011280000000000179,ISF>DBL>DMM,ISF>DBL>DMM,True
P14,security_plus_50,9007,DMM,security,0.45,50,1.0,0.005640000000000003,0.022000000000000013,0.12474408274126102,0.12361608274126101,0.001128000000000004,ISF>DBL>DMM,ISF>DBL>DMM,True
P14,security_plus_50,9007,ISF,security,0.45,50,1.0,0.005640000000000003,0.022000000000000013,0.15548297785313175,0.15435497785313174,0.0011280000000000179,ISF>DBL>DMM,ISF>DBL>DMM,True
P14,security_plus_50,9008,DBL,security,0.45,50,1.0,0.006027053851002383,0.03907957696383156,0.14250437516961045,0.14129896439941,0.001205410770200449,ISF>DBL>DMM,ISF>DBL>DMM,True
P14,security_plus_50,9008,DMM,security,0.45,50,1.0,0.006027053851002383,0.03907957696383156,0.12278590753059218,0.12158049676039172,0.001205410770200463,ISF>DBL>DMM,ISF>DBL>DMM,True
P14,security_plus_50,9008,ISF,security,0.45,50,1.0,0.006027053851002383,0.03907957696383156,0.15371435613824116,0.15250894536804066,0.0012054107702005046,ISF>DBL>DMM,ISF>DBL>DMM,True
P14,security_plus_50,9009,DBL,security,0.45,50,1.0,0.00527648301820125,0.03400000000000003,0.1461022251236326,0.14504692851999235,0.00105529660364026,ISF>DBL>DMM,ISF>DBL>DMM,True
P14,security_plus_50,9009,DMM,security,0.45,50,1.0,0.00527648301820125,0.03400000000000003,0.12609583969722324,0.12504054309358298,0.00105529660364026,ISF>DBL>DMM,ISF>DBL>DMM,True
P14,security_plus_50,9009,ISF,security,0.45,50,1.0,0.00527648301820125,0.03400000000000003,0.15656034035138874,0.15550504374774848,0.00105529660364026,ISF>DBL>DMM,ISF>DBL>DMM,True
P14,security_plus_50,9010,DBL,security,0.45,50,1.0,0.006720000000000004,0.03400000000000003,0.14417095279919923,0.14282695279919924,0.001343999999999984,ISF>DBL>DMM,ISF>DBL>DMM,True
P14,security_plus_50,9010,DMM,security,0.45,50,1.0,0.006720000000000004,0.03400000000000003,0.1239657908110795,0.1226217908110795,0.001343999999999998,ISF>DBL>DMM,ISF>DBL>DMM,True
P14,security_plus_50,9010,ISF,security,0.45,50,1.0,0.006720000000000004,0.03400000000000003,0.1548183480656701,0.15347434806567015,0.0013439999999999563,ISF>DBL>DMM,ISF>DBL>DMM,True
P14,security_plus_50,9011,DBL,security,0.45,49,0.98,0.005398482601574498,0.03600000000000003,0.1426198192306263,0.14156171664071768,0.0010581025899086272,ISF>DBL>DMM,ISF>DBL>DMM,True
P14,security_plus_50,9011,DMM,security,0.45,49,0.98,0.005398482601574498,0.03600000000000003,0.12257331534037641,0.12151521275046781,0.0010581025899085994,ISF>DBL>DMM,ISF>DBL>DMM,True
P14,security_plus_50,9011,ISF,security,0.45,49,0.98,0.005398482601574498,0.03600000000000003,0.1535787910005478,0.1525206884106392,0.0010581025899085994,ISF>DBL>DMM,ISF>DBL>DMM,True
P14,security_plus_50,9012,DBL,security,0.45,50,1.0,0.006080000000000005,0.02800000000000003,0.1449131361044312,0.1436971361044312,0.0012160000000000226,ISF>DBL>DMM,ISF>DBL>DMM,True
P14,security_plus_50,9012,DMM,security,0.45,50,1.0,0.006080000000000005,0.02800000000000003,0.1246128345543485,0.1233968345543485,0.0012160000000000087,ISF>DBL>DMM,ISF>DBL>DMM,True
P14,security_plus_50,9012,ISF,security,0.45,50,1.0,0.006080000000000005,0.02800000000000003,0.1553449773802125,0.15412897738021247,0.0012160000000000226,ISF>DBL>DMM,ISF>DBL>DMM,True
P14,security_plus_50,9013,DBL,security,0.45,50,1.0,0.006560000000000005,0.04000000000000004,0.14959152211974874,0.14827952211974874,0.0013120000000000076,ISF>DBL>DMM,ISF>DBL>DMM,True
P14,security_plus_50,9013,DMM,security,0.45,50,1.0,0.006560000000000005,0.04000000000000004,0.12922560994858426,0.12791360994858425,0.0013120000000000076,ISF>DBL>DMM,ISF>DBL>DMM,True
P14,security_plus_50,9013,ISF,security,0.45,50,1.0,0.006560000000000005,0.04000000000000004,0.15928693137361766,0.15797493137361765,0.0013120000000000076,ISF>DBL>DMM,ISF>DBL>DMM,True
P14,security_plus_50,9014,DBL,security,0.45,50,1.0,0.006200000000000006,0.06800000000000006,0.14391688995451582,0.1426768899545158,0.0012400000000000189,ISF>DBL>DMM,ISF>DBL>DMM,True
P14,security_plus_50,9014,DMM,security,0.45,50,1.0,0.006200000000000006,0.06800000000000006,0.12377486398950945,0.12253486398950945,0.0012399999999999911,ISF>DBL>DMM,ISF>DBL>DMM,True
P14,security_plus_50,9014,ISF,security,0.45,50,1.0,0.006200000000000006,0.06800000000000006,0.15461633035112857,0.15337633035112855,0.0012400000000000189,ISF>DBL>DMM,ISF>DBL>DMM,True
P14,security_plus_50,9015,DBL,security,0.45,50,1.0,0.005800000000000004,0.03400000000000003,0.14542876561783338,0.1442687656178334,0.0011599999999999944,ISF>DBL>DMM,ISF>DBL>DMM,True
P14,security_plus_50,9015,DMM,security,0.45,50,1.0,0.005800000000000004,0.03400000000000003,0.12528740164969038,0.12412740164969038,0.0011599999999999944,ISF>DBL>DMM,ISF>DBL>DMM,True
P14,security_plus_50,9015,ISF,security,0.45,50,1.0,0.005800000000000004,0.03400000000000003,0.15590121401179596,0.15474121401179597,0.0011599999999999944,ISF>DBL>DMM,ISF>DBL>DMM,True
P14,security_plus_50,9016,DBL,security,0.45,50,1.0,0.006200000000000003,0.024000000000000014,0.14376747648679605,0.14252747648679606,0.0012399999999999911,ISF>DBL>DMM,ISF>DBL>DMM,True
P14,security_plus_50,9016,DMM,security,0.45,50,1.0,0.006200000000000003,0.024000000000000014,0.12358336296302765,0.12234336296302767,0.0012399999999999772,ISF>DBL>DMM,ISF>DBL>DMM,True
P14,security_plus_50,9016,ISF,security,0.45,50,1.0,0.006200000000000003,0.024000000000000014,0.15445302743498507,0.15321302743498508,0.0012399999999999911,ISF>DBL>DMM,ISF>DBL>DMM,True
P14,security_plus_50,9017,DBL,security,0.45,50,1.0,0.005760000000000003,0.03400000000000003,0.14448862338921242,0.14333662338921244,0.0011519999999999864,ISF>DBL>DMM,ISF>DBL>DMM,True
P14,security_plus_50,9017,DMM,security,0.45,50,1.0,0.005760000000000003,0.03400000000000003,0.1241512743856916,0.12299927438569162,0.0011519999999999725,ISF>DBL>DMM,ISF>DBL>DMM,True
P14,security_plus_50,9017,ISF,security,0.45,50,1.0,0.005760000000000003,0.03400000000000003,0.15495969840337318,0.15380769840337316,0.0011520000000000141,ISF>DBL>DMM,ISF>DBL>DMM,True
P14,security_plus_50,9018,DBL,security,0.45,50,1.0,0.004480000000000003,0.02000000000000001,0.14684011442261155,0.14594411442261154,0.0008960000000000079,ISF>DBL>DMM,ISF>DBL>DMM,True
P14,security_plus_50,9018,DMM,security,0.45,50,1.0,0.004480000000000003,0.02000000000000001,0.1269120641305433,0.1260160641305433,0.0008959999999999801,ISF>DBL>DMM,ISF>DBL>DMM,True
P14,security_plus_50,9018,ISF,security,0.45,50,1.0,0.004480000000000003,0.02000000000000001,0.15725061173126328,0.1563546117312633,0.0008959999999999801,ISF>DBL>DMM,ISF>DBL>DMM,True
P14,security_plus_50,9019,DBL,security,0.45,50,1.0,0.0059600000000000035,0.02400000000000002,0.14153169309505106,0.14033969309505104,0.0011920000000000264,ISF>DBL>DMM,ISF>DBL>DMM,True
P14,security_plus_50,9019,DMM,security,0.45,50,1.0,0.0059600000000000035,0.02400000000000002,0.1217117938815625,0.12051979388156249,0.0011920000000000125,ISF>DBL>DMM,ISF>DBL>DMM,True
P14,security_plus_50,9019,ISF,security,0.45,50,1.0,0.0059600000000000035,0.02400000000000002,0.1528305479479244,0.1516385479479244,0.0011919999999999986,ISF>DBL>DMM,ISF>DBL>DMM,True
P14,security_plus_50,9020,DBL,security,0.45,50,1.0,0.005400000000000004,0.02400000000000002,0.14624643332679077,0.1451664333267908,0.0010799999999999699,ISF>DBL>DMM,ISF>DBL>DMM,True
P14,security_plus_50,9020,DMM,security,0.45,50,1.0,0.005400000000000004,0.02400000000000002,0.12563762210073656,0.12455762210073658,0.0010799999999999838,ISF>DBL>DMM,ISF>DBL>DMM,True
P14,security_plus_50,9020,ISF,security,0.45,50,1.0,0.005400000000000004,0.02400000000000002,0.15625174504290723,0.15517174504290723,0.0010799999999999976,ISF>DBL>DMM,ISF>DBL>DMM,True
P14,security_plus_50,9021,DBL,security,0.45,50,1.0,0.005400000000000003,0.022000000000000016,0.14399020757026026,0.14291020757026027,0.0010799999999999976,ISF>DBL>DMM,ISF>DBL>DMM,True
P14,security_plus_50,9021,DMM,security,0.45,50,1.0,0.005400000000000003,0.022000000000000016,0.12389974664552923,0.12281974664552923,0.0010799999999999976,ISF>DBL>DMM,ISF>DBL>DMM,True
P14,security_plus_50,9021,ISF,security,0.45,50,1.0,0.005400000000000003,0.022000000000000016,0.15473407714666357,0.15365407714666357,0.0010799999999999976,ISF>DBL>DMM,ISF>DBL>DMM,True
P14,security_plus_50,9022,DBL,security,0.45,50,1.0,0.005800000000000003,0.03800000000000003,0.14921539934559397,0.14805539934559397,0.0011599999999999944,ISF>DBL>DMM,ISF>DBL>DMM,True
P14,security_plus_50,9022,DMM,security,0.45,50,1.0,0.005800000000000003,0.03800000000000003,0.128476491594322,0.12731649159432204,0.0011599999999999666,ISF>DBL>DMM,ISF>DBL>DMM,True
P14,security_plus_50,9022,ISF,security,0.45,50,1.0,0.005800000000000003,0.03800000000000003,0.15870535913570852,0.15754535913570852,0.0011599999999999944,ISF>DBL>DMM,ISF>DBL>DMM,True
P14,security_plus_50,9023,DBL,security,0.45,50,1.0,0.004960000000000003,0.022000000000000013,0.14139122041308716,0.14039922041308717,0.0009919999999999929,ISF>DBL>DMM,ISF>DBL>DMM,True
P14,security_plus_50,9023,DMM,security,0.45,50,1.0,0.004960000000000003,0.022000000000000013,0.12166884178832983,0.12067684178832984,0.0009919999999999929,ISF>DBL>DMM,ISF>DBL>DMM,True
P14,security_plus_50,9023,ISF,security,0.45,50,1.0,0.004960000000000003,0.022000000000000013,0.1527310472376337,0.1517390472376337,0.0009919999999999929,ISF>DBL>DMM,ISF>DBL>DMM,True
P14,security_plus_50,9024,DBL,security,0.45,50,1.0,0.006800000000000004,0.028000000000000018,0.146572935328111,0.14521293532811103,0.0013599999999999723,ISF>DBL>DMM,ISF>DBL>DMM,True
P14,security_plus_50,9024,DMM,security,0.45,50,1.0,0.006800000000000004,0.028000000000000018,0.12653749296511244,0.1251774929651124,0.0013600000000000279,ISF>DBL>DMM,ISF>DBL>DMM,True
P14,security_plus_50,9024,ISF,security,0.45,50,1.0,0.006800000000000004,0.028000000000000018,0.1569890489861757,0.15562904898617566,0.0013600000000000279,ISF>DBL>DMM,ISF>DBL>DMM,True
P14,security_plus_50,9025,DBL,security,0.45,50,1.0,0.004880000000000003,0.020000000000000014,0.14372612747586802,0.142750127475868,0.0009760000000000324,ISF>DBL>DMM,ISF>DBL>DMM,True
P14,security_plus_50,9025,DMM,security,0.45,50,1.0,0.004880000000000003,0.020000000000000014,0.12388986812887398,0.12291386812887399,0.0009759999999999908,ISF>DBL>DMM,ISF>DBL>DMM,True
P14,security_plus_50,9025,ISF,security,0.45,50,1.0,0.004880000000000003,0.020000000000000014,0.15464120665299944,0.15366520665299943,0.0009760000000000046,ISF>DBL>DMM,ISF>DBL>DMM,True
P14,security_plus_50,9026,DBL,security,0.45,50,1.0,0.006360000000000004,0.03800000000000003,0.1448884738881751,0.1436164738881751,0.0012719999999999954,ISF>DBL>DMM,ISF>DBL>DMM,True
P14,security_plus_50,9026,DMM,security,0.45,50,1.0,0.006360000000000004,0.03800000000000003,0.12471008087006327,0.12343808087006326,0.0012720000000000092,ISF>DBL>DMM,ISF>DBL>DMM,True
P14,security_plus_50,9026,ISF,security,0.45,50,1.0,0.006360000000000004,0.03800000000000003,0.1554445422562379,0.1541725422562379,0.0012720000000000231,ISF>DBL>DMM,ISF>DBL>DMM,True
P14,security_plus_50,9027,DBL,security,0.45,50,1.0,0.005720000000000003,0.01800000000000001,0.14475354048005304,0.14360954048005306,0.0011439999999999784,ISF>DBL>DMM,ISF>DBL>DMM,True
P14,security_plus_50,9027,DMM,security,0.45,50,1.0,0.005720000000000003,0.01800000000000001,0.12460692738433124,0.12346292738433125,0.0011439999999999922,ISF>DBL>DMM,ISF>DBL>DMM,True
P14,security_plus_50,9027,ISF,security,0.45,50,1.0,0.005720000000000003,0.01800000000000001,0.15532680121607834,0.15418280121607833,0.0011440000000000061,ISF>DBL>DMM,ISF>DBL>DMM,True
P14,security_plus_50,9028,DBL,security,0.45,50,1.0,0.006440000000000006,0.022000000000000013,0.14338763416362116,0.14209963416362117,0.0012879999999999836,ISF>DBL>DMM,ISF>DBL>DMM,True
P14,security_plus_50,9028,DMM,security,0.45,50,1.0,0.006440000000000006,0.022000000000000013,0.12363357873823398,0.12234557873823398,0.0012879999999999975,ISF>DBL>DMM,ISF>DBL>DMM,True
P14,security_plus_50,9028,ISF,security,0.45,50,1.0,0.006440000000000006,0.022000000000000013,0.15447416228647665,0.15318616228647663,0.0012880000000000114,ISF>DBL>DMM,ISF>DBL>DMM,True
P14,security_plus_50,9029,DBL,security,0.45,50,1.0,0.00683121182534859,0.03756059126742929,0.14180258551412891,0.14043634314905923,0.0013662423650696864,ISF>DBL>DMM,ISF>DBL>DMM,True
P14,security_plus_50,9029,DMM,security,0.45,50,1.0,0.00683121182534859,0.03756059126742929,0.122152395079535,0.12078615271446529,0.0013662423650697142,ISF>DBL>DMM,ISF>DBL>DMM,True
P14,security_plus_50,9029,ISF,security,0.45,50,1.0,0.00683121182534859,0.03756059126742929,0.15318123494404126,0.15181499257897157,0.0013662423650696864,ISF>DBL>DMM,ISF>DBL>DMM,True
P14,data_quality_minus_50,9000,DBL,data_quality,0.05,50,1.0,0.043295882568569116,0.050000000000000044,0.14234534782289499,0.1315213771807527,0.010823970642142272,ISF>DBL>DMM,ISF>DBL>DMM,True
P14,data_quality_minus_50,9000,DMM,data_quality,0.05,50,1.0,0.043295882568569116,0.050000000000000044,0.12226369998563208,0.11273860582054684,0.009525094165085235,ISF>DBL>DMM,ISF>DBL>DMM,True
P14,data_quality_minus_50,9000,ISF,data_quality,0.05,50,1.0,0.043295882568569116,0.050000000000000044,0.15330528005480476,0.14464610354109092,0.00865917651371384,ISF>DBL>DMM,ISF>DBL>DMM,True
P14,data_quality_minus_50,9001,DBL,data_quality,0.05,50,1.0,0.04455,0.050000000000000044,0.1453147787158181,0.1341772787158181,0.011137499999999995,ISF>DBL>DMM,ISF>DBL>DMM,True
P14,data_quality_minus_50,9001,DMM,data_quality,0.05,50,1.0,0.04455,0.050000000000000044,0.12494136660060948,0.11514036660060947,0.009801000000000004,ISF>DBL>DMM,ISF>DBL>DMM,True
P14,data_quality_minus_50,9001,ISF,data_quality,0.05,50,1.0,0.04455,0.050000000000000044,0.1556327535290876,0.1467227535290876,0.008910000000000001,ISF>DBL>DMM,ISF>DBL>DMM,True
P14,data_quality_minus_50,9002,DBL,data_quality,0.05,50,1.0,0.043840000000000004,0.050000000000000044,0.14431721187496943,0.1333572118749694,0.010960000000000025,ISF>DBL>DMM,ISF>DBL>DMM,True
P14,data_quality_minus_50,9002,DMM,data_quality,0.05,50,1.0,0.043840000000000004,0.050000000000000044,0.12417973416622269,0.11453493416622268,0.009644800000000009,ISF>DBL>DMM,ISF>DBL>DMM,True
P14,data_quality_minus_50,9002,ISF,data_quality,0.05,50,1.0,0.043840000000000004,0.050000000000000044,0.15497927599919642,0.1462112759991964,0.008768000000000026,ISF>DBL>DMM,ISF>DBL>DMM,True
P14,data_quality_minus_50,9003,DBL,data_quality,0.05,50,1.0,0.04469999999999999,0.050000000000000044,0.15320568965725426,0.14203068965725424,0.011175000000000018,ISF>DBL>DMM,ISF>DBL>DMM,True
P14,data_quality_minus_50,9003,DMM,data_quality,0.05,50,1.0,0.04469999999999999,0.050000000000000044,0.1324652451867341,0.12263124518673411,0.009833999999999996,ISF>DBL>DMM,ISF>DBL>DMM,True
P14,data_quality_minus_50,9003,ISF,data_quality,0.05,50,1.0,0.04469999999999999,0.050000000000000044,0.1621968216202695,0.1532568216202695,0.008940000000000003,ISF>DBL>DMM,ISF>DBL>DMM,True
P14,data_quality_minus_50,9004,DBL,data_quality,0.05,50,1.0,0.043274999999999994,0.050000000000000044,0.1423518286012461,0.13153307860124608,0.010818750000000016,ISF>DBL>DMM,ISF>DBL>DMM,True
P14,data_quality_minus_50,9004,DMM,data_quality,0.05,50,1.0,0.043274999999999994,0.050000000000000044,0.12242524187277783,0.11290474187277783,0.009520500000000001,ISF>DBL>DMM,ISF>DBL>DMM,True
P14,data_quality_minus_50,9004,ISF,data_quality,0.05,50,1.0,0.043274999999999994,0.050000000000000044,0.15340904186555918,0.14475404186555918,0.008654999999999996,ISF>DBL>DMM,ISF>DBL>DMM,True
P14,data_quality_minus_50,9005,DBL,data_quality,0.05,50,1.0,0.04406345994797212,0.050000000000000044,0.14388253434215809,0.13286666935516503,0.011015864986993057,ISF>DBL>DMM,ISF>DBL>DMM,True
P14,data_quality_minus_50,9005,DMM,data_quality,0.05,50,1.0,0.04406345994797212,0.050000000000000044,0.12402765190657422,0.11433369071802035,0.009693961188553868,ISF>DBL>DMM,ISF>DBL>DMM,True
P14,data_quality_minus_50,9005,ISF,data_quality,0.05,50,1.0,0.04406345994797212,0.050000000000000044,0.15484226157954223,0.14602956958994778,0.008812691989594446,ISF>DBL>DMM,ISF>DBL>DMM,True
P14,data_quality_minus_50,9006,DBL,data_quality,0.05,50,1.0,0.04458041927654151,0.050000000000000044,0.14832251326351667,0.1371774084443813,0.01114510481913536,ISF>DBL>DMM,ISF>DBL>DMM,True
P14,data_quality_minus_50,9006,DMM,data_quality,0.05,50,1.0,0.04458041927654151,0.050000000000000044,0.12779093609241615,0.11798324385157702,0.009807692240839133,ISF>DBL>DMM,ISF>DBL>DMM,True
P14,data_quality_minus_50,9006,ISF,data_quality,0.05,50,1.0,0.04458041927654151,0.050000000000000044,0.1580778145890152,0.1491617307337069,0.008916083855308315,ISF>DBL>DMM,ISF>DBL>DMM,True
P14,data_quality_minus_50,9007,DBL,data_quality,0.05,50,1.0,0.04454999999999999,0.050000000000000044,0.14513374264002427,0.13399624264002427,0.011137499999999995,ISF>DBL>DMM,ISF>DBL>DMM,True
P14,data_quality_minus_50,9007,DMM,data_quality,0.05,50,1.0,0.04454999999999999,0.050000000000000044,0.12474408274126102,0.11494308274126103,0.00980099999999999,ISF>DBL>DMM,ISF>DBL>DMM,True
P14,data_quality_minus_50,9007,ISF,data_quality,0.05,50,1.0,0.04454999999999999,0.050000000000000044,0.15548297785313175,0.14657297785313173,0.008910000000000029,ISF>DBL>DMM,ISF>DBL>DMM,True
P14,data_quality_minus_50,9008,DBL,data_quality,0.05,50,1.0,0.043535000000000004,0.050000000000000044,0.14250437516961045,0.13162062516961048,0.01088374999999997,ISF>DBL>DMM,ISF>DBL>DMM,True
P14,data_quality_minus_50,9008,DMM,data_quality,0.05,50,1.0,0.043535000000000004,0.050000000000000044,0.12278590753059218,0.11320820753059219,0.009577699999999995,ISF>DBL>DMM,ISF>DBL>DMM,True
P14,data_quality_minus_50,9008,ISF,data_quality,0.05,50,1.0,0.043535000000000004,0.050000000000000044,0.15371435613824116,0.14500735613824114,0.00870700000000002,ISF>DBL>DMM,ISF>DBL>DMM,True
P14,data_quality_minus_50,9009,DBL,data_quality,0.05,50,1.0,0.04393582083353367,0.050000000000000044,0.1461022251236326,0.1351182699152492,0.010983955208383411,ISF>DBL>DMM,ISF>DBL>DMM,True
P14,data_quality_minus_50,9009,DMM,data_quality,0.05,50,1.0,0.04393582083353367,0.050000000000000044,0.12609583969722324,0.11642995911384581,0.009665880583377431,ISF>DBL>DMM,ISF>DBL>DMM,True
P14,data_quality_minus_50,9009,ISF,data_quality,0.05,50,1.0,0.04393582083353367,0.050000000000000044,0.15656034035138874,0.147773176184682,0.008787164166706746,ISF>DBL>DMM,ISF>DBL>DMM,True
P14,data_quality_minus_50,9010,DBL,data_quality,0.05,50,1.0,0.044662109231548806,0.050000000000000044,0.14417095279919923,0.133005425491312,0.011165527307887224,ISF>DBL>DMM,ISF>DBL>DMM,True
P14,data_quality_minus_50,9010,DMM,data_quality,0.05,50,1.0,0.044662109231548806,0.050000000000000044,0.1239657908110795,0.11414012678013878,0.00982566403094072,ISF>DBL>DMM,ISF>DBL>DMM,True
P14,data_quality_minus_50,9010,ISF,data_quality,0.05,50,1.0,0.044662109231548806,0.050000000000000044,0.1548183480656701,0.14588592621936036,0.00893242184630974,ISF>DBL>DMM,ISF>DBL>DMM,True
P14,data_quality_minus_50,9011,DBL,data_quality,0.05,50,1.0,0.04379094839964439,0.050000000000000044,0.1426198192306263,0.1316720821307152,0.010947737099911092,ISF>DBL>DMM,ISF>DBL>DMM,True
P14,data_quality_minus_50,9011,DMM,data_quality,0.05,50,1.0,0.04379094839964439,0.050000000000000044,0.12257331534037641,0.11293930669245465,0.009634008647921757,ISF>DBL>DMM,ISF>DBL>DMM,True
P14,data_quality_minus_50,9011,ISF,data_quality,0.05,50,1.0,0.04379094839964439,0.050000000000000044,0.1535787910005478,0.14482060132061894,0.008758189679928863,ISF>DBL>DMM,ISF>DBL>DMM,True
P14,data_quality_minus_50,9012,DBL,data_quality,0.05,50,1.0,0.04473791921523679,0.050000000000000044,0.1449131361044312,0.133728656300622,0.01118447980380921,ISF>DBL>DMM,ISF>DBL>DMM,True
P14,data_quality_minus_50,9012,DMM,data_quality,0.05,50,1.0,0.04473791921523679,0.050000000000000044,0.1246128345543485,0.11477049232699642,0.009842342227352086,ISF>DBL>DMM,ISF>DBL>DMM,True
P14,data_quality_minus_50,9012,ISF,data_quality,0.05,50,1.0,0.04473791921523679,0.050000000000000044,0.1553449773802125,0.14639739353716513,0.008947583843047363,ISF>DBL>DMM,ISF>DBL>DMM,True
P14,data_quality_minus_50,9013,DBL,data_quality,0.05,50,1.0,0.04514520074892415,0.050000000000000044,0.14959152211974874,0.13830522193251774,0.011286300187231008,ISF>DBL>DMM,ISF>DBL>DMM,True
P14,data_quality_minus_50,9013,DMM,data_quality,0.05,50,1.0,0.04514520074892415,0.050000000000000044,0.12922560994858426,0.11929366578382096,0.009931944164763298,ISF>DBL>DMM,ISF>DBL>DMM,True
P14,data_quality_minus_50,9013,ISF,data_quality,0.05,50,1.0,0.04514520074892415,0.050000000000000044,0.15928693137361766,0.15025789122383282,0.00902904014978484,ISF>DBL>DMM,ISF>DBL>DMM,True
P14,data_quality_minus_50,9014,DBL,data_quality,0.05,50,1.0,0.04336256534718686,0.050000000000000044,0.14391688995451582,0.1330762486177191,0.010840641336796714,ISF>DBL>DMM,ISF>DBL>DMM,True
P14,data_quality_minus_50,9014,DMM,data_quality,0.05,50,1.0,0.04336256534718686,0.050000000000000044,0.12377486398950945,0.11423509961312835,0.009539764376381099,ISF>DBL>DMM,ISF>DBL>DMM,True
P14,data_quality_minus_50,9014,ISF,data_quality,0.05,50,1.0,0.04336256534718686,0.050000000000000044,0.15461633035112857,0.1459438172816912,0.008672513069437365,ISF>DBL>DMM,ISF>DBL>DMM,True
P14,data_quality_minus_50,9015,DBL,data_quality,0.05,50,1.0,0.04412257134743097,0.050000000000000044,0.14542876561783338,0.13439812278097563,0.011030642836857757,ISF>DBL>DMM,ISF>DBL>DMM,True
P14,data_quality_minus_50,9015,DMM,data_quality,0.05,50,1.0,0.04412257134743097,0.050000000000000044,0.12528740164969038,0.11558043595325557,0.00970696569643481,ISF>DBL>DMM,ISF>DBL>DMM,True
P14,data_quality_minus_50,9015,ISF,data_quality,0.05,50,1.0,0.04412257134743097,0.050000000000000044,0.15590121401179596,0.1470766997423098,0.008824514269486161,ISF>DBL>DMM,ISF>DBL>DMM,True
P14,data_quality_minus_50,9016,DBL,data_quality,0.05,50,1.0,0.04398541572626218,0.050000000000000044,0.14376747648679605,0.13277112255523052,0.010996353931565533,ISF>DBL>DMM,ISF>DBL>DMM,True
P14,data_quality_minus_50,9016,DMM,data_quality,0.05,50,1.0,0.04398541572626218,0.050000000000000044,0.12358336296302765,0.11390657150325,0.00967679145977765,ISF>DBL>DMM,ISF>DBL>DMM,True
P14,data_quality_minus_50,9016,ISF,data_quality,0.05,50,1.0,0.04398541572626218,0.050000000000000044,0.15445302743498507,0.14565594428973264,0.008797083145252432,ISF>DBL>DMM,ISF>DBL>DMM,True
P14,data_quality_minus_50,9017,DBL,data_quality,0.05,50,1.0,0.044055,0.050000000000000044,0.14448862338921242,0.13347487338921243,0.011013749999999989,ISF>DBL>DMM,ISF>DBL>DMM,True
P14,data_quality_minus_50,9017,DMM,data_quality,0.05,50,1.0,0.044055,0.050000000000000044,0.1241512743856916,0.11445917438569161,0.009692099999999981,ISF>DBL>DMM,ISF>DBL>DMM,True
P14,data_quality_minus_50,9017,ISF,data_quality,0.05,50,1.0,0.044055,0.050000000000000044,0.15495969840337318,0.1461486984033732,0.008810999999999986,ISF>DBL>DMM,ISF>DBL>DMM,True
P14,data_quality_minus_50,9018,DBL,data_quality,0.05,50,1.0,0.04367133225299342,0.050000000000000044,0.14684011442261155,0.1359222813593632,0.010917833063248339,ISF>DBL>DMM,ISF>DBL>DMM,True
P14,data_quality_minus_50,9018,DMM,data_quality,0.05,50,1.0,0.04367133225299342,0.050000000000000044,0.1269120641305433,0.11730437103488472,0.009607693095658565,ISF>DBL>DMM,ISF>DBL>DMM,True
P14,data_quality_minus_50,9018,ISF,data_quality,0.05,50,1.0,0.04367133225299342,0.050000000000000044,0.15725061173126328,0.14851634528066462,0.00873426645059866,ISF>DBL>DMM,ISF>DBL>DMM,True
P14,data_quality_minus_50,9019,DBL,data_quality,0.05,50,1.0,0.04392123927811584,0.050000000000000044,0.14153169309505106,0.13055138327552207,0.010980309819528994,ISF>DBL>DMM,ISF>DBL>DMM,True
P14,data_quality_minus_50,9019,DMM,data_quality,0.05,50,1.0,0.04392123927811584,0.050000000000000044,0.1217117938815625,0.11204912124037701,0.00966267264118549,ISF>DBL>DMM,ISF>DBL>DMM,True
P14,data_quality_minus_50,9019,ISF,data_quality,0.05,50,1.0,0.04392123927811584,0.050000000000000044,0.1528305479479244,0.1440463000923012,0.008784247855623178,ISF>DBL>DMM,ISF>DBL>DMM,True
P14,data_quality_minus_50,9020,DBL,data_quality,0.05,50,1.0,0.04464056474518294,0.050000000000000044,0.14624643332679077,0.13508629214049508,0.011160141186295686,ISF>DBL>DMM,ISF>DBL>DMM,True
P14,data_quality_minus_50,9020,DMM,data_quality,0.05,50,1.0,0.04464056474518294,0.050000000000000044,0.12563762210073656,0.1158166978567963,0.009820924243940266,ISF>DBL>DMM,ISF>DBL>DMM,True
P14,data_quality_minus_50,9020,ISF,data_quality,0.05,50,1.0,0.04464056474518294,0.050000000000000044,0.15625174504290723,0.14732363209387064,0.008928112949036587,ISF>DBL>DMM,ISF>DBL>DMM,True
P14,data_quality_minus_50,9021,DBL,data_quality,0.05,50,1.0,0.04386395389787058,0.050000000000000044,0.14399020757026026,0.13302421909579262,0.010965988474467642,ISF>DBL>DMM,ISF>DBL>DMM,True
P14,data_quality_minus_50,9021,DMM,data_quality,0.05,50,1.0,0.04386395389787058,0.050000000000000044,0.12389974664552923,0.1142496767879977,0.009650069857531529,ISF>DBL>DMM,ISF>DBL>DMM,True
P14,data_quality_minus_50,9021,ISF,data_quality,0.05,50,1.0,0.04386395389787058,0.050000000000000044,0.15473407714666357,0.14596128636708947,0.008772790779574102,ISF>DBL>DMM,ISF>DBL>DMM,True
P14,data_quality_minus_50,9022,DBL,data_quality,0.05,50,1.0,0.04500288329845693,0.050000000000000044,0.14921539934559397,0.13796467852097974,0.01125072082461423,ISF>DBL>DMM,ISF>DBL>DMM,True
P14,data_quality_minus_50,9022,DMM,data_quality,0.05,50,1.0,0.04500288329845693,0.050000000000000044,0.128476491594322,0.1185758572686615,0.009900634325660504,ISF>DBL>DMM,ISF>DBL>DMM,True
P14,data_quality_minus_50,9022,ISF,data_quality,0.05,50,1.0,0.04500288329845693,0.050000000000000044,0.15870535913570852,0.14970478247601715,0.009000576659691367,ISF>DBL>DMM,ISF>DBL>DMM,True
P14,data_quality_minus_50,9023,DBL,data_quality,0.05,50,1.0,0.043215,0.050000000000000044,0.14139122041308716,0.13058747041308716,0.01080375,ISF>DBL>DMM,ISF>DBL>DMM,True
P14,data_quality_minus_50,9023,DMM,data_quality,0.05,50,1.0,0.043215,0.050000000000000044,0.12166884178832983,0.11216154178832982,0.00950730000000001,ISF>DBL>DMM,ISF>DBL>DMM,True
P14,data_quality_minus_50,9023,ISF,data_quality,0.05,50,1.0,0.043215,0.050000000000000044,0.1527310472376337,0.1440880472376337,0.008643000000000012,ISF>DBL>DMM,ISF>DBL>DMM,True
P14,data_quality_minus_50,9024,DBL,data_quality,0.05,50,1.0,0.04463823835118845,0.050000000000000044,0.146572935328111,0.1354133757403139,0.011159559587797102,ISF>DBL>DMM,ISF>DBL>DMM,True
P14,data_quality_minus_50,9024,DMM,data_quality,0.05,50,1.0,0.04463823835118845,0.050000000000000044,0.12653749296511244,0.11671708052785094,0.009820412437261491,ISF>DBL>DMM,ISF>DBL>DMM,True
P14,data_quality_minus_50,9024,ISF,data_quality,0.05,50,1.0,0.04463823835118845,0.050000000000000044,0.1569890489861757,0.14806140131593798,0.00892764767023771,ISF>DBL>DMM,ISF>DBL>DMM,True
P14,data_quality_minus_50,9025,DBL,data_quality,0.05,50,1.0,0.04429,0.050000000000000044,0.14372612747586802,0.132653627475868,0.011072500000000013,ISF>DBL>DMM,ISF>DBL>DMM,True
P14,data_quality_minus_50,9025,DMM,data_quality,0.05,50,1.0,0.04429,0.050000000000000044,0.12388986812887398,0.114146068128874,0.009743799999999983,ISF>DBL>DMM,ISF>DBL>DMM,True
P14,data_quality_minus_50,9025,ISF,data_quality,0.05,50,1.0,0.04429,0.050000000000000044,0.15464120665299944,0.14578320665299943,0.008858000000000005,ISF>DBL>DMM,ISF>DBL>DMM,True
P14,data_quality_minus_50,9026,DBL,data_quality,0.05,50,1.0,0.04401,0.050000000000000044,0.1448884738881751,0.13388597388817508,0.011002500000000026,ISF>DBL>DMM,ISF>DBL>DMM,True
P14,data_quality_minus_50,9026,DMM,data_quality,0.05,50,1.0,0.04401,0.050000000000000044,0.12471008087006327,0.11502788087006328,0.009682199999999988,ISF>DBL>DMM,ISF>DBL>DMM,True
P14,data_quality_minus_50,9026,ISF,data_quality,0.05,50,1.0,0.04401,0.050000000000000044,0.1554445422562379,0.1466425422562379,0.008802000000000004,ISF>DBL>DMM,ISF>DBL>DMM,True
P14,data_quality_minus_50,9027,DBL,data_quality,0.05,50,1.0,0.044044907067707334,0.050000000000000044,0.14475354048005304,0.1337423137131262,0.01101122676692684,ISF>DBL>DMM,ISF>DBL>DMM,True
P14,data_quality_minus_50,9027,DMM,data_quality,0.05,50,1.0,0.044044907067707334,0.050000000000000044,0.12460692738433124,0.11491704782943561,0.009689879554895628,ISF>DBL>DMM,ISF>DBL>DMM,True
P14,data_quality_minus_50,9027,ISF,data_quality,0.05,50,1.0,0.044044907067707334,0.050000000000000044,0.15532680121607834,0.14651781980253686,0.008808981413541472,ISF>DBL>DMM,ISF>DBL>DMM,True
P14,data_quality_minus_50,9028,DBL,data_quality,0.05,50,1.0,0.0438228158428756,0.050000000000000044,0.14338763416362116,0.13243193020290225,0.010955703960718904,ISF>DBL>DMM,ISF>DBL>DMM,True
P14,data_quality_minus_50,9028,DMM,data_quality,0.05,50,1.0,0.0438228158428756,0.050000000000000044,0.12363357873823398,0.11399255925280136,0.009641019485432625,ISF>DBL>DMM,ISF>DBL>DMM,True
P14,data_quality_minus_50,9028,ISF,data_quality,0.05,50,1.0,0.0438228158428756,0.050000000000000044,0.15447416228647665,0.14570959911790152,0.008764563168575129,ISF>DBL>DMM,ISF>DBL>DMM,True
P14,data_quality_minus_50,9029,DBL,data_quality,0.05,50,1.0,0.04270385926482551,0.050000000000000044,0.14180258551412891,0.13112662069792258,0.010675964816206335,ISF>DBL>DMM,ISF>DBL>DMM,True
P14,data_quality_minus_50,9029,DMM,data_quality,0.05,50,1.0,0.04270385926482551,0.050000000000000044,0.122152395079535,0.11275754604127337,0.009394849038261627,ISF>DBL>DMM,ISF>DBL>DMM,True
P14,data_quality_minus_50,9029,ISF,data_quality,0.05,50,1.0,0.04270385926482551,0.050000000000000044,0.15318123494404126,0.1446404630910762,0.008540771852965062,ISF>DBL>DMM,ISF>DBL>DMM,True
P14,data_quality_baseline,9000,DBL,data_quality,0.1,50,1.0,0.08482588256856909,0.10000000000000003,0.14234534782289499,0.12113887718075271,0.021206470642142275,ISF>DBL>DMM,ISF>DBL>DMM,True
P14,data_quality_baseline,9000,DMM,data_quality,0.1,50,1.0,0.08482588256856909,0.10000000000000003,0.12226369998563208,0.10360200582054685,0.01866169416508523,ISF>DBL>DMM,ISF>DBL>DMM,True
P14,data_quality_baseline,9000,ISF,data_quality,0.1,50,1.0,0.08482588256856909,0.10000000000000003,0.15330528005480476,0.13634010354109094,0.01696517651371382,ISF>DBL>DMM,ISF>DBL>DMM,True
P14,data_quality_baseline,9001,DBL,data_quality,0.1,50,1.0,0.08740947944407215,0.10000000000000009,0.1453147787158181,0.12346240885480009,0.021852369861018017,ISF>DBL>DMM,ISF>DBL>DMM,True
P14,data_quality_baseline,9001,DMM,data_quality,0.1,50,1.0,0.08740947944407215,0.10000000000000009,0.12494136660060948,0.10571128112291356,0.01923008547769592,ISF>DBL>DMM,ISF>DBL>DMM,True
P14,data_quality_baseline,9001,ISF,data_quality,0.1,50,1.0,0.08740947944407215,0.10000000000000009,0.1556327535290876,0.13815085764027318,0.017481895888814408,ISF>DBL>DMM,ISF>DBL>DMM,True
P14,data_quality_baseline,9002,DBL,data_quality,0.1,50,1.0,0.08595330493466807,0.10000000000000003,0.14431721187496943,0.12282888564130237,0.02148832623366706,ISF>DBL>DMM,ISF>DBL>DMM,True
P14,data_quality_baseline,9002,DMM,data_quality,0.1,50,1.0,0.08595330493466807,0.10000000000000003,0.12417973416622269,0.1052700070805957,0.018909727085626993,ISF>DBL>DMM,ISF>DBL>DMM,True
P14,data_quality_baseline,9002,ISF,data_quality,0.1,50,1.0,0.08595330493466807,0.10000000000000003,0.15497927599919642,0.1377886150122628,0.017190660986933615,ISF>DBL>DMM,ISF>DBL>DMM,True
P14,data_quality_baseline,9003,DBL,data_quality,0.1,50,1.0,0.08809074211476502,0.10000000000000003,0.15320568965725426,0.13118300412856299,0.02202268552869127,ISF>DBL>DMM,ISF>DBL>DMM,True
P14,data_quality_baseline,9003,DMM,data_quality,0.1,50,1.0,0.08809074211476502,0.10000000000000003,0.1324652451867341,0.11308528192148583,0.01937996326524828,ISF>DBL>DMM,ISF>DBL>DMM,True
P14,data_quality_baseline,9003,ISF,data_quality,0.1,50,1.0,0.08809074211476502,0.10000000000000003,0.1621968216202695,0.14457867319731646,0.017618148422953034,ISF>DBL>DMM,ISF>DBL>DMM,True
P14,data_quality_baseline,9004,DBL,data_quality,0.1,50,1.0,0.08473666353137096,0.10000000000000003,0.1423518286012461,0.12116766271840335,0.021184165882842748,ISF>DBL>DMM,ISF>DBL>DMM,True
P14,data_quality_baseline,9004,DMM,data_quality,0.1,50,1.0,0.08473666353137096,0.10000000000000003,0.12242524187277783,0.10378317589587621,0.018642065976901614,ISF>DBL>DMM,ISF>DBL>DMM,True
P14,data_quality_baseline,9004,ISF,data_quality,0.1,50,1.0,0.08473666353137096,0.10000000000000003,0.15340904186555918,0.136461709159285,0.016947332706274187,ISF>DBL>DMM,ISF>DBL>DMM,True
P14,data_quality_baseline,9005,DBL,data_quality,0.1,50,1.0,0.08579872659571411,0.10000000000000003,0.14388253434215809,0.12243285269322955,0.021449681648928534,ISF>DBL>DMM,ISF>DBL>DMM,True
P14,data_quality_baseline,9005,DMM,data_quality,0.1,50,1.0,0.08579872659571411,0.10000000000000003,0.12402765190657422,0.10515193205551712,0.0188757198510571,ISF>DBL>DMM,ISF>DBL>DMM,True
P14,data_quality_baseline,9005,ISF,data_quality,0.1,50,1.0,0.08579872659571411,0.10000000000000003,0.15484226157954223,0.1376825162603994,0.017159745319142827,ISF>DBL>DMM,ISF>DBL>DMM,True
P14,data_quality_baseline,9006,DBL,data_quality,0.1,50,1.0,0.08793237253412567,0.10000000000000003,0.14832251326351667,0.12633942012998525,0.021983093133531417,ISF>DBL>DMM,ISF>DBL>DMM,True
P14,data_quality_baseline,9006,DMM,data_quality,0.1,50,1.0,0.08793237253412567,0.10000000000000003,0.12779093609241615,0.10844581413490852,0.019345121957507636,ISF>DBL>DMM,ISF>DBL>DMM,True
P14,data_quality_baseline,9006,ISF,data_quality,0.1,50,1.0,0.08793237253412567,0.10000000000000003,0.1580778145890152,0.14049134008219005,0.017586474506825156,ISF>DBL>DMM,ISF>DBL>DMM,True
P14,data_quality_baseline,9007,DBL,data_quality,0.1,50,1.0,0.0871016464531315,0.10000000000000003,0.14513374264002427,0.12335833102674139,0.021775411613282877,ISF>DBL>DMM,ISF>DBL>DMM,True
P14,data_quality_baseline,9007,DMM,data_quality,0.1,50,1.0,0.0871016464531315,0.10000000000000003,0.12474408274126102,0.10558172052157211,0.019162362219688908,ISF>DBL>DMM,ISF>DBL>DMM,True
P14,data_quality_baseline,9007,ISF,data_quality,0.1,50,1.0,0.0871016464531315,0.10000000000000003,0.15548297785313175,0.13806264856250544,0.017420329290626313,ISF>DBL>DMM,ISF>DBL>DMM,True
P14,data_quality_baseline,9008,DBL,data_quality,0.1,50,1.0,0.0850234746062255,0.10000000000000009,0.14250437516961045,0.12124850651805408,0.021255868651556376,ISF>DBL>DMM,ISF>DBL>DMM,True
P14,data_quality_baseline,9008,DMM,data_quality,0.1,50,1.0,0.0850234746062255,0.10000000000000009,0.12278590753059218,0.10408074311722255,0.018705164413369627,ISF>DBL>DMM,ISF>DBL>DMM,True
P14,data_quality_baseline,9008,ISF,data_quality,0.1,50,1.0,0.0850234746062255,0.10000000000000009,0.15371435613824116,0.13670966121699604,0.017004694921245123,ISF>DBL>DMM,ISF>DBL>DMM,True
P14,data_quality_baseline,9009,DBL,data_quality,0.1,50,1.0,0.08665443053897491,0.10000000000000003,0.1461022251236326,0.12443861748888888,0.02166360763474373,ISF>DBL>DMM,ISF>DBL>DMM,True
P14,data_quality_baseline,9009,DMM,data_quality,0.1,50,1.0,0.08665443053897491,0.10000000000000003,0.12609583969722324,0.10703186497864874,0.019063974718574503,ISF>DBL>DMM,ISF>DBL>DMM,True
P14,data_quality_baseline,9009,ISF,data_quality,0.1,50,1.0,0.08665443053897491,0.10000000000000003,0.15656034035138874,0.13922945424359373,0.017330886107795013,ISF>DBL>DMM,ISF>DBL>DMM,True
P14,data_quality_baseline,9010,DBL,data_quality,0.1,50,1.0,0.08667734269394056,0.10000000000000009,0.14417095279919923,0.12250161712571409,0.02166933567348514,ISF>DBL>DMM,ISF>DBL>DMM,True
P14,data_quality_baseline,9010,DMM,data_quality,0.1,50,1.0,0.08667734269394056,0.10000000000000009,0.1239657908110795,0.10489677541841257,0.019069015392666935,ISF>DBL>DMM,ISF>DBL>DMM,True
P14,data_quality_baseline,9010,ISF,data_quality,0.1,50,1.0,0.08667734269394056,0.10000000000000009,0.1548183480656701,0.13748287952688198,0.017335468538788118,ISF>DBL>DMM,ISF>DBL>DMM,True
P14,data_quality_baseline,9011,DBL,data_quality,0.1,50,1.0,0.08479594839964438,0.10000000000000003,0.1426198192306263,0.12142083213071521,0.021198987099911096,ISF>DBL>DMM,ISF>DBL>DMM,True
P14,data_quality_baseline,9011,DMM,data_quality,0.1,50,1.0,0.08479594839964438,0.10000000000000003,0.12257331534037641,0.10391820669245465,0.01865510864792176,ISF>DBL>DMM,ISF>DBL>DMM,True
P14,data_quality_baseline,9011,ISF,data_quality,0.1,50,1.0,0.08479594839964438,0.10000000000000003,0.1535787910005478,0.13661960132061893,0.016959189679928877,ISF>DBL>DMM,ISF>DBL>DMM,True
P14,data_quality_baseline,9012,DBL,data_quality,0.1,50,1.0,0.08744479278726011,0.10000000000000003,0.1449131361044312,0.12305193790761615,0.021861198196815063,ISF>DBL>DMM,ISF>DBL>DMM,True
P14,data_quality_baseline,9012,DMM,data_quality,0.1,50,1.0,0.08744479278726011,0.10000000000000003,0.1246128345543485,0.10537498014115126,0.01923785441319724,ISF>DBL>DMM,ISF>DBL>DMM,True
P14,data_quality_baseline,9012,ISF,data_quality,0.1,50,1.0,0.08744479278726011,0.10000000000000003,0.1553449773802125,0.13785601882276047,0.017488958557452028,ISF>DBL>DMM,ISF>DBL>DMM,True
P14,data_quality_baseline,9013,DBL,data_quality,0.1,50,1.0,0.08824485177886754,0.10000000000000003,0.14959152211974874,0.12753030917503186,0.022061212944716885,ISF>DBL>DMM,ISF>DBL>DMM,True
P14,data_quality_baseline,9013,DMM,data_quality,0.1,50,1.0,0.08824485177886754,0.10000000000000003,0.12922560994858426,0.10981174255723337,0.019413867391350884,ISF>DBL>DMM,ISF>DBL>DMM,True
P14,data_quality_baseline,9013,ISF,data_quality,0.1,50,1.0,0.08824485177886754,0.10000000000000003,0.15928693137361766,0.14163796101784412,0.017648970355773536,ISF>DBL>DMM,ISF>DBL>DMM,True
P14,data_quality_baseline,9014,DBL,data_quality,0.1,50,1.0,0.08520502361982149,0.10000000000000003,0.14391688995451582,0.12261563404956041,0.021301255904955407,ISF>DBL>DMM,ISF>DBL>DMM,True
P14,data_quality_baseline,9014,DMM,data_quality,0.1,50,1.0,0.08520502361982149,0.10000000000000003,0.12377486398950945,0.10502975879314871,0.01874510519636073,ISF>DBL>DMM,ISF>DBL>DMM,True
P14,data_quality_baseline,9014,ISF,data_quality,0.1,50,1.0,0.08520502361982149,0.10000000000000003,0.15461633035112857,0.13757532562716426,0.017041004723964304,ISF>DBL>DMM,ISF>DBL>DMM,True
P14,data_quality_baseline,9015,DBL,data_quality,0.1,50,1.0,0.08652348157312868,0.10000000000000003,0.14542876561783338,0.1237978952245512,0.02163087039328218,ISF>DBL>DMM,ISF>DBL>DMM,True
P14,data_quality_baseline,9015,DMM,data_quality,0.1,50,1.0,0.08652348157312868,0.10000000000000003,0.12528740164969038,0.10625223570360205,0.019035165946088325,ISF>DBL>DMM,ISF>DBL>DMM,True
P14,data_quality_baseline,9015,ISF,data_quality,0.1,50,1.0,0.08652348157312868,0.10000000000000003,0.15590121401179596,0.13859651769717024,0.017304696314625723,ISF>DBL>DMM,ISF>DBL>DMM,True
P14,data_quality_baseline,9016,DBL,data_quality,0.1,50,1.0,0.08599825788803366,0.10000000000000009,0.14376747648679605,0.12226791201478764,0.021499564472008417,ISF>DBL>DMM,ISF>DBL>DMM,True
P14,data_quality_baseline,9016,DMM,data_quality,0.1,50,1.0,0.08599825788803366,0.10000000000000009,0.12358336296302765,0.10466374622766024,0.018919616735367406,ISF>DBL>DMM,ISF>DBL>DMM,True
P14,data_quality_baseline,9016,ISF,data_quality,0.1,50,1.0,0.08599825788803366,0.10000000000000009,0.15445302743498507,0.13725337585737835,0.017199651577606723,ISF>DBL>DMM,ISF>DBL>DMM,True
P14,data_quality_baseline,9017,DBL,data_quality,0.1,50,1.0,0.08616572807490948,0.10000000000000003,0.14448862338921242,0.12294719137048503,0.021541432018727394,ISF>DBL>DMM,ISF>DBL>DMM,True
P14,data_quality_baseline,9017,DMM,data_quality,0.1,50,1.0,0.08616572807490948,0.10000000000000003,0.1241512743856916,0.10519481420921153,0.01895646017648006,ISF>DBL>DMM,ISF>DBL>DMM,True
P14,data_quality_baseline,9017,ISF,data_quality,0.1,50,1.0,0.08616572807490948,0.10000000000000003,0.15495969840337318,0.1377265527883913,0.017233145614981876,ISF>DBL>DMM,ISF>DBL>DMM,True
P14,data_quality_baseline,9018,DBL,data_quality,0.1,50,1.0,0.08567414329309077,0.10000000000000003,0.14684011442261155,0.12542157859933883,0.021418535823272716,ISF>DBL>DMM,ISF>DBL>DMM,True
P14,data_quality_baseline,9018,DMM,data_quality,0.1,50,1.0,0.08567414329309077,0.10000000000000003,0.1269120641305433,0.10806375260606334,0.018848311524479952,ISF>DBL>DMM,ISF>DBL>DMM,True
P14,data_quality_baseline,9018,ISF,data_quality,0.1,50,1.0,0.08567414329309077,0.10000000000000003,0.15725061173126328,0.14011578307264513,0.01713482865861815,ISF>DBL>DMM,ISF>DBL>DMM,True
P14,data_quality_baseline,9019,DBL,data_quality,0.1,50,1.0,0.08519123927811581,0.10000000000000003,0.14153169309505106,0.12023388327552208,0.021297809819528987,ISF>DBL>DMM,ISF>DBL>DMM,True
P14,data_quality_baseline,9019,DMM,data_quality,0.1,50,1.0,0.08519123927811581,0.10000000000000003,0.1217117938815625,0.10296972124037702,0.018742072641185478,ISF>DBL>DMM,ISF>DBL>DMM,True
P14,data_quality_baseline,9019,ISF,data_quality,0.1,50,1.0,0.08519123927811581,0.10000000000000003,0.1528305479479244,0.13579230009230123,0.017038247855623162,ISF>DBL>DMM,ISF>DBL>DMM,True
P14,data_quality_baseline,9020,DBL,data_quality,0.1,50,1.0,0.08775553151033101,0.10000000000000003,0.14624643332679077,0.12430755044920805,0.02193888287758272,ISF>DBL>DMM,ISF>DBL>DMM,True
P14,data_quality_baseline,9020,DMM,data_quality,0.1,50,1.0,0.08775553151033101,0.10000000000000003,0.12563762210073656,0.10633140516846373,0.01930621693227283,ISF>DBL>DMM,ISF>DBL>DMM,True
P14,data_quality_baseline,9020,ISF,data_quality,0.1,50,1.0,0.08775553151033101,0.10000000000000003,0.15625174504290723,0.13870063874084104,0.01755110630206619,ISF>DBL>DMM,ISF>DBL>DMM,True
P14,data_quality_baseline,9021,DBL,data_quality,0.1,50,1.0,0.0855841744300982,0.10000000000000003,0.14399020757026026,0.1225941639627357,0.021396043607524562,ISF>DBL>DMM,ISF>DBL>DMM,True
P14,data_quality_baseline,9021,DMM,data_quality,0.1,50,1.0,0.0855841744300982,0.10000000000000003,0.12389974664552923,0.10507122827090763,0.0188285183746216,ISF>DBL>DMM,ISF>DBL>DMM,True
P14,data_quality_baseline,9021,ISF,data_quality,0.1,50,1.0,0.0855841744300982,0.10000000000000003,0.15473407714666357,0.1376172422606439,0.017116834886019672,ISF>DBL>DMM,ISF>DBL>DMM,True
P14,data_quality_baseline,9022,DBL,data_quality,0.1,50,1.0,0.08867205992319331,0.10000000000000003,0.14921539934559397,0.12704738436479565,0.022168014980798317,ISF>DBL>DMM,ISF>DBL>DMM,True
P14,data_quality_baseline,9022,DMM,data_quality,0.1,50,1.0,0.08867205992319331,0.10000000000000003,0.128476491594322,0.10896863841121951,0.019507853183102497,ISF>DBL>DMM,ISF>DBL>DMM,True
P14,data_quality_baseline,9022,ISF,data_quality,0.1,50,1.0,0.08867205992319331,0.10000000000000003,0.15870535913570852,0.14097094715106986,0.017734411984638654,ISF>DBL>DMM,ISF>DBL>DMM,True
P14,data_quality_baseline,9023,DBL,data_quality,0.1,50,1.0,0.08436817907781123,0.10000000000000003,0.14139122041308716,0.12029917564363433,0.021092044769452825,ISF>DBL>DMM,ISF>DBL>DMM,True
P14,data_quality_baseline,9023,DMM,data_quality,0.1,50,1.0,0.08436817907781123,0.10000000000000003,0.12166884178832983,0.10310784239121135,0.018560999397118486,ISF>DBL>DMM,ISF>DBL>DMM,True
P14,data_quality_baseline,9023,ISF,data_quality,0.1,50,1.0,0.08436817907781123,0.10000000000000003,0.1527310472376337,0.13585741142207142,0.016873635815562282,ISF>DBL>DMM,ISF>DBL>DMM,True
P14,data_quality_baseline,9024,DBL,data_quality,0.1,50,1.0,0.0868202194176371,0.10000000000000003,0.146572935328111,0.12486788047370173,0.021705054854409267,ISF>DBL>DMM,ISF>DBL>DMM,True
P14,data_quality_baseline,9024,DMM,data_quality,0.1,50,1.0,0.0868202194176371,0.10000000000000003,0.12653749296511244,0.10743704469323223,0.019100448271880205,ISF>DBL>DMM,ISF>DBL>DMM,True
P14,data_quality_baseline,9024,ISF,data_quality,0.1,50,1.0,0.0868202194176371,0.10000000000000003,0.1569890489861757,0.13962500510264825,0.01736404388352744,ISF>DBL>DMM,ISF>DBL>DMM,True
P14,data_quality_baseline,9025,DBL,data_quality,0.1,50,1.0,0.08627428190805285,0.10000000000000003,0.14372612747586802,0.12215755699885479,0.02156857047701323,ISF>DBL>DMM,ISF>DBL>DMM,True
P14,data_quality_baseline,9025,DMM,data_quality,0.1,50,1.0,0.08627428190805285,0.10000000000000003,0.12388986812887398,0.10490952610910238,0.0189803420197716,ISF>DBL>DMM,ISF>DBL>DMM,True
P14,data_quality_baseline,9025,ISF,data_quality,0.1,50,1.0,0.08627428190805285,0.10000000000000003,0.15464120665299944,0.13738635027138887,0.01725485638161056,ISF>DBL>DMM,ISF>DBL>DMM,True
P14,data_quality_baseline,9026,DBL,data_quality,0.1,50,1.0,0.08609757381561006,0.10000000000000003,0.1448884738881751,0.12336408043427256,0.021524393453902543,ISF>DBL>DMM,ISF>DBL>DMM,True
P14,data_quality_baseline,9026,DMM,data_quality,0.1,50,1.0,0.08609757381561006,0.10000000000000003,0.12471008087006327,0.10576861463062906,0.018941466239434213,ISF>DBL>DMM,ISF>DBL>DMM,True
P14,data_quality_baseline,9026,ISF,data_quality,0.1,50,1.0,0.08609757381561006,0.10000000000000003,0.1554445422562379,0.13822502749311588,0.01721951476312203,ISF>DBL>DMM,ISF>DBL>DMM,True
P14,data_quality_baseline,9027,DBL,data_quality,0.1,50,1.0,0.08635293220273697,0.10000000000000003,0.14475354048005304,0.1231653074293688,0.021588233050684233,ISF>DBL>DMM,ISF>DBL>DMM,True
P14,data_quality_baseline,9027,DMM,data_quality,0.1,50,1.0,0.08635293220273697,0.10000000000000003,0.12460692738433124,0.10560928229972913,0.01899764508460211,ISF>DBL>DMM,ISF>DBL>DMM,True
P14,data_quality_baseline,9027,ISF,data_quality,0.1,50,1.0,0.08635293220273697,0.10000000000000003,0.15532680121607834,0.13805621477553093,0.01727058644054741,ISF>DBL>DMM,ISF>DBL>DMM,True
P14,data_quality_baseline,9028,DBL,data_quality,0.1,50,1.0,0.08524406533407176,0.10000000000000003,0.14338763416362116,0.1220766178301032,0.02131101633351795,ISF>DBL>DMM,ISF>DBL>DMM,True
P14,data_quality_baseline,9028,DMM,data_quality,0.1,50,1.0,0.08524406533407176,0.10000000000000003,0.12363357873823398,0.10487988436473819,0.01875369437349579,ISF>DBL>DMM,ISF>DBL>DMM,True
P14,data_quality_baseline,9028,ISF,data_quality,0.1,50,1.0,0.08524406533407176,0.10000000000000003,0.15447416228647665,0.1374253492196623,0.017048813066814356,ISF>DBL>DMM,ISF>DBL>DMM,True
P14,data_quality_baseline,9029,DBL,data_quality,0.1,50,1.0,0.0832279436847405,0.10000000000000003,0.14180258551412891,0.12099559959294381,0.0208069859211851,ISF>DBL>DMM,ISF>DBL>DMM,True
P14,data_quality_baseline,9029,DMM,data_quality,0.1,50,1.0,0.0832279436847405,0.10000000000000003,0.122152395079535,0.10384224746889208,0.018310147610642924,ISF>DBL>DMM,ISF>DBL>DMM,True
P14,data_quality_baseline,9029,ISF,data_quality,0.1,50,1.0,0.0832279436847405,0.10000000000000003,0.15318123494404126,0.1365356462070932,0.016645588736948075,ISF>DBL>DMM,ISF>DBL>DMM,True
P14,data_quality_plus_50,9000,DBL,data_quality,0.15,50,1.0,0.12587774745338332,0.15000000000000002,0.14234534782289499,0.11087591095954914,0.03146943686334584,ISF>DBL>DMM,ISF>DBL>DMM,True
P14,data_quality_plus_50,9000,DMM,data_quality,0.15,50,1.0,0.12587774745338332,0.15000000000000002,0.12226369998563208,0.09457059554588775,0.027693104439744334,ISF>DBL>DMM,ISF>DBL>DMM,True
P14,data_quality_plus_50,9000,ISF,data_quality,0.15,50,1.0,0.12587774745338332,0.15000000000000002,0.15330528005480476,0.1281297305641281,0.025175549490676657,ISF>DBL>DMM,ISF>DBL>DMM,True
P14,data_quality_plus_50,9001,DBL,data_quality,0.15,50,1.0,0.12943397042928229,0.15000000000000008,0.1453147787158181,0.11295628610849753,0.03235849260732057,ISF>DBL>DMM,ISF>DBL>DMM,True
P14,data_quality_plus_50,9001,DMM,data_quality,0.15,50,1.0,0.12943397042928229,0.15000000000000008,0.12494136660060948,0.09646589310616738,0.0284754734944421,ISF>DBL>DMM,ISF>DBL>DMM,True
P14,data_quality_plus_50,9001,ISF,data_quality,0.15,50,1.0,0.12943397042928229,0.15000000000000008,0.1556327535290876,0.12974595944323114,0.02588679408585645,ISF>DBL>DMM,ISF>DBL>DMM,True
P14,data_quality_plus_50,9002,DBL,data_quality,0.15,50,1.0,0.12783139069044658,0.15000000000000005,0.14431721187496943,0.11235936420235779,0.031957847672611644,ISF>DBL>DMM,ISF>DBL>DMM,True
P14,data_quality_plus_50,9002,DMM,data_quality,0.15,50,1.0,0.12783139069044658,0.15000000000000005,0.12417973416622269,0.09605682821432442,0.028122905951898272,ISF>DBL>DMM,ISF>DBL>DMM,True
P14,data_quality_plus_50,9002,ISF,data_quality,0.15,50,1.0,0.12783139069044658,0.15000000000000005,0.15497927599919642,0.1294129978611071,0.025566278138089316,ISF>DBL>DMM,ISF>DBL>DMM,True
P14,data_quality_plus_50,9003,DBL,data_quality,0.15,50,1.0,0.13115225981999196,0.15000000000000002,0.15320568965725426,0.12041762470225625,0.032788064954998,ISF>DBL>DMM,ISF>DBL>DMM,True
P14,data_quality_plus_50,9003,DMM,data_quality,0.15,50,1.0,0.13115225981999196,0.15000000000000002,0.1324652451867341,0.1036117480263359,0.028853497160398214,ISF>DBL>DMM,ISF>DBL>DMM,True
P14,data_quality_plus_50,9003,ISF,data_quality,0.15,50,1.0,0.13115225981999196,0.15000000000000002,0.1621968216202695,0.1359663696562711,0.026230451963998397,ISF>DBL>DMM,ISF>DBL>DMM,True
P14,data_quality_plus_50,9004,DBL,data_quality,0.15,50,1.0,0.1257869668943633,0.15000000000000002,0.1423518286012461,0.11090508687765528,0.03144674172359081,ISF>DBL>DMM,ISF>DBL>DMM,True
P14,data_quality_plus_50,9004,DMM,data_quality,0.15,50,1.0,0.1257869668943633,0.15000000000000002,0.12242524187277783,0.0947521091560179,0.027673132716759932,ISF>DBL>DMM,ISF>DBL>DMM,True
P14,data_quality_plus_50,9004,ISF,data_quality,0.15,50,1.0,0.1257869668943633,0.15000000000000002,0.15340904186555918,0.12825164848668652,0.025157393378872656,ISF>DBL>DMM,ISF>DBL>DMM,True
P14,data_quality_plus_50,9005,DBL,data_quality,0.15,50,1.0,0.12708160094541168,0.15000000000000008,0.14388253434215809,0.1121121341058052,0.031770400236352886,ISF>DBL>DMM,ISF>DBL>DMM,True
P14,data_quality_plus_50,9005,DMM,data_quality,0.15,50,1.0,0.12708160094541168,0.15000000000000008,0.12402765190657422,0.09606969969858366,0.027957952207990563,ISF>DBL>DMM,ISF>DBL>DMM,True
P14,data_quality_plus_50,9005,ISF,data_quality,0.15,50,1.0,0.12708160094541168,0.15000000000000008,0.15484226157954223,0.1294259413904599,0.025416320189082325,ISF>DBL>DMM,ISF>DBL>DMM,True
P14,data_quality_plus_50,9006,DBL,data_quality,0.15,50,1.0,0.13082837695165994,0.15000000000000002,0.14832251326351667,0.11561541902560171,0.03270709423791496,ISF>DBL>DMM,ISF>DBL>DMM,True
P14,data_quality_plus_50,9006,DMM,data_quality,0.15,50,1.0,0.13082837695165994,0.15000000000000002,0.12779093609241615,0.09900869316305098,0.028782242929365168,ISF>DBL>DMM,ISF>DBL>DMM,True
P14,data_quality_plus_50,9006,ISF,data_quality,0.15,50,1.0,0.13082837695165994,0.15000000000000002,0.1580778145890152,0.13191213919868322,0.02616567539033199,ISF>DBL>DMM,ISF>DBL>DMM,True
P14,data_quality_plus_50,9007,DBL,data_quality,0.15,50,1.0,0.12927580382377396,0.15000000000000008,0.14513374264002427,0.11281479168408078,0.03231895095594349,ISF>DBL>DMM,ISF>DBL>DMM,True
P14,data_quality_plus_50,9007,DMM,data_quality,0.15,50,1.0,0.12927580382377396,0.15000000000000008,0.12474408274126102,0.09630340590003074,0.028440676841230278,ISF>DBL>DMM,ISF>DBL>DMM,True
P14,data_quality_plus_50,9007,ISF,data_quality,0.15,50,1.0,0.12927580382377396,0.15000000000000008,0.15548297785313175,0.12962781708837695,0.025855160764754803,ISF>DBL>DMM,ISF>DBL>DMM,True
P14,data_quality_plus_50,9008,DBL,data_quality,0.15,50,1.0,0.1255729745839942,0.15000000000000005,0.14250437516961045,0.11111113152361193,0.03139324364599852,ISF>DBL>DMM,ISF>DBL>DMM,True
P14,data_quality_plus_50,9008,DMM,data_quality,0.15,50,1.0,0.1255729745839942,0.15000000000000005,0.12278590753059218,0.09515985312211347,0.027626054408478706,ISF>DBL>DMM,ISF>DBL>DMM,True
P14,data_quality_plus_50,9008,ISF,data_quality,0.15,50,1.0,0.1255729745839942,0.15000000000000005,0.15371435613824116,0.12859976122144232,0.02511459491679885,ISF>DBL>DMM,ISF>DBL>DMM,True
P14,data_quality_plus_50,9009,DBL,data_quality,0.15,50,1.0,0.12827735656064468,0.15000000000000002,0.1461022251236326,0.11403288598347144,0.03206933914016116,ISF>DBL>DMM,ISF>DBL>DMM,True
P14,data_quality_plus_50,9009,DMM,data_quality,0.15,50,1.0,0.12827735656064468,0.15000000000000002,0.12609583969722324,0.09787482125388137,0.028221018443341864,ISF>DBL>DMM,ISF>DBL>DMM,True
P14,data_quality_plus_50,9009,ISF,data_quality,0.15,50,1.0,0.12827735656064468,0.15000000000000002,0.15656034035138874,0.1309048690392598,0.025655471312128947,ISF>DBL>DMM,ISF>DBL>DMM,True
P14,data_quality_plus_50,9010,DBL,data_quality,0.15,50,1.0,0.12819275111244754,0.15000000000000005,0.14417095279919923,0.11212276502108733,0.0320481877781119,ISF>DBL>DMM,ISF>DBL>DMM,True
P14,data_quality_plus_50,9010,DMM,data_quality,0.15,50,1.0,0.12819275111244754,0.15000000000000005,0.1239657908110795,0.09576338556634102,0.02820240524473848,ISF>DBL>DMM,ISF>DBL>DMM,True
P14,data_quality_plus_50,9010,ISF,data_quality,0.15,50,1.0,0.12819275111244754,0.15000000000000005,0.1548183480656701,0.1291797978431806,0.02563855022248951,ISF>DBL>DMM,ISF>DBL>DMM,True
P14,data_quality_plus_50,9011,DBL,data_quality,0.15,50,1.0,0.12549161353335628,0.15000000000000002,0.1426198192306263,0.11124691584728723,0.031372903383339076,ISF>DBL>DMM,ISF>DBL>DMM,True
P14,data_quality_plus_50,9011,DMM,data_quality,0.15,50,1.0,0.12549161353335628,0.15000000000000002,0.12257331534037641,0.09496516036303804,0.027608154977338373,ISF>DBL>DMM,ISF>DBL>DMM,True
P14,data_quality_plus_50,9011,ISF,data_quality,0.15,50,1.0,0.12549161353335628,0.15000000000000002,0.1535787910005478,0.12848046829387655,0.025098322706671256,ISF>DBL>DMM,ISF>DBL>DMM,True
P14,data_quality_plus_50,9012,DBL,data_quality,0.15,50,1.0,0.12957148792552278,0.15000000000000005,0.1449131361044312,0.1125202641230505,0.032392871981380716,ISF>DBL>DMM,ISF>DBL>DMM,True
P14,data_quality_plus_50,9012,DMM,data_quality,0.15,50,1.0,0.12957148792552278,0.15000000000000005,0.1246128345543485,0.0961071072107335,0.028505727343615006,ISF>DBL>DMM,ISF>DBL>DMM,True
P14,data_quality_plus_50,9012,ISF,data_quality,0.15,50,1.0,0.12957148792552278,0.15000000000000005,0.1553449773802125,0.12943067979510794,0.02591429758510455,ISF>DBL>DMM,ISF>DBL>DMM,True
P14,data_quality_plus_50,9013,DBL,data_quality,0.15,50,1.0,0.13073015028840293,0.15000000000000008,0.14959152211974874,0.11690898454764803,0.03268253757210071,ISF>DBL>DMM,ISF>DBL>DMM,True
P14,data_quality_plus_50,9013,DMM,data_quality,0.15,50,1.0,0.13073015028840293,0.15000000000000008,0.12922560994858426,0.10046497688513562,0.028760633063448643,ISF>DBL>DMM,ISF>DBL>DMM,True
P14,data_quality_plus_50,9013,ISF,data_quality,0.15,50,1.0,0.13073015028840293,0.15000000000000008,0.15928693137361766,0.13314090131593706,0.026146030057680597,ISF>DBL>DMM,ISF>DBL>DMM,True
P14,data_quality_plus_50,9014,DBL,data_quality,0.15,50,1.0,0.12657093952145737,0.15000000000000002,0.14391688995451582,0.11227415507415146,0.03164273488036436,ISF>DBL>DMM,ISF>DBL>DMM,True
P14,data_quality_plus_50,9014,DMM,data_quality,0.15,50,1.0,0.12657093952145737,0.15000000000000002,0.12377486398950945,0.09592925729478882,0.027845606694720623,ISF>DBL>DMM,ISF>DBL>DMM,True
P14,data_quality_plus_50,9014,ISF,data_quality,0.15,50,1.0,0.12657093952145737,0.15000000000000002,0.15461633035112857,0.1293021424468371,0.025314187904291463,ISF>DBL>DMM,ISF>DBL>DMM,True
P14,data_quality_plus_50,9015,DBL,data_quality,0.15,50,1.0,0.12860841291324857,0.15000000000000008,0.14542876561783338,0.11327666238952125,0.032152103228312134,ISF>DBL>DMM,ISF>DBL>DMM,True
P14,data_quality_plus_50,9015,DMM,data_quality,0.15,50,1.0,0.12860841291324857,0.15000000000000008,0.12528740164969038,0.09699355080877572,0.028293850840914653,ISF>DBL>DMM,ISF>DBL>DMM,True
P14,data_quality_plus_50,9015,ISF,data_quality,0.15,50,1.0,0.12860841291324857,0.15000000000000008,0.15590121401179596,0.13017953142914626,0.025721682582649702,ISF>DBL>DMM,ISF>DBL>DMM,True
P14,data_quality_plus_50,9016,DBL,data_quality,0.15,50,1.0,0.12714986849585302,0.15000000000000002,0.14376747648679605,0.11198000936283282,0.03178746712396323,ISF>DBL>DMM,ISF>DBL>DMM,True
P14,data_quality_plus_50,9016,DMM,data_quality,0.15,50,1.0,0.12714986849585302,0.15000000000000002,0.12358336296302765,0.09561039189394,0.02797297106908765,ISF>DBL>DMM,ISF>DBL>DMM,True
P14,data_quality_plus_50,9016,ISF,data_quality,0.15,50,1.0,0.12714986849585302,0.15000000000000002,0.15445302743498507,0.12902305373581446,0.025429973699170605,ISF>DBL>DMM,ISF>DBL>DMM,True
P14,data_quality_plus_50,9017,DBL,data_quality,0.15,50,1.0,0.12766572807490953,0.15000000000000008,0.14448862338921242,0.11257219137048503,0.03191643201872739,ISF>DBL>DMM,ISF>DBL>DMM,True
P14,data_quality_plus_50,9017,DMM,data_quality,0.15,50,1.0,0.12766572807490953,0.15000000000000008,0.1241512743856916,0.09606481420921152,0.028086460176480074,ISF>DBL>DMM,ISF>DBL>DMM,True
P14,data_quality_plus_50,9017,ISF,data_quality,0.15,50,1.0,0.12766572807490953,0.15000000000000008,0.15495969840337318,0.1294265527883913,0.025533145614981878,ISF>DBL>DMM,ISF>DBL>DMM,True
P14,data_quality_plus_50,9018,DBL,data_quality,0.15,50,1.0,0.1271732611368518,0.15000000000000002,0.14684011442261155,0.11504679913839862,0.031793315284212934,ISF>DBL>DMM,ISF>DBL>DMM,True
P14,data_quality_plus_50,9018,DMM,data_quality,0.15,50,1.0,0.1271732611368518,0.15000000000000002,0.1269120641305433,0.09893394668043591,0.02797811745010738,ISF>DBL>DMM,ISF>DBL>DMM,True
P14,data_quality_plus_50,9018,ISF,data_quality,0.15,50,1.0,0.1271732611368518,0.15000000000000002,0.15725061173126328,0.13181595950389294,0.025434652227370347,ISF>DBL>DMM,ISF>DBL>DMM,True
P14,data_quality_plus_50,9019,DBL,data_quality,0.15,50,1.0,0.12592820980847594,0.15000000000000008,0.14153169309505106,0.11004964064293205,0.03148205245211902,ISF>DBL>DMM,ISF>DBL>DMM,True
P14,data_quality_plus_50,9019,DMM,data_quality,0.15,50,1.0,0.12592820980847594,0.15000000000000008,0.1217117938815625,0.09400758772369779,0.027704206157864716,ISF>DBL>DMM,ISF>DBL>DMM,True
P14,data_quality_plus_50,9019,ISF,data_quality,0.15,50,1.0,0.12592820980847594,0.15000000000000008,0.1528305479479244,0.1276449059862292,0.025185641961695177,ISF>DBL>DMM,ISF>DBL>DMM,True
P14,data_quality_plus_50,9020,DBL,data_quality,0.15,50,1.0,0.13033025693586764,0.15000000000000002,0.14624643332679077,0.11366386909282389,0.03258256423396688,ISF>DBL>DMM,ISF>DBL>DMM,True
P14,data_quality_plus_50,9020,DMM,data_quality,0.15,50,1.0,0.13033025693586764,0.15000000000000002,0.12563762210073656,0.09696496557484567,0.02867265652589089,ISF>DBL>DMM,ISF>DBL>DMM,True
P14,data_quality_plus_50,9020,ISF,data_quality,0.15,50,1.0,0.13033025693586764,0.15000000000000002,0.15625174504290723,0.1301856936557337,0.026066051387173522,ISF>DBL>DMM,ISF>DBL>DMM,True
P14,data_quality_plus_50,9021,DBL,data_quality,0.15,50,1.0,0.1266715053589622,0.15000000000000002,0.14399020757026026,0.11232233123051971,0.03166787633974055,ISF>DBL>DMM,ISF>DBL>DMM,True
P14,data_quality_plus_50,9021,DMM,data_quality,0.15,50,1.0,0.1266715053589622,0.15000000000000002,0.12389974664552923,0.09603201546655754,0.02786773117897169,ISF>DBL>DMM,ISF>DBL>DMM,True
P14,data_quality_plus_50,9021,ISF,data_quality,0.15,50,1.0,0.1266715053589622,0.15000000000000002,0.15473407714666357,0.1293997760748711,0.025334301071792464,ISF>DBL>DMM,ISF>DBL>DMM,True
P14,data_quality_plus_50,9022,DBL,data_quality,0.15,50,1.0,0.13193344719121256,0.15000000000000008,0.14921539934559397,0.11623203754779084,0.03298336179780313,ISF>DBL>DMM,ISF>DBL>DMM,True
P14,data_quality_plus_50,9022,DMM,data_quality,0.15,50,1.0,0.13193344719121256,0.15000000000000008,0.128476491594322,0.09945113321225525,0.029025358382066754,ISF>DBL>DMM,ISF>DBL>DMM,True
P14,data_quality_plus_50,9022,ISF,data_quality,0.15,50,1.0,0.13193344719121256,0.15000000000000008,0.15870535913570852,0.13231866969746603,0.02638668943824249,ISF>DBL>DMM,ISF>DBL>DMM,True
P14,data_quality_plus_50,9023,DBL,data_quality,0.15,50,1.0,0.12517388817056396,0.15000000000000005,0.14139122041308716,0.11009774837044617,0.03129347204264099,ISF>DBL>DMM,ISF>DBL>DMM,True
P14,data_quality_plus_50,9023,DMM,data_quality,0.15,50,1.0,0.12517388817056396,0.15000000000000005,0.12166884178832983,0.09413058639080576,0.027538255397524067,ISF>DBL>DMM,ISF>DBL>DMM,True
P14,data_quality_plus_50,9023,ISF,data_quality,0.15,50,1.0,0.12517388817056396,0.15000000000000005,0.1527310472376337,0.1276962696035209,0.025034777634112798,ISF>DBL>DMM,ISF>DBL>DMM,True
P14,data_quality_plus_50,9024,DBL,data_quality,0.15,50,1.0,0.1281401330942407,0.15000000000000002,0.146572935328111,0.11453790205455083,0.032035033273560165,ISF>DBL>DMM,ISF>DBL>DMM,True
P14,data_quality_plus_50,9024,DMM,data_quality,0.15,50,1.0,0.1281401330942407,0.15000000000000002,0.12653749296511244,0.09834666368437947,0.028190829280732965,ISF>DBL>DMM,ISF>DBL>DMM,True
P14,data_quality_plus_50,9024,ISF,data_quality,0.15,50,1.0,0.1281401330942407,0.15000000000000002,0.1569890489861757,0.13136102236732752,0.025628026618848165,ISF>DBL>DMM,ISF>DBL>DMM,True
P14,data_quality_plus_50,9025,DBL,data_quality,0.15,50,1.0,0.12725253534422692,0.15000000000000002,0.14372612747586802,0.11191299363981129,0.03181313383605673,ISF>DBL>DMM,ISF>DBL>DMM,True
P14,data_quality_plus_50,9025,DMM,data_quality,0.15,50,1.0,0.12725253534422692,0.15000000000000002,0.12388986812887398,0.09589431035314407,0.027995557775729915,ISF>DBL>DMM,ISF>DBL>DMM,True
P14,data_quality_plus_50,9025,ISF,data_quality,0.15,50,1.0,0.12725253534422692,0.15000000000000002,0.15464120665299944,0.12919069958415405,0.025450507068845385,ISF>DBL>DMM,ISF>DBL>DMM,True
P14,data_quality_plus_50,9026,DBL,data_quality,0.15,50,1.0,0.12771657642300463,0.15000000000000002,0.1448884738881751,0.11295932978242398,0.03192914410575112,ISF>DBL>DMM,ISF>DBL>DMM,True
P14,data_quality_plus_50,9026,DMM,data_quality,0.15,50,1.0,0.12771657642300463,0.15000000000000002,0.12471008087006327,0.09661243405700226,0.02809764681306101,ISF>DBL>DMM,ISF>DBL>DMM,True
P14,data_quality_plus_50,9026,ISF,data_quality,0.15,50,1.0,0.12771657642300463,0.15000000000000002,0.1554445422562379,0.12990122697163697,0.025543315284600937,ISF>DBL>DMM,ISF>DBL>DMM,True
P14,data_quality_plus_50,9027,DBL,data_quality,0.15,50,1.0,0.12806955208367574,0.15000000000000002,0.14475354048005304,0.11273615245913411,0.03201738802091893,ISF>DBL>DMM,ISF>DBL>DMM,True
P14,data_quality_plus_50,9027,DMM,data_quality,0.15,50,1.0,0.12806955208367574,0.15000000000000002,0.12460692738433124,0.0964316259259226,0.028175301458408644,ISF>DBL>DMM,ISF>DBL>DMM,True
P14,data_quality_plus_50,9027,ISF,data_quality,0.15,50,1.0,0.12806955208367574,0.15000000000000002,0.15532680121607834,0.12971289079934317,0.025613910416735164,ISF>DBL>DMM,ISF>DBL>DMM,True
P14,data_quality_plus_50,9028,DBL,data_quality,0.15,50,1.0,0.12581560892569327,0.15000000000000002,0.14338763416362116,0.11193373193219784,0.03145390223142332,ISF>DBL>DMM,ISF>DBL>DMM,True
P14,data_quality_plus_50,9028,DMM,data_quality,0.15,50,1.0,0.12581560892569327,0.15000000000000002,0.12363357873823398,0.09595414477458147,0.02767943396365251,ISF>DBL>DMM,ISF>DBL>DMM,True
P14,data_quality_plus_50,9028,ISF,data_quality,0.15,50,1.0,0.12581560892569327,0.15000000000000002,0.15447416228647665,0.129311040501338,0.02516312178513866,ISF>DBL>DMM,ISF>DBL>DMM,True
P14,data_quality_plus_50,9029,DBL,data_quality,0.15,50,1.0,0.12372794368474052,0.15000000000000005,0.14180258551412891,0.11087059959294379,0.030931985921185123,ISF>DBL>DMM,ISF>DBL>DMM,True
P14,data_quality_plus_50,9029,DMM,data_quality,0.15,50,1.0,0.12372794368474052,0.15000000000000005,0.122152395079535,0.09493224746889208,0.027220147610642925,ISF>DBL>DMM,ISF>DBL>DMM,True
P14,data_quality_plus_50,9029,ISF,data_quality,0.15,50,1.0,0.12372794368474052,0.15000000000000005,0.15318123494404126,0.1284356462070932,0.02474558873694807,ISF>DBL>DMM,ISF>DBL>DMM,True
P14,regulatory_minus_50,9000,DBL,regulatory,0.05,50,1.0,0.00524,0.03400000000000002,0.14234534782289499,0.141297347822895,0.0010479999999999934,ISF>DBL>DMM,ISF>DBL>DMM,True
P14,regulatory_minus_50,9000,DMM,regulatory,0.05,50,1.0,0.00524,0.03400000000000002,0.12226369998563208,0.12111089998563206,0.0011528000000000233,ISF>DBL>DMM,ISF>DBL>DMM,True
P14,regulatory_minus_50,9000,ISF,regulatory,0.05,50,1.0,0.00524,0.03400000000000002,0.15330528005480476,0.15225728005480474,0.0010480000000000211,ISF>DBL>DMM,ISF>DBL>DMM,True
P14,regulatory_minus_50,9001,DBL,regulatory,0.05,50,1.0,0.006240000000000001,0.05,0.1453147787158181,0.1440667787158181,0.0012479999999999991,ISF>DBL>DMM,ISF>DBL>DMM,True
P14,regulatory_minus_50,9001,DMM,regulatory,0.05,50,1.0,0.006240000000000001,0.05,0.12494136660060948,0.12356856660060947,0.0013728000000000073,ISF>DBL>DMM,ISF>DBL>DMM,True
P14,regulatory_minus_50,9001,ISF,regulatory,0.05,50,1.0,0.006240000000000001,0.05,0.1556327535290876,0.1543847535290876,0.0012479999999999991,ISF>DBL>DMM,ISF>DBL>DMM,True
P14,regulatory_minus_50,9002,DBL,regulatory,0.05,50,1.0,0.006680000000000002,0.024000000000000014,0.14431721187496943,0.14298121187496943,0.0013360000000000039,ISF>DBL>DMM,ISF>DBL>DMM,True
P14,regulatory_minus_50,9002,DMM,regulatory,0.05,50,1.0,0.006680000000000002,0.024000000000000014,0.12417973416622269,0.12271013416622267,0.0014696000000000153,ISF>DBL>DMM,ISF>DBL>DMM,True
P14,regulatory_minus_50,9002,ISF,regulatory,0.05,50,1.0,0.006680000000000002,0.024000000000000014,0.15497927599919642,0.15364327599919642,0.0013360000000000039,ISF>DBL>DMM,ISF>DBL>DMM,True
P14,regulatory_minus_50,9003,DBL,regulatory,0.05,50,1.0,0.006446761123912637,0.04294394062921074,0.15320568965725426,0.15191633743247174,0.0012893522247825195,ISF>DBL>DMM,ISF>DBL>DMM,True
P14,regulatory_minus_50,9003,DMM,regulatory,0.05,50,1.0,0.006446761123912637,0.04294394062921074,0.1324652451867341,0.13104695773947336,0.0014182874472607465,ISF>DBL>DMM,ISF>DBL>DMM,True
P14,regulatory_minus_50,9003,ISF,regulatory,0.05,50,1.0,0.006446761123912637,0.04294394062921074,0.1621968216202695,0.16090746939548695,0.0012893522247825473,ISF>DBL>DMM,ISF>DBL>DMM,True
P14,regulatory_minus_50,9004,DBL,regulatory,0.05,50,1.0,0.0052000000000000015,0.016000000000000014,0.1423518286012461,0.1413118286012461,0.0010399999999999854,ISF>DBL>DMM,ISF>DBL>DMM,True
P14,regulatory_minus_50,9004,DMM,regulatory,0.05,50,1.0,0.0052000000000000015,0.016000000000000014,0.12242524187277783,0.12128124187277782,0.0011440000000000061,ISF>DBL>DMM,ISF>DBL>DMM,True
P14,regulatory_minus_50,9004,ISF,regulatory,0.05,50,1.0,0.0052000000000000015,0.016000000000000014,0.15340904186555918,0.15236904186555916,0.0010400000000000131,ISF>DBL>DMM,ISF>DBL>DMM,True
P14,regulatory_minus_50,9005,DBL,regulatory,0.05,50,1.0,0.005560000000000002,0.03600000000000002,0.14388253434215809,0.14277053434215808,0.0011120000000000019,ISF>DBL>DMM,ISF>DBL>DMM,True
P14,regulatory_minus_50,9005,DMM,regulatory,0.05,50,1.0,0.005560000000000002,0.03600000000000002,0.12402765190657422,0.12280445190657421,0.0012232000000000076,ISF>DBL>DMM,ISF>DBL>DMM,True
P14,regulatory_minus_50,9005,ISF,regulatory,0.05,50,1.0,0.005560000000000002,0.03600000000000002,0.15484226157954223,0.15373026157954223,0.0011120000000000019,ISF>DBL>DMM,ISF>DBL>DMM,True
P14,regulatory_minus_50,9006,DBL,regulatory,0.05,50,1.0,0.00708,0.05,0.14832251326351667,0.14690651326351667,0.0014160000000000006,ISF>DBL>DMM,ISF>DBL>DMM,True
P14,regulatory_minus_50,9006,DMM,regulatory,0.05,50,1.0,0.00708,0.05,0.12779093609241615,0.12623333609241616,0.0015575999999999923,ISF>DBL>DMM,ISF>DBL>DMM,True
P14,regulatory_minus_50,9006,ISF,regulatory,0.05,50,1.0,0.00708,0.05,0.1580778145890152,0.1566618145890152,0.0014160000000000006,ISF>DBL>DMM,ISF>DBL>DMM,True
P14,regulatory_minus_50,9007,DBL,regulatory,0.05,50,1.0,0.006080000000000002,0.01800000000000001,0.14513374264002427,0.14391774264002427,0.0012159999999999949,ISF>DBL>DMM,ISF>DBL>DMM,True
P14,regulatory_minus_50,9007,DMM,regulatory,0.05,50,1.0,0.006080000000000002,0.01800000000000001,0.12474408274126102,0.12340648274126101,0.0013376000000000082,ISF>DBL>DMM,ISF>DBL>DMM,True
P14,regulatory_minus_50,9007,ISF,regulatory,0.05,50,1.0,0.006080000000000002,0.01800000000000001,0.15548297785313175,0.15426697785313176,0.0012159999999999949,ISF>DBL>DMM,ISF>DBL>DMM,True
P14,regulatory_minus_50,9008,DBL,regulatory,0.05,50,1.0,0.004280000000000002,0.03600000000000002,0.14250437516961045,0.14164837516961049,0.0008559999999999679,ISF>DBL>DMM,ISF>DBL>DMM,True
P14,regulatory_minus_50,9008,DMM,regulatory,0.05,50,1.0,0.004280000000000002,0.03600000000000002,0.12278590753059218,0.12184430753059218,0.0009416000000000008,ISF>DBL>DMM,ISF>DBL>DMM,True
P14,regulatory_minus_50,9008,ISF,regulatory,0.05,50,1.0,0.004280000000000002,0.03600000000000002,0.15371435613824116,0.15285835613824117,0.0008559999999999957,ISF>DBL>DMM,ISF>DBL>DMM,True
P14,regulatory_minus_50,9009,DBL,regulatory,0.05,50,1.0,0.006080000000000002,0.03400000000000003,0.1461022251236326,0.14488622512363258,0.0012160000000000226,ISF>DBL>DMM,ISF>DBL>DMM,True
P14,regulatory_minus_50,9009,DMM,regulatory,0.05,50,1.0,0.006080000000000002,0.03400000000000003,0.12609583969722324,0.12475823969722322,0.001337600000000022,ISF>DBL>DMM,ISF>DBL>DMM,True
P14,regulatory_minus_50,9009,ISF,regulatory,0.05,50,1.0,0.006080000000000002,0.03400000000000003,0.15656034035138874,0.15534434035138875,0.0012159999999999949,ISF>DBL>DMM,ISF>DBL>DMM,True
P14,regulatory_minus_50,9010,DBL,regulatory,0.05,50,1.0,0.005880000000000003,0.026000000000000023,0.14417095279919923,0.14299495279919922,0.0011760000000000104,ISF>DBL>DMM,ISF>DBL>DMM,True
P14,regulatory_minus_50,9010,DMM,regulatory,0.05,50,1.0,0.005880000000000003,0.026000000000000023,0.1239657908110795,0.1226721908110795,0.0012936000000000059,ISF>DBL>DMM,ISF>DBL>DMM,True
P14,regulatory_minus_50,9010,ISF,regulatory,0.05,50,1.0,0.005880000000000003,0.026000000000000023,0.1548183480656701,0.15364234806567012,0.0011759999999999826,ISF>DBL>DMM,ISF>DBL>DMM,True
P14,regulatory_minus_50,9011,DBL,regulatory,0.05,50,1.0,0.006800000000000001,0.030000000000000027,0.1426198192306263,0.14125981923062633,0.0013599999999999723,ISF>DBL>DMM,ISF>DBL>DMM,True
P14,regulatory_minus_50,9011,DMM,regulatory,0.05,50,1.0,0.006800000000000001,0.030000000000000027,0.12257331534037641,0.12107731534037641,0.0014959999999999973,ISF>DBL>DMM,ISF>DBL>DMM,True
P14,regulatory_minus_50,9011,ISF,regulatory,0.05,50,1.0,0.006800000000000001,0.030000000000000027,0.1535787910005478,0.1522187910005478,0.00136,ISF>DBL>DMM,ISF>DBL>DMM,True
P14,regulatory_minus_50,9012,DBL,regulatory,0.05,50,1.0,0.005520000000000002,0.038000000000000034,0.1449131361044312,0.1438091361044312,0.0011040000000000216,ISF>DBL>DMM,ISF>DBL>DMM,True
P14,regulatory_minus_50,9012,DMM,regulatory,0.05,50,1.0,0.005520000000000002,0.038000000000000034,0.1246128345543485,0.12339843455434849,0.0012144000000000182,ISF>DBL>DMM,ISF>DBL>DMM,True
P14,regulatory_minus_50,9012,ISF,regulatory,0.05,50,1.0,0.005520000000000002,0.038000000000000034,0.1553449773802125,0.1542409773802125,0.0011039999999999939,ISF>DBL>DMM,ISF>DBL>DMM,True
P14,regulatory_minus_50,9013,DBL,regulatory,0.05,50,1.0,0.004640000000000001,0.020000000000000004,0.14959152211974874,0.14866352211974873,0.0009280000000000121,ISF>DBL>DMM,ISF>DBL>DMM,True
P14,regulatory_minus_50,9013,DMM,regulatory,0.05,50,1.0,0.004640000000000001,0.020000000000000004,0.12922560994858426,0.12820480994858424,0.0010208000000000161,ISF>DBL>DMM,ISF>DBL>DMM,True
P14,regulatory_minus_50,9013,ISF,regulatory,0.05,50,1.0,0.004640000000000001,0.020000000000000004,0.15928693137361766,0.15835893137361765,0.0009280000000000121,ISF>DBL>DMM,ISF>DBL>DMM,True
P14,regulatory_minus_50,9014,DBL,regulatory,0.05,50,1.0,0.0056000000000000025,0.024000000000000007,0.14391688995451582,0.14279688995451578,0.0011200000000000376,ISF>DBL>DMM,ISF>DBL>DMM,True
P14,regulatory_minus_50,9014,DMM,regulatory,0.05,50,1.0,0.0056000000000000025,0.024000000000000007,0.12377486398950945,0.12254286398950943,0.0012320000000000109,ISF>DBL>DMM,ISF>DBL>DMM,True
P14,regulatory_minus_50,9014,ISF,regulatory,0.05,50,1.0,0.0056000000000000025,0.024000000000000007,0.15461633035112857,0.15349633035112856,0.0011200000000000099,ISF>DBL>DMM,ISF>DBL>DMM,True
P14,regulatory_minus_50,9015,DBL,regulatory,0.05,50,1.0,0.00528,0.018000000000000002,0.14542876561783338,0.14437276561783338,0.0010560000000000014,ISF>DBL>DMM,ISF>DBL>DMM,True
P14,regulatory_minus_50,9015,DMM,regulatory,0.05,50,1.0,0.00528,0.018000000000000002,0.12528740164969038,0.12412580164969038,0.0011615999999999987,ISF>DBL>DMM,ISF>DBL>DMM,True
P14,regulatory_minus_50,9015,ISF,regulatory,0.05,50,1.0,0.00528,0.018000000000000002,0.15590121401179596,0.154845214011796,0.0010559999999999736,ISF>DBL>DMM,ISF>DBL>DMM,True
P14,regulatory_minus_50,9016,DBL,regulatory,0.05,50,1.0,0.005440000000000003,0.02600000000000001,0.14376747648679605,0.1426794764867961,0.0010879999999999501,ISF>DBL>DMM,ISF>DBL>DMM,True
P14,regulatory_minus_50,9016,DMM,regulatory,0.05,50,1.0,0.005440000000000003,0.02600000000000001,0.12358336296302765,0.12238656296302765,0.0011967999999999979,ISF>DBL>DMM,ISF>DBL>DMM,True
P14,regulatory_minus_50,9016,ISF,regulatory,0.05,50,1.0,0.005440000000000003,0.02600000000000001,0.15445302743498507,0.1533650274349851,0.0010879999999999779,ISF>DBL>DMM,ISF>DBL>DMM,True
P14,regulatory_minus_50,9017,DBL,regulatory,0.05,50,1.0,0.005960000000000002,0.03600000000000002,0.14448862338921242,0.14329662338921242,0.0011919999999999986,ISF>DBL>DMM,ISF>DBL>DMM,True
P14,regulatory_minus_50,9017,DMM,regulatory,0.05,50,1.0,0.005960000000000002,0.03600000000000002,0.1241512743856916,0.12284007438569161,0.0013111999999999846,ISF>DBL>DMM,ISF>DBL>DMM,True
P14,regulatory_minus_50,9017,ISF,regulatory,0.05,50,1.0,0.005960000000000002,0.03600000000000002,0.15495969840337318,0.15376769840337318,0.0011919999999999986,ISF>DBL>DMM,ISF>DBL>DMM,True
P14,regulatory_minus_50,9018,DBL,regulatory,0.05,50,1.0,0.007200000000000003,0.030000000000000013,0.14684011442261155,0.14540011442261155,0.0014399999999999968,ISF>DBL>DMM,ISF>DBL>DMM,True
P14,regulatory_minus_50,9018,DMM,regulatory,0.05,50,1.0,0.007200000000000003,0.030000000000000013,0.1269120641305433,0.12532806413054332,0.0015839999999999743,ISF>DBL>DMM,ISF>DBL>DMM,True
P14,regulatory_minus_50,9018,ISF,regulatory,0.05,50,1.0,0.007200000000000003,0.030000000000000013,0.15725061173126328,0.15581061173126332,0.001439999999999969,ISF>DBL>DMM,ISF>DBL>DMM,True
P14,regulatory_minus_50,9019,DBL,regulatory,0.05,50,1.0,0.005920000000000001,0.022000000000000006,0.14153169309505106,0.14034769309505102,0.0011840000000000461,ISF>DBL>DMM,ISF>DBL>DMM,True
P14,regulatory_minus_50,9019,DMM,regulatory,0.05,50,1.0,0.005920000000000001,0.022000000000000006,0.1217117938815625,0.12040939388156251,0.0013023999999999952,ISF>DBL>DMM,ISF>DBL>DMM,True
P14,regulatory_minus_50,9019,ISF,regulatory,0.05,50,1.0,0.005920000000000001,0.022000000000000006,0.1528305479479244,0.1516465479479244,0.0011839999999999906,ISF>DBL>DMM,ISF>DBL>DMM,True
P14,regulatory_minus_50,9020,DBL,regulatory,0.05,50,1.0,0.005840000000000001,0.04200000000000004,0.14624643332679077,0.1450784333267908,0.0011679999999999746,ISF>DBL>DMM,ISF>DBL>DMM,True
P14,regulatory_minus_50,9020,DMM,regulatory,0.05,50,1.0,0.005840000000000001,0.04200000000000004,0.12563762210073656,0.12435282210073656,0.0012848000000000026,ISF>DBL>DMM,ISF>DBL>DMM,True
P14,regulatory_minus_50,9020,ISF,regulatory,0.05,50,1.0,0.005840000000000001,0.04200000000000004,0.15625174504290723,0.15508374504290726,0.0011679999999999746,ISF>DBL>DMM,ISF>DBL>DMM,True
P14,regulatory_minus_50,9021,DBL,regulatory,0.05,50,1.0,0.0072800000000000035,0.03200000000000002,0.14399020757026026,0.14253420757026025,0.0014560000000000128,ISF>DBL>DMM,ISF>DBL>DMM,True
P14,regulatory_minus_50,9021,DMM,regulatory,0.05,50,1.0,0.0072800000000000035,0.03200000000000002,0.12389974664552923,0.12229814664552924,0.0016015999999999947,ISF>DBL>DMM,ISF>DBL>DMM,True
P14,regulatory_minus_50,9021,ISF,regulatory,0.05,50,1.0,0.0072800000000000035,0.03200000000000002,0.15473407714666357,0.15327807714666355,0.0014560000000000128,ISF>DBL>DMM,ISF>DBL>DMM,True
P14,regulatory_minus_50,9022,DBL,regulatory,0.05,50,1.0,0.006480000000000002,0.02600000000000001,0.14921539934559397,0.147919399345594,0.0012959999999999638,ISF>DBL>DMM,ISF>DBL>DMM,True
P14,regulatory_minus_50,9022,DMM,regulatory,0.05,50,1.0,0.006480000000000002,0.02600000000000001,0.128476491594322,0.12705089159432204,0.0014255999999999713,ISF>DBL>DMM,ISF>DBL>DMM,True
P14,regulatory_minus_50,9022,ISF,regulatory,0.05,50,1.0,0.006480000000000002,0.02600000000000001,0.15870535913570852,0.15740935913570853,0.0012959999999999916,ISF>DBL>DMM,ISF>DBL>DMM,True
P14,regulatory_minus_50,9023,DBL,regulatory,0.05,50,1.0,0.0048800000000000015,0.03800000000000003,0.14139122041308716,0.14041522041308718,0.0009759999999999769,ISF>DBL>DMM,ISF>DBL>DMM,True
P14,regulatory_minus_50,9023,DMM,regulatory,0.05,50,1.0,0.0048800000000000015,0.03800000000000003,0.12166884178832983,0.12059524178832984,0.001073599999999994,ISF>DBL>DMM,ISF>DBL>DMM,True
P14,regulatory_minus_50,9023,ISF,regulatory,0.05,50,1.0,0.0048800000000000015,0.03800000000000003,0.1527310472376337,0.1517550472376337,0.0009760000000000046,ISF>DBL>DMM,ISF>DBL>DMM,True
P14,regulatory_minus_50,9024,DBL,regulatory,0.05,50,1.0,0.005800000000000003,0.02800000000000006,0.146572935328111,0.145412935328111,0.0011599999999999944,ISF>DBL>DMM,ISF>DBL>DMM,True
P14,regulatory_minus_50,9024,DMM,regulatory,0.05,50,1.0,0.005800000000000003,0.02800000000000006,0.12653749296511244,0.1252614929651124,0.0012760000000000271,ISF>DBL>DMM,ISF>DBL>DMM,True
P14,regulatory_minus_50,9024,ISF,regulatory,0.05,50,1.0,0.005800000000000003,0.02800000000000006,0.1569890489861757,0.15582904898617567,0.0011600000000000221,ISF>DBL>DMM,ISF>DBL>DMM,True
P14,regulatory_minus_50,9025,DBL,regulatory,0.05,50,1.0,0.004920000000000002,0.022000000000000013,0.14372612747586802,0.142742127475868,0.0009840000000000126,ISF>DBL>DMM,ISF>DBL>DMM,True
P14,regulatory_minus_50,9025,DMM,regulatory,0.05,50,1.0,0.004920000000000002,0.022000000000000013,0.12388986812887398,0.12280746812887398,0.0010823999999999973,ISF>DBL>DMM,ISF>DBL>DMM,True
P14,regulatory_minus_50,9025,ISF,regulatory,0.05,50,1.0,0.004920000000000002,0.022000000000000013,0.15464120665299944,0.15365720665299942,0.0009840000000000126,ISF>DBL>DMM,ISF>DBL>DMM,True
P14,regulatory_minus_50,9026,DBL,regulatory,0.05,50,1.0,0.004960000000000001,0.04999999999999999,0.1448884738881751,0.1438964738881751,0.0009919999999999929,ISF>DBL>DMM,ISF>DBL>DMM,True
P14,regulatory_minus_50,9026,DMM,regulatory,0.05,50,1.0,0.004960000000000001,0.04999999999999999,0.12471008087006327,0.12361888087006329,0.0010911999999999866,ISF>DBL>DMM,ISF>DBL>DMM,True
P14,regulatory_minus_50,9026,ISF,regulatory,0.05,50,1.0,0.004960000000000001,0.04999999999999999,0.1554445422562379,0.1544525422562379,0.0009920000000000206,ISF>DBL>DMM,ISF>DBL>DMM,True
P14,regulatory_minus_50,9027,DBL,regulatory,0.05,50,1.0,0.005520000000000001,0.024000000000000014,0.14475354048005304,0.14364954048005305,0.0011039999999999939,ISF>DBL>DMM,ISF>DBL>DMM,True
P14,regulatory_minus_50,9027,DMM,regulatory,0.05,50,1.0,0.005520000000000001,0.024000000000000014,0.12460692738433124,0.12339252738433125,0.0012143999999999905,ISF>DBL>DMM,ISF>DBL>DMM,True
P14,regulatory_minus_50,9027,ISF,regulatory,0.05,50,1.0,0.005520000000000001,0.024000000000000014,0.15532680121607834,0.15422280121607834,0.0011039999999999939,ISF>DBL>DMM,ISF>DBL>DMM,True
P14,regulatory_minus_50,9028,DBL,regulatory,0.05,50,1.0,0.006040000000000005,0.04000000000000005,0.14338763416362116,0.14217963416362117,0.0012079999999999869,ISF>DBL>DMM,ISF>DBL>DMM,True
P14,regulatory_minus_50,9028,DMM,regulatory,0.05,50,1.0,0.006040000000000005,0.04000000000000005,0.12363357873823398,0.12230477873823398,0.001328800000000005,ISF>DBL>DMM,ISF>DBL>DMM,True
P14,regulatory_minus_50,9028,ISF,regulatory,0.05,50,1.0,0.006040000000000005,0.04000000000000005,0.15447416228647665,0.15326616228647663,0.0012080000000000146,ISF>DBL>DMM,ISF>DBL>DMM,True
P14,regulatory_minus_50,9029,DBL,regulatory,0.05,50,1.0,0.004240000000000001,0.01800000000000001,0.14180258551412891,0.14095458551412895,0.0008479999999999599,ISF>DBL>DMM,ISF>DBL>DMM,True
P14,regulatory_minus_50,9029,DMM,regulatory,0.05,50,1.0,0.004240000000000001,0.01800000000000001,0.122152395079535,0.12121959507953499,0.0009328000000000114,ISF>DBL>DMM,ISF>DBL>DMM,True
P14,regulatory_minus_50,9029,ISF,regulatory,0.05,50,1.0,0.004240000000000001,0.01800000000000001,0.15318123494404126,0.15233323494404127,0.0008479999999999877,ISF>DBL>DMM,ISF>DBL>DMM,True
P14,regulatory_baseline,9000,DBL,regulatory,0.1,50,1.0,0.00524,0.03400000000000002,0.14234534782289499,0.141297347822895,0.0010479999999999934,ISF>DBL>DMM,ISF>DBL>DMM,True
P14,regulatory_baseline,9000,DMM,regulatory,0.1,50,1.0,0.00524,0.03400000000000002,0.12226369998563208,0.12111089998563206,0.0011528000000000233,ISF>DBL>DMM,ISF>DBL>DMM,True
P14,regulatory_baseline,9000,ISF,regulatory,0.1,50,1.0,0.00524,0.03400000000000002,0.15330528005480476,0.15225728005480474,0.0010480000000000211,ISF>DBL>DMM,ISF>DBL>DMM,True
P14,regulatory_baseline,9001,DBL,regulatory,0.1,50,1.0,0.007056702599939083,0.09083512999695412,0.1453147787158181,0.1439034381958303,0.0014113405199878137,ISF>DBL>DMM,ISF>DBL>DMM,True
P14,regulatory_baseline,9001,DMM,regulatory,0.1,50,1.0,0.007056702599939083,0.09083512999695412,0.12494136660060948,0.12338889202862287,0.001552474571986609,ISF>DBL>DMM,ISF>DBL>DMM,True
P14,regulatory_baseline,9001,ISF,regulatory,0.1,50,1.0,0.007056702599939083,0.09083512999695412,0.1556327535290876,0.1542214130090998,0.001411340519987786,ISF>DBL>DMM,ISF>DBL>DMM,True
P14,regulatory_baseline,9002,DBL,regulatory,0.1,50,1.0,0.006680000000000002,0.024000000000000014,0.14431721187496943,0.14298121187496943,0.0013360000000000039,ISF>DBL>DMM,ISF>DBL>DMM,True
P14,regulatory_baseline,9002,DMM,regulatory,0.1,50,1.0,0.006680000000000002,0.024000000000000014,0.12417973416622269,0.12271013416622267,0.0014696000000000153,ISF>DBL>DMM,ISF>DBL>DMM,True
P14,regulatory_baseline,9002,ISF,regulatory,0.1,50,1.0,0.006680000000000002,0.024000000000000014,0.15497927599919642,0.15364327599919642,0.0013360000000000039,ISF>DBL>DMM,ISF>DBL>DMM,True
P14,regulatory_baseline,9003,DBL,regulatory,0.1,50,1.0,0.0065547929238896005,0.048345530628058984,0.15320568965725426,0.15189473107247634,0.0013109585847779215,ISF>DBL>DMM,ISF>DBL>DMM,True
P14,regulatory_baseline,9003,DMM,regulatory,0.1,50,1.0,0.0065547929238896005,0.048345530628058984,0.1324652451867341,0.1310231907434784,0.001442054443255708,ISF>DBL>DMM,ISF>DBL>DMM,True
P14,regulatory_baseline,9003,ISF,regulatory,0.1,50,1.0,0.0065547929238896005,0.048345530628058984,0.1621968216202695,0.16088586303549157,0.0013109585847779215,ISF>DBL>DMM,ISF>DBL>DMM,True
P14,regulatory_baseline,9004,DBL,regulatory,0.1,50,1.0,0.0052000000000000015,0.016000000000000014,0.1423518286012461,0.1413118286012461,0.0010399999999999854,ISF>DBL>DMM,ISF>DBL>DMM,True
P14,regulatory_baseline,9004,DMM,regulatory,0.1,50,1.0,0.0052000000000000015,0.016000000000000014,0.12242524187277783,0.12128124187277782,0.0011440000000000061,ISF>DBL>DMM,ISF>DBL>DMM,True
P14,regulatory_baseline,9004,ISF,regulatory,0.1,50,1.0,0.0052000000000000015,0.016000000000000014,0.15340904186555918,0.15236904186555916,0.0010400000000000131,ISF>DBL>DMM,ISF>DBL>DMM,True
P14,regulatory_baseline,9005,DBL,regulatory,0.1,50,1.0,0.005560000000000002,0.03600000000000002,0.14388253434215809,0.14277053434215808,0.0011120000000000019,ISF>DBL>DMM,ISF>DBL>DMM,True
P14,regulatory_baseline,9005,DMM,regulatory,0.1,50,1.0,0.005560000000000002,0.03600000000000002,0.12402765190657422,0.12280445190657421,0.0012232000000000076,ISF>DBL>DMM,ISF>DBL>DMM,True
P14,regulatory_baseline,9005,ISF,regulatory,0.1,50,1.0,0.005560000000000002,0.03600000000000002,0.15484226157954223,0.15373026157954223,0.0011120000000000019,ISF>DBL>DMM,ISF>DBL>DMM,True
P14,regulatory_baseline,9006,DBL,regulatory,0.1,50,1.0,0.0072000000000000015,0.056000000000000064,0.14832251326351667,0.14688251326351667,0.0014399999999999968,ISF>DBL>DMM,ISF>DBL>DMM,True
P14,regulatory_baseline,9006,DMM,regulatory,0.1,50,1.0,0.0072000000000000015,0.056000000000000064,0.12779093609241615,0.12620693609241618,0.0015839999999999743,ISF>DBL>DMM,ISF>DBL>DMM,True
P14,regulatory_baseline,9006,ISF,regulatory,0.1,50,1.0,0.0072000000000000015,0.056000000000000064,0.1580778145890152,0.15663781458901518,0.0014400000000000246,ISF>DBL>DMM,ISF>DBL>DMM,True
P14,regulatory_baseline,9007,DBL,regulatory,0.1,50,1.0,0.006080000000000002,0.01800000000000001,0.14513374264002427,0.14391774264002427,0.0012159999999999949,ISF>DBL>DMM,ISF>DBL>DMM,True
P14,regulatory_baseline,9007,DMM,regulatory,0.1,50,1.0,0.006080000000000002,0.01800000000000001,0.12474408274126102,0.12340648274126101,0.0013376000000000082,ISF>DBL>DMM,ISF>DBL>DMM,True
P14,regulatory_baseline,9007,ISF,regulatory,0.1,50,1.0,0.006080000000000002,0.01800000000000001,0.15548297785313175,0.15426697785313176,0.0012159999999999949,ISF>DBL>DMM,ISF>DBL>DMM,True
P14,regulatory_baseline,9008,DBL,regulatory,0.1,50,1.0,0.004280000000000002,0.03600000000000002,0.14250437516961045,0.14164837516961049,0.0008559999999999679,ISF>DBL>DMM,ISF>DBL>DMM,True
P14,regulatory_baseline,9008,DMM,regulatory,0.1,50,1.0,0.004280000000000002,0.03600000000000002,0.12278590753059218,0.12184430753059218,0.0009416000000000008,ISF>DBL>DMM,ISF>DBL>DMM,True
P14,regulatory_baseline,9008,ISF,regulatory,0.1,50,1.0,0.004280000000000002,0.03600000000000002,0.15371435613824116,0.15285835613824117,0.0008559999999999957,ISF>DBL>DMM,ISF>DBL>DMM,True
P14,regulatory_baseline,9009,DBL,regulatory,0.1,50,1.0,0.006080000000000002,0.03400000000000003,0.1461022251236326,0.14488622512363258,0.0012160000000000226,ISF>DBL>DMM,ISF>DBL>DMM,True
P14,regulatory_baseline,9009,DMM,regulatory,0.1,50,1.0,0.006080000000000002,0.03400000000000003,0.12609583969722324,0.12475823969722322,0.001337600000000022,ISF>DBL>DMM,ISF>DBL>DMM,True
P14,regulatory_baseline,9009,ISF,regulatory,0.1,50,1.0,0.006080000000000002,0.03400000000000003,0.15656034035138874,0.15534434035138875,0.0012159999999999949,ISF>DBL>DMM,ISF>DBL>DMM,True
P14,regulatory_baseline,9010,DBL,regulatory,0.1,50,1.0,0.005880000000000003,0.026000000000000023,0.14417095279919923,0.14299495279919922,0.0011760000000000104,ISF>DBL>DMM,ISF>DBL>DMM,True
P14,regulatory_baseline,9010,DMM,regulatory,0.1,50,1.0,0.005880000000000003,0.026000000000000023,0.1239657908110795,0.1226721908110795,0.0012936000000000059,ISF>DBL>DMM,ISF>DBL>DMM,True
P14,regulatory_baseline,9010,ISF,regulatory,0.1,50,1.0,0.005880000000000003,0.026000000000000023,0.1548183480656701,0.15364234806567012,0.0011759999999999826,ISF>DBL>DMM,ISF>DBL>DMM,True
P14,regulatory_baseline,9011,DBL,regulatory,0.1,50,1.0,0.006800000000000001,0.030000000000000027,0.1426198192306263,0.14125981923062633,0.0013599999999999723,ISF>DBL>DMM,ISF>DBL>DMM,True
P14,regulatory_baseline,9011,DMM,regulatory,0.1,50,1.0,0.006800000000000001,0.030000000000000027,0.12257331534037641,0.12107731534037641,0.0014959999999999973,ISF>DBL>DMM,ISF>DBL>DMM,True
P14,regulatory_baseline,9011,ISF,regulatory,0.1,50,1.0,0.006800000000000001,0.030000000000000027,0.1535787910005478,0.1522187910005478,0.00136,ISF>DBL>DMM,ISF>DBL>DMM,True
P14,regulatory_baseline,9012,DBL,regulatory,0.1,50,1.0,0.005520000000000002,0.038000000000000034,0.1449131361044312,0.1438091361044312,0.0011040000000000216,ISF>DBL>DMM,ISF>DBL>DMM,True
P14,regulatory_baseline,9012,DMM,regulatory,0.1,50,1.0,0.005520000000000002,0.038000000000000034,0.1246128345543485,0.12339843455434849,0.0012144000000000182,ISF>DBL>DMM,ISF>DBL>DMM,True
P14,regulatory_baseline,9012,ISF,regulatory,0.1,50,1.0,0.005520000000000002,0.038000000000000034,0.1553449773802125,0.1542409773802125,0.0011039999999999939,ISF>DBL>DMM,ISF>DBL>DMM,True
P14,regulatory_baseline,9013,DBL,regulatory,0.1,50,1.0,0.004640000000000001,0.020000000000000004,0.14959152211974874,0.14866352211974873,0.0009280000000000121,ISF>DBL>DMM,ISF>DBL>DMM,True
P14,regulatory_baseline,9013,DMM,regulatory,0.1,50,1.0,0.004640000000000001,0.020000000000000004,0.12922560994858426,0.12820480994858424,0.0010208000000000161,ISF>DBL>DMM,ISF>DBL>DMM,True
P14,regulatory_baseline,9013,ISF,regulatory,0.1,50,1.0,0.004640000000000001,0.020000000000000004,0.15928693137361766,0.15835893137361765,0.0009280000000000121,ISF>DBL>DMM,ISF>DBL>DMM,True
P14,regulatory_baseline,9014,DBL,regulatory,0.1,50,1.0,0.0056000000000000025,0.024000000000000007,0.14391688995451582,0.14279688995451578,0.0011200000000000376,ISF>DBL>DMM,ISF>DBL>DMM,True
P14,regulatory_baseline,9014,DMM,regulatory,0.1,50,1.0,0.0056000000000000025,0.024000000000000007,0.12377486398950945,0.12254286398950943,0.0012320000000000109,ISF>DBL>DMM,ISF>DBL>DMM,True
P14,regulatory_baseline,9014,ISF,regulatory,0.1,50,1.0,0.0056000000000000025,0.024000000000000007,0.15461633035112857,0.15349633035112856,0.0011200000000000099,ISF>DBL>DMM,ISF>DBL>DMM,True
P14,regulatory_baseline,9015,DBL,regulatory,0.1,50,1.0,0.00528,0.018000000000000002,0.14542876561783338,0.14437276561783338,0.0010560000000000014,ISF>DBL>DMM,ISF>DBL>DMM,True
P14,regulatory_baseline,9015,DMM,regulatory,0.1,50,1.0,0.00528,0.018000000000000002,0.12528740164969038,0.12412580164969038,0.0011615999999999987,ISF>DBL>DMM,ISF>DBL>DMM,True
P14,regulatory_baseline,9015,ISF,regulatory,0.1,50,1.0,0.00528,0.018000000000000002,0.15590121401179596,0.154845214011796,0.0010559999999999736,ISF>DBL>DMM,ISF>DBL>DMM,True
P14,regulatory_baseline,9016,DBL,regulatory,0.1,50,1.0,0.005440000000000003,0.02600000000000001,0.14376747648679605,0.1426794764867961,0.0010879999999999501,ISF>DBL>DMM,ISF>DBL>DMM,True
P14,regulatory_baseline,9016,DMM,regulatory,0.1,50,1.0,0.005440000000000003,0.02600000000000001,0.12358336296302765,0.12238656296302765,0.0011967999999999979,ISF>DBL>DMM,ISF>DBL>DMM,True
P14,regulatory_baseline,9016,ISF,regulatory,0.1,50,1.0,0.005440000000000003,0.02600000000000001,0.15445302743498507,0.1533650274349851,0.0010879999999999779,ISF>DBL>DMM,ISF>DBL>DMM,True
P14,regulatory_baseline,9017,DBL,regulatory,0.1,50,1.0,0.005960000000000002,0.03600000000000002,0.14448862338921242,0.14329662338921242,0.0011919999999999986,ISF>DBL>DMM,ISF>DBL>DMM,True
P14,regulatory_baseline,9017,DMM,regulatory,0.1,50,1.0,0.005960000000000002,0.03600000000000002,0.1241512743856916,0.12284007438569161,0.0013111999999999846,ISF>DBL>DMM,ISF>DBL>DMM,True
P14,regulatory_baseline,9017,ISF,regulatory,0.1,50,1.0,0.005960000000000002,0.03600000000000002,0.15495969840337318,0.15376769840337318,0.0011919999999999986,ISF>DBL>DMM,ISF>DBL>DMM,True
P14,regulatory_baseline,9018,DBL,regulatory,0.1,50,1.0,0.007200000000000003,0.030000000000000013,0.14684011442261155,0.14540011442261155,0.0014399999999999968,ISF>DBL>DMM,ISF>DBL>DMM,True
P14,regulatory_baseline,9018,DMM,regulatory,0.1,50,1.0,0.007200000000000003,0.030000000000000013,0.1269120641305433,0.12532806413054332,0.0015839999999999743,ISF>DBL>DMM,ISF>DBL>DMM,True
P14,regulatory_baseline,9018,ISF,regulatory,0.1,50,1.0,0.007200000000000003,0.030000000000000013,0.15725061173126328,0.15581061173126332,0.001439999999999969,ISF>DBL>DMM,ISF>DBL>DMM,True
P14,regulatory_baseline,9019,DBL,regulatory,0.1,50,1.0,0.005920000000000001,0.022000000000000006,0.14153169309505106,0.14034769309505102,0.0011840000000000461,ISF>DBL>DMM,ISF>DBL>DMM,True
P14,regulatory_baseline,9019,DMM,regulatory,0.1,50,1.0,0.005920000000000001,0.022000000000000006,0.1217117938815625,0.12040939388156251,0.0013023999999999952,ISF>DBL>DMM,ISF>DBL>DMM,True
P14,regulatory_baseline,9019,ISF,regulatory,0.1,50,1.0,0.005920000000000001,0.022000000000000006,0.1528305479479244,0.1516465479479244,0.0011839999999999906,ISF>DBL>DMM,ISF>DBL>DMM,True
P14,regulatory_baseline,9020,DBL,regulatory,0.1,50,1.0,0.005840000000000001,0.04200000000000004,0.14624643332679077,0.1450784333267908,0.0011679999999999746,ISF>DBL>DMM,ISF>DBL>DMM,True
P14,regulatory_baseline,9020,DMM,regulatory,0.1,50,1.0,0.005840000000000001,0.04200000000000004,0.12563762210073656,0.12435282210073656,0.0012848000000000026,ISF>DBL>DMM,ISF>DBL>DMM,True
P14,regulatory_baseline,9020,ISF,regulatory,0.1,50,1.0,0.005840000000000001,0.04200000000000004,0.15625174504290723,0.15508374504290726,0.0011679999999999746,ISF>DBL>DMM,ISF>DBL>DMM,True
P14,regulatory_baseline,9021,DBL,regulatory,0.1,50,1.0,0.0072800000000000035,0.03200000000000002,0.14399020757026026,0.14253420757026025,0.0014560000000000128,ISF>DBL>DMM,ISF>DBL>DMM,True
P14,regulatory_baseline,9021,DMM,regulatory,0.1,50,1.0,0.0072800000000000035,0.03200000000000002,0.12389974664552923,0.12229814664552924,0.0016015999999999947,ISF>DBL>DMM,ISF>DBL>DMM,True
P14,regulatory_baseline,9021,ISF,regulatory,0.1,50,1.0,0.0072800000000000035,0.03200000000000002,0.15473407714666357,0.15327807714666355,0.0014560000000000128,ISF>DBL>DMM,ISF>DBL>DMM,True
P14,regulatory_baseline,9022,DBL,regulatory,0.1,50,1.0,0.006480000000000002,0.02600000000000001,0.14921539934559397,0.147919399345594,0.0012959999999999638,ISF>DBL>DMM,ISF>DBL>DMM,True
P14,regulatory_baseline,9022,DMM,regulatory,0.1,50,1.0,0.006480000000000002,0.02600000000000001,0.128476491594322,0.12705089159432204,0.0014255999999999713,ISF>DBL>DMM,ISF>DBL>DMM,True
P14,regulatory_baseline,9022,ISF,regulatory,0.1,50,1.0,0.006480000000000002,0.02600000000000001,0.15870535913570852,0.15740935913570853,0.0012959999999999916,ISF>DBL>DMM,ISF>DBL>DMM,True
P14,regulatory_baseline,9023,DBL,regulatory,0.1,50,1.0,0.0048800000000000015,0.03800000000000003,0.14139122041308716,0.14041522041308718,0.0009759999999999769,ISF>DBL>DMM,ISF>DBL>DMM,True
P14,regulatory_baseline,9023,DMM,regulatory,0.1,50,1.0,0.0048800000000000015,0.03800000000000003,0.12166884178832983,0.12059524178832984,0.001073599999999994,ISF>DBL>DMM,ISF>DBL>DMM,True
P14,regulatory_baseline,9023,ISF,regulatory,0.1,50,1.0,0.0048800000000000015,0.03800000000000003,0.1527310472376337,0.1517550472376337,0.0009760000000000046,ISF>DBL>DMM,ISF>DBL>DMM,True
P14,regulatory_baseline,9024,DBL,regulatory,0.1,50,1.0,0.005800000000000003,0.02800000000000006,0.146572935328111,0.145412935328111,0.0011599999999999944,ISF>DBL>DMM,ISF>DBL>DMM,True
P14,regulatory_baseline,9024,DMM,regulatory,0.1,50,1.0,0.005800000000000003,0.02800000000000006,0.12653749296511244,0.1252614929651124,0.0012760000000000271,ISF>DBL>DMM,ISF>DBL>DMM,True
P14,regulatory_baseline,9024,ISF,regulatory,0.1,50,1.0,0.005800000000000003,0.02800000000000006,0.1569890489861757,0.15582904898617567,0.0011600000000000221,ISF>DBL>DMM,ISF>DBL>DMM,True
P14,regulatory_baseline,9025,DBL,regulatory,0.1,50,1.0,0.004920000000000002,0.022000000000000013,0.14372612747586802,0.142742127475868,0.0009840000000000126,ISF>DBL>DMM,ISF>DBL>DMM,True
P14,regulatory_baseline,9025,DMM,regulatory,0.1,50,1.0,0.004920000000000002,0.022000000000000013,0.12388986812887398,0.12280746812887398,0.0010823999999999973,ISF>DBL>DMM,ISF>DBL>DMM,True
P14,regulatory_baseline,9025,ISF,regulatory,0.1,50,1.0,0.004920000000000002,0.022000000000000013,0.15464120665299944,0.15365720665299942,0.0009840000000000126,ISF>DBL>DMM,ISF>DBL>DMM,True
P14,regulatory_baseline,9026,DBL,regulatory,0.1,50,1.0,0.005954479260179014,0.09972396300895064,0.1448884738881751,0.14369757803613928,0.0011908958520358282,ISF>DBL>DMM,ISF>DBL>DMM,True
P14,regulatory_baseline,9026,DMM,regulatory,0.1,50,1.0,0.005954479260179014,0.09972396300895064,0.12471008087006327,0.12340009543282388,0.001309985437239397,ISF>DBL>DMM,ISF>DBL>DMM,True
P14,regulatory_baseline,9026,ISF,regulatory,0.1,50,1.0,0.005954479260179014,0.09972396300895064,0.1554445422562379,0.15425364640420208,0.0011908958520358282,ISF>DBL>DMM,ISF>DBL>DMM,True
P14,regulatory_baseline,9027,DBL,regulatory,0.1,50,1.0,0.005520000000000001,0.024000000000000014,0.14475354048005304,0.14364954048005305,0.0011039999999999939,ISF>DBL>DMM,ISF>DBL>DMM,True
P14,regulatory_baseline,9027,DMM,regulatory,0.1,50,1.0,0.005520000000000001,0.024000000000000014,0.12460692738433124,0.12339252738433125,0.0012143999999999905,ISF>DBL>DMM,ISF>DBL>DMM,True
P14,regulatory_baseline,9027,ISF,regulatory,0.1,50,1.0,0.005520000000000001,0.024000000000000014,0.15532680121607834,0.15422280121607834,0.0011039999999999939,ISF>DBL>DMM,ISF>DBL>DMM,True
P14,regulatory_baseline,9028,DBL,regulatory,0.1,50,1.0,0.006040000000000005,0.04000000000000005,0.14338763416362116,0.14217963416362117,0.0012079999999999869,ISF>DBL>DMM,ISF>DBL>DMM,True
P14,regulatory_baseline,9028,DMM,regulatory,0.1,50,1.0,0.006040000000000005,0.04000000000000005,0.12363357873823398,0.12230477873823398,0.001328800000000005,ISF>DBL>DMM,ISF>DBL>DMM,True
P14,regulatory_baseline,9028,ISF,regulatory,0.1,50,1.0,0.006040000000000005,0.04000000000000005,0.15447416228647665,0.15326616228647663,0.0012080000000000146,ISF>DBL>DMM,ISF>DBL>DMM,True
P14,regulatory_baseline,9029,DBL,regulatory,0.1,50,1.0,0.004240000000000001,0.01800000000000001,0.14180258551412891,0.14095458551412895,0.0008479999999999599,ISF>DBL>DMM,ISF>DBL>DMM,True
P14,regulatory_baseline,9029,DMM,regulatory,0.1,50,1.0,0.004240000000000001,0.01800000000000001,0.122152395079535,0.12121959507953499,0.0009328000000000114,ISF>DBL>DMM,ISF>DBL>DMM,True
P14,regulatory_baseline,9029,ISF,regulatory,0.1,50,1.0,0.004240000000000001,0.01800000000000001,0.15318123494404126,0.15233323494404127,0.0008479999999999877,ISF>DBL>DMM,ISF>DBL>DMM,True
P14,regulatory_plus_50,9000,DBL,regulatory,0.15,50,1.0,0.00524,0.03400000000000002,0.14234534782289499,0.141297347822895,0.0010479999999999934,ISF>DBL>DMM,ISF>DBL>DMM,True
P14,regulatory_plus_50,9000,DMM,regulatory,0.15,50,1.0,0.00524,0.03400000000000002,0.12226369998563208,0.12111089998563206,0.0011528000000000233,ISF>DBL>DMM,ISF>DBL>DMM,True
P14,regulatory_plus_50,9000,ISF,regulatory,0.15,50,1.0,0.00524,0.03400000000000002,0.15330528005480476,0.15225728005480474,0.0010480000000000211,ISF>DBL>DMM,ISF>DBL>DMM,True
P14,regulatory_plus_50,9001,DBL,regulatory,0.15,50,1.0,0.0071808971097548965,0.0970448554877448,0.1453147787158181,0.14387859929386715,0.001436179421950956,ISF>DBL>DMM,ISF>DBL>DMM,True
P14,regulatory_plus_50,9001,DMM,regulatory,0.15,50,1.0,0.0071808971097548965,0.0970448554877448,0.12494136660060948,0.1233615692364634,0.0015797973641460822,ISF>DBL>DMM,ISF>DBL>DMM,True
P14,regulatory_plus_50,9001,ISF,regulatory,0.15,50,1.0,0.0071808971097548965,0.0970448554877448,0.1556327535290876,0.15419657410713664,0.001436179421950956,ISF>DBL>DMM,ISF>DBL>DMM,True
P14,regulatory_plus_50,9002,DBL,regulatory,0.15,50,1.0,0.006680000000000002,0.024000000000000014,0.14431721187496943,0.14298121187496943,0.0013360000000000039,ISF>DBL>DMM,ISF>DBL>DMM,True
P14,regulatory_plus_50,9002,DMM,regulatory,0.15,50,1.0,0.006680000000000002,0.024000000000000014,0.12417973416622269,0.12271013416622267,0.0014696000000000153,ISF>DBL>DMM,ISF>DBL>DMM,True
P14,regulatory_plus_50,9002,ISF,regulatory,0.15,50,1.0,0.006680000000000002,0.024000000000000014,0.15497927599919642,0.15364327599919642,0.0013360000000000039,ISF>DBL>DMM,ISF>DBL>DMM,True
P14,regulatory_plus_50,9003,DBL,regulatory,0.15,50,1.0,0.0065547929238896005,0.048345530628058984,0.15320568965725426,0.15189473107247634,0.0013109585847779215,ISF>DBL>DMM,ISF>DBL>DMM,True
P14,regulatory_plus_50,9003,DMM,regulatory,0.15,50,1.0,0.0065547929238896005,0.048345530628058984,0.1324652451867341,0.1310231907434784,0.001442054443255708,ISF>DBL>DMM,ISF>DBL>DMM,True
P14,regulatory_plus_50,9003,ISF,regulatory,0.15,50,1.0,0.0065547929238896005,0.048345530628058984,0.1621968216202695,0.16088586303549157,0.0013109585847779215,ISF>DBL>DMM,ISF>DBL>DMM,True
P14,regulatory_plus_50,9004,DBL,regulatory,0.15,50,1.0,0.0052000000000000015,0.016000000000000014,0.1423518286012461,0.1413118286012461,0.0010399999999999854,ISF>DBL>DMM,ISF>DBL>DMM,True
P14,regulatory_plus_50,9004,DMM,regulatory,0.15,50,1.0,0.0052000000000000015,0.016000000000000014,0.12242524187277783,0.12128124187277782,0.0011440000000000061,ISF>DBL>DMM,ISF>DBL>DMM,True
P14,regulatory_plus_50,9004,ISF,regulatory,0.15,50,1.0,0.0052000000000000015,0.016000000000000014,0.15340904186555918,0.15236904186555916,0.0010400000000000131,ISF>DBL>DMM,ISF>DBL>DMM,True
P14,regulatory_plus_50,9005,DBL,regulatory,0.15,50,1.0,0.005560000000000002,0.03600000000000002,0.14388253434215809,0.14277053434215808,0.0011120000000000019,ISF>DBL>DMM,ISF>DBL>DMM,True
P14,regulatory_plus_50,9005,DMM,regulatory,0.15,50,1.0,0.005560000000000002,0.03600000000000002,0.12402765190657422,0.12280445190657421,0.0012232000000000076,ISF>DBL>DMM,ISF>DBL>DMM,True
P14,regulatory_plus_50,9005,ISF,regulatory,0.15,50,1.0,0.005560000000000002,0.03600000000000002,0.15484226157954223,0.15373026157954223,0.0011120000000000019,ISF>DBL>DMM,ISF>DBL>DMM,True
P14,regulatory_plus_50,9006,DBL,regulatory,0.15,50,1.0,0.0072000000000000015,0.056000000000000064,0.14832251326351667,0.14688251326351667,0.0014399999999999968,ISF>DBL>DMM,ISF>DBL>DMM,True
P14,regulatory_plus_50,9006,DMM,regulatory,0.15,50,1.0,0.0072000000000000015,0.056000000000000064,0.12779093609241615,0.12620693609241618,0.0015839999999999743,ISF>DBL>DMM,ISF>DBL>DMM,True
P14,regulatory_plus_50,9006,ISF,regulatory,0.15,50,1.0,0.0072000000000000015,0.056000000000000064,0.1580778145890152,0.15663781458901518,0.0014400000000000246,ISF>DBL>DMM,ISF>DBL>DMM,True
P14,regulatory_plus_50,9007,DBL,regulatory,0.15,50,1.0,0.006080000000000002,0.01800000000000001,0.14513374264002427,0.14391774264002427,0.0012159999999999949,ISF>DBL>DMM,ISF>DBL>DMM,True
P14,regulatory_plus_50,9007,DMM,regulatory,0.15,50,1.0,0.006080000000000002,0.01800000000000001,0.12474408274126102,0.12340648274126101,0.0013376000000000082,ISF>DBL>DMM,ISF>DBL>DMM,True
P14,regulatory_plus_50,9007,ISF,regulatory,0.15,50,1.0,0.006080000000000002,0.01800000000000001,0.15548297785313175,0.15426697785313176,0.0012159999999999949,ISF>DBL>DMM,ISF>DBL>DMM,True
P14,regulatory_plus_50,9008,DBL,regulatory,0.15,50,1.0,0.004280000000000002,0.03600000000000002,0.14250437516961045,0.14164837516961049,0.0008559999999999679,ISF>DBL>DMM,ISF>DBL>DMM,True
P14,regulatory_plus_50,9008,DMM,regulatory,0.15,50,1.0,0.004280000000000002,0.03600000000000002,0.12278590753059218,0.12184430753059218,0.0009416000000000008,ISF>DBL>DMM,ISF>DBL>DMM,True
P14,regulatory_plus_50,9008,ISF,regulatory,0.15,50,1.0,0.004280000000000002,0.03600000000000002,0.15371435613824116,0.15285835613824117,0.0008559999999999957,ISF>DBL>DMM,ISF>DBL>DMM,True
P14,regulatory_plus_50,9009,DBL,regulatory,0.15,50,1.0,0.006080000000000002,0.03400000000000003,0.1461022251236326,0.14488622512363258,0.0012160000000000226,ISF>DBL>DMM,ISF>DBL>DMM,True
P14,regulatory_plus_50,9009,DMM,regulatory,0.15,50,1.0,0.006080000000000002,0.03400000000000003,0.12609583969722324,0.12475823969722322,0.001337600000000022,ISF>DBL>DMM,ISF>DBL>DMM,True
P14,regulatory_plus_50,9009,ISF,regulatory,0.15,50,1.0,0.006080000000000002,0.03400000000000003,0.15656034035138874,0.15534434035138875,0.0012159999999999949,ISF>DBL>DMM,ISF>DBL>DMM,True
P14,regulatory_plus_50,9010,DBL,regulatory,0.15,50,1.0,0.005880000000000003,0.026000000000000023,0.14417095279919923,0.14299495279919922,0.0011760000000000104,ISF>DBL>DMM,ISF>DBL>DMM,True
P14,regulatory_plus_50,9010,DMM,regulatory,0.15,50,1.0,0.005880000000000003,0.026000000000000023,0.1239657908110795,0.1226721908110795,0.0012936000000000059,ISF>DBL>DMM,ISF>DBL>DMM,True
P14,regulatory_plus_50,9010,ISF,regulatory,0.15,50,1.0,0.005880000000000003,0.026000000000000023,0.1548183480656701,0.15364234806567012,0.0011759999999999826,ISF>DBL>DMM,ISF>DBL>DMM,True
P14,regulatory_plus_50,9011,DBL,regulatory,0.15,50,1.0,0.006800000000000001,0.030000000000000027,0.1426198192306263,0.14125981923062633,0.0013599999999999723,ISF>DBL>DMM,ISF>DBL>DMM,True
P14,regulatory_plus_50,9011,DMM,regulatory,0.15,50,1.0,0.006800000000000001,0.030000000000000027,0.12257331534037641,0.12107731534037641,0.0014959999999999973,ISF>DBL>DMM,ISF>DBL>DMM,True
P14,regulatory_plus_50,9011,ISF,regulatory,0.15,50,1.0,0.006800000000000001,0.030000000000000027,0.1535787910005478,0.1522187910005478,0.00136,ISF>DBL>DMM,ISF>DBL>DMM,True
P14,regulatory_plus_50,9012,DBL,regulatory,0.15,50,1.0,0.005520000000000002,0.038000000000000034,0.1449131361044312,0.1438091361044312,0.0011040000000000216,ISF>DBL>DMM,ISF>DBL>DMM,True
P14,regulatory_plus_50,9012,DMM,regulatory,0.15,50,1.0,0.005520000000000002,0.038000000000000034,0.1246128345543485,0.12339843455434849,0.0012144000000000182,ISF>DBL>DMM,ISF>DBL>DMM,True
P14,regulatory_plus_50,9012,ISF,regulatory,0.15,50,1.0,0.005520000000000002,0.038000000000000034,0.1553449773802125,0.1542409773802125,0.0011039999999999939,ISF>DBL>DMM,ISF>DBL>DMM,True
P14,regulatory_plus_50,9013,DBL,regulatory,0.15,50,1.0,0.004640000000000001,0.020000000000000004,0.14959152211974874,0.14866352211974873,0.0009280000000000121,ISF>DBL>DMM,ISF>DBL>DMM,True
P14,regulatory_plus_50,9013,DMM,regulatory,0.15,50,1.0,0.004640000000000001,0.020000000000000004,0.12922560994858426,0.12820480994858424,0.0010208000000000161,ISF>DBL>DMM,ISF>DBL>DMM,True
P14,regulatory_plus_50,9013,ISF,regulatory,0.15,50,1.0,0.004640000000000001,0.020000000000000004,0.15928693137361766,0.15835893137361765,0.0009280000000000121,ISF>DBL>DMM,ISF>DBL>DMM,True
P14,regulatory_plus_50,9014,DBL,regulatory,0.15,50,1.0,0.0056000000000000025,0.024000000000000007,0.14391688995451582,0.14279688995451578,0.0011200000000000376,ISF>DBL>DMM,ISF>DBL>DMM,True
P14,regulatory_plus_50,9014,DMM,regulatory,0.15,50,1.0,0.0056000000000000025,0.024000000000000007,0.12377486398950945,0.12254286398950943,0.0012320000000000109,ISF>DBL>DMM,ISF>DBL>DMM,True
P14,regulatory_plus_50,9014,ISF,regulatory,0.15,50,1.0,0.0056000000000000025,0.024000000000000007,0.15461633035112857,0.15349633035112856,0.0011200000000000099,ISF>DBL>DMM,ISF>DBL>DMM,True
P14,regulatory_plus_50,9015,DBL,regulatory,0.15,50,1.0,0.00528,0.018000000000000002,0.14542876561783338,0.14437276561783338,0.0010560000000000014,ISF>DBL>DMM,ISF>DBL>DMM,True
P14,regulatory_plus_50,9015,DMM,regulatory,0.15,50,1.0,0.00528,0.018000000000000002,0.12528740164969038,0.12412580164969038,0.0011615999999999987,ISF>DBL>DMM,ISF>DBL>DMM,True
P14,regulatory_plus_50,9015,ISF,regulatory,0.15,50,1.0,0.00528,0.018000000000000002,0.15590121401179596,0.154845214011796,0.0010559999999999736,ISF>DBL>DMM,ISF>DBL>DMM,True
P14,regulatory_plus_50,9016,DBL,regulatory,0.15,50,1.0,0.005440000000000003,0.02600000000000001,0.14376747648679605,0.1426794764867961,0.0010879999999999501,ISF>DBL>DMM,ISF>DBL>DMM,True
P14,regulatory_plus_50,9016,DMM,regulatory,0.15,50,1.0,0.005440000000000003,0.02600000000000001,0.12358336296302765,0.12238656296302765,0.0011967999999999979,ISF>DBL>DMM,ISF>DBL>DMM,True
P14,regulatory_plus_50,9016,ISF,regulatory,0.15,50,1.0,0.005440000000000003,0.02600000000000001,0.15445302743498507,0.1533650274349851,0.0010879999999999779,ISF>DBL>DMM,ISF>DBL>DMM,True
P14,regulatory_plus_50,9017,DBL,regulatory,0.15,50,1.0,0.005960000000000002,0.03600000000000002,0.14448862338921242,0.14329662338921242,0.0011919999999999986,ISF>DBL>DMM,ISF>DBL>DMM,True
P14,regulatory_plus_50,9017,DMM,regulatory,0.15,50,1.0,0.005960000000000002,0.03600000000000002,0.1241512743856916,0.12284007438569161,0.0013111999999999846,ISF>DBL>DMM,ISF>DBL>DMM,True
P14,regulatory_plus_50,9017,ISF,regulatory,0.15,50,1.0,0.005960000000000002,0.03600000000000002,0.15495969840337318,0.15376769840337318,0.0011919999999999986,ISF>DBL>DMM,ISF>DBL>DMM,True
P14,regulatory_plus_50,9018,DBL,regulatory,0.15,50,1.0,0.007200000000000003,0.030000000000000013,0.14684011442261155,0.14540011442261155,0.0014399999999999968,ISF>DBL>DMM,ISF>DBL>DMM,True
P14,regulatory_plus_50,9018,DMM,regulatory,0.15,50,1.0,0.007200000000000003,0.030000000000000013,0.1269120641305433,0.12532806413054332,0.0015839999999999743,ISF>DBL>DMM,ISF>DBL>DMM,True
P14,regulatory_plus_50,9018,ISF,regulatory,0.15,50,1.0,0.007200000000000003,0.030000000000000013,0.15725061173126328,0.15581061173126332,0.001439999999999969,ISF>DBL>DMM,ISF>DBL>DMM,True
P14,regulatory_plus_50,9019,DBL,regulatory,0.15,50,1.0,0.005920000000000001,0.022000000000000006,0.14153169309505106,0.14034769309505102,0.0011840000000000461,ISF>DBL>DMM,ISF>DBL>DMM,True
P14,regulatory_plus_50,9019,DMM,regulatory,0.15,50,1.0,0.005920000000000001,0.022000000000000006,0.1217117938815625,0.12040939388156251,0.0013023999999999952,ISF>DBL>DMM,ISF>DBL>DMM,True
P14,regulatory_plus_50,9019,ISF,regulatory,0.15,50,1.0,0.005920000000000001,0.022000000000000006,0.1528305479479244,0.1516465479479244,0.0011839999999999906,ISF>DBL>DMM,ISF>DBL>DMM,True
P14,regulatory_plus_50,9020,DBL,regulatory,0.15,50,1.0,0.005840000000000001,0.04200000000000004,0.14624643332679077,0.1450784333267908,0.0011679999999999746,ISF>DBL>DMM,ISF>DBL>DMM,True
P14,regulatory_plus_50,9020,DMM,regulatory,0.15,50,1.0,0.005840000000000001,0.04200000000000004,0.12563762210073656,0.12435282210073656,0.0012848000000000026,ISF>DBL>DMM,ISF>DBL>DMM,True
P14,regulatory_plus_50,9020,ISF,regulatory,0.15,50,1.0,0.005840000000000001,0.04200000000000004,0.15625174504290723,0.15508374504290726,0.0011679999999999746,ISF>DBL>DMM,ISF>DBL>DMM,True
P14,regulatory_plus_50,9021,DBL,regulatory,0.15,50,1.0,0.0072800000000000035,0.03200000000000002,0.14399020757026026,0.14253420757026025,0.0014560000000000128,ISF>DBL>DMM,ISF>DBL>DMM,True
P14,regulatory_plus_50,9021,DMM,regulatory,0.15,50,1.0,0.0072800000000000035,0.03200000000000002,0.12389974664552923,0.12229814664552924,0.0016015999999999947,ISF>DBL>DMM,ISF>DBL>DMM,True
P14,regulatory_plus_50,9021,ISF,regulatory,0.15,50,1.0,0.0072800000000000035,0.03200000000000002,0.15473407714666357,0.15327807714666355,0.0014560000000000128,ISF>DBL>DMM,ISF>DBL>DMM,True
P14,regulatory_plus_50,9022,DBL,regulatory,0.15,50,1.0,0.006480000000000002,0.02600000000000001,0.14921539934559397,0.147919399345594,0.0012959999999999638,ISF>DBL>DMM,ISF>DBL>DMM,True
P14,regulatory_plus_50,9022,DMM,regulatory,0.15,50,1.0,0.006480000000000002,0.02600000000000001,0.128476491594322,0.12705089159432204,0.0014255999999999713,ISF>DBL>DMM,ISF>DBL>DMM,True
P14,regulatory_plus_50,9022,ISF,regulatory,0.15,50,1.0,0.006480000000000002,0.02600000000000001,0.15870535913570852,0.15740935913570853,0.0012959999999999916,ISF>DBL>DMM,ISF>DBL>DMM,True
P14,regulatory_plus_50,9023,DBL,regulatory,0.15,50,1.0,0.0048800000000000015,0.03800000000000003,0.14139122041308716,0.14041522041308718,0.0009759999999999769,ISF>DBL>DMM,ISF>DBL>DMM,True
P14,regulatory_plus_50,9023,DMM,regulatory,0.15,50,1.0,0.0048800000000000015,0.03800000000000003,0.12166884178832983,0.12059524178832984,0.001073599999999994,ISF>DBL>DMM,ISF>DBL>DMM,True
P14,regulatory_plus_50,9023,ISF,regulatory,0.15,50,1.0,0.0048800000000000015,0.03800000000000003,0.1527310472376337,0.1517550472376337,0.0009760000000000046,ISF>DBL>DMM,ISF>DBL>DMM,True
P14,regulatory_plus_50,9024,DBL,regulatory,0.15,50,1.0,0.005800000000000003,0.02800000000000006,0.146572935328111,0.145412935328111,0.0011599999999999944,ISF>DBL>DMM,ISF>DBL>DMM,True
P14,regulatory_plus_50,9024,DMM,regulatory,0.15,50,1.0,0.005800000000000003,0.02800000000000006,0.12653749296511244,0.1252614929651124,0.0012760000000000271,ISF>DBL>DMM,ISF>DBL>DMM,True
P14,regulatory_plus_50,9024,ISF,regulatory,0.15,50,1.0,0.005800000000000003,0.02800000000000006,0.1569890489861757,0.15582904898617567,0.0011600000000000221,ISF>DBL>DMM,ISF>DBL>DMM,True
P14,regulatory_plus_50,9025,DBL,regulatory,0.15,50,1.0,0.004920000000000002,0.022000000000000013,0.14372612747586802,0.142742127475868,0.0009840000000000126,ISF>DBL>DMM,ISF>DBL>DMM,True
P14,regulatory_plus_50,9025,DMM,regulatory,0.15,50,1.0,0.004920000000000002,0.022000000000000013,0.12388986812887398,0.12280746812887398,0.0010823999999999973,ISF>DBL>DMM,ISF>DBL>DMM,True
P14,regulatory_plus_50,9025,ISF,regulatory,0.15,50,1.0,0.004920000000000002,0.022000000000000013,0.15464120665299944,0.15365720665299942,0.0009840000000000126,ISF>DBL>DMM,ISF>DBL>DMM,True
P14,regulatory_plus_50,9026,DBL,regulatory,0.15,50,1.0,0.006354479260179014,0.11972396300895063,0.1448884738881751,0.1436175780361393,0.0012708958520357971,ISF>DBL>DMM,ISF>DBL>DMM,True
P14,regulatory_plus_50,9026,DMM,regulatory,0.15,50,1.0,0.006354479260179014,0.11972396300895063,0.12471008087006327,0.12331209543282391,0.0013979854372393602,ISF>DBL>DMM,ISF>DBL>DMM,True
P14,regulatory_plus_50,9026,ISF,regulatory,0.15,50,1.0,0.006354479260179014,0.11972396300895063,0.1554445422562379,0.15417364640420209,0.0012708958520358249,ISF>DBL>DMM,ISF>DBL>DMM,True
P14,regulatory_plus_50,9027,DBL,regulatory,0.15,50,1.0,0.005520000000000001,0.024000000000000014,0.14475354048005304,0.14364954048005305,0.0011039999999999939,ISF>DBL>DMM,ISF>DBL>DMM,True
P14,regulatory_plus_50,9027,DMM,regulatory,0.15,50,1.0,0.005520000000000001,0.024000000000000014,0.12460692738433124,0.12339252738433125,0.0012143999999999905,ISF>DBL>DMM,ISF>DBL>DMM,True
P14,regulatory_plus_50,9027,ISF,regulatory,0.15,50,1.0,0.005520000000000001,0.024000000000000014,0.15532680121607834,0.15422280121607834,0.0011039999999999939,ISF>DBL>DMM,ISF>DBL>DMM,True
P14,regulatory_plus_50,9028,DBL,regulatory,0.15,50,1.0,0.006040000000000005,0.04000000000000005,0.14338763416362116,0.14217963416362117,0.0012079999999999869,ISF>DBL>DMM,ISF>DBL>DMM,True
P14,regulatory_plus_50,9028,DMM,regulatory,0.15,50,1.0,0.006040000000000005,0.04000000000000005,0.12363357873823398,0.12230477873823398,0.001328800000000005,ISF>DBL>DMM,ISF>DBL>DMM,True
P14,regulatory_plus_50,9028,ISF,regulatory,0.15,50,1.0,0.006040000000000005,0.04000000000000005,0.15447416228647665,0.15326616228647663,0.0012080000000000146,ISF>DBL>DMM,ISF>DBL>DMM,True
P14,regulatory_plus_50,9029,DBL,regulatory,0.15,50,1.0,0.004240000000000001,0.01800000000000001,0.14180258551412891,0.14095458551412895,0.0008479999999999599,ISF>DBL>DMM,ISF>DBL>DMM,True
P14,regulatory_plus_50,9029,DMM,regulatory,0.15,50,1.0,0.004240000000000001,0.01800000000000001,0.122152395079535,0.12121959507953499,0.0009328000000000114,ISF>DBL>DMM,ISF>DBL>DMM,True
P14,regulatory_plus_50,9029,ISF,regulatory,0.15,50,1.0,0.004240000000000001,0.01800000000000001,0.15318123494404126,0.15233323494404127,0.0008479999999999877,ISF>DBL>DMM,ISF>DBL>DMM,True
