dimension,theoretical_mean,empirical_mean,standard_deviation_across_seeds,ci_lower,ci_upper,ci_width,absolute_mean_error,target_minimum,target_maximum,theoretical_within_target,empirical_within_target,ci_within_target,mean_error_acceptable,accepted,seed_count
D1,0.45,0.45066508730559696,0.008900292700364739,0.44734166339233744,0.45398851121885647,0.006646847826519031,0.0006650873055969453,0.4,0.5,True,True,True,True,True,30
D2,0.44999999999999996,0.45067441981588463,0.009900561686595135,0.4469774893247579,0.45437135030701137,0.007393860982253475,0.0006744198158846748,0.4,0.5,True,True,True,True,True,30
D3,0.45,0.44805667507314073,0.009018439980737019,0.44468913424034895,0.4514242159059325,0.006735081665583564,0.00194332492685928,0.4,0.5,True,True,True,True,True,30
D4,0.45000000000000007,0.4509443627823042,0.012321906007371014,0.4463432874625954,0.45554543810201303,0.00920215063941765,0.0009443627823041423,0.4,0.5,True,True,True,True,True,30
D5,0.45,0.45077621782827504,0.009508790529659882,0.44722557709135274,0.45432685856519733,0.0071012814738445895,0.0007762178282750276,0.4,0.5,True,True,True,True,True,30
SVC,0.45,0.4507366907250562,0.009898136214649121,0.4470406659200386,0.45443271553007375,0.007392049610035145,0.0007366907250561661,0.4,0.5,True,True,True,True,True,30
