dimension,theoretical_mean,empirical_mean,ci_lower,ci_upper,absolute_mean_error,target_minimum,target_maximum,accepted
D1,0.45,0.45066508730559696,0.44734166339233744,0.45398851121885647,0.0006650873055969453,0.4,0.5,True
D2,0.44999999999999996,0.45067441981588463,0.4469774893247579,0.45437135030701137,0.0006744198158846748,0.4,0.5,True
D3,0.45,0.44805667507314073,0.44468913424034895,0.4514242159059325,0.00194332492685928,0.4,0.5,True
D4,0.45000000000000007,0.4509443627823042,0.4463432874625954,0.45554543810201303,0.0009443627823041423,0.4,0.5,True
D5,0.45,0.45077621782827504,0.44722557709135274,0.45432685856519733,0.0007762178282750276,0.4,0.5,True
